-- MySQL dump 10.19  Distrib 10.3.34-MariaDB, for debian-linux-gnu (x86_64)
--
-- Host: localhost    Database: 
-- ------------------------------------------------------
-- Server version	10.3.34-MariaDB-0ubuntu0.20.04.1

/*!40101 SET @OLD_CHARACTER_SET_CLIENT=@@CHARACTER_SET_CLIENT */;
/*!40101 SET @OLD_CHARACTER_SET_RESULTS=@@CHARACTER_SET_RESULTS */;
/*!40101 SET @OLD_COLLATION_CONNECTION=@@COLLATION_CONNECTION */;
/*!40101 SET NAMES utf8mb4 */;
/*!40103 SET @OLD_TIME_ZONE=@@TIME_ZONE */;
/*!40103 SET TIME_ZONE='+00:00' */;
/*!40014 SET @OLD_UNIQUE_CHECKS=@@UNIQUE_CHECKS, UNIQUE_CHECKS=0 */;
/*!40014 SET @OLD_FOREIGN_KEY_CHECKS=@@FOREIGN_KEY_CHECKS, FOREIGN_KEY_CHECKS=0 */;
/*!40101 SET @OLD_SQL_MODE=@@SQL_MODE, SQL_MODE='NO_AUTO_VALUE_ON_ZERO' */;
/*!40111 SET @OLD_SQL_NOTES=@@SQL_NOTES, SQL_NOTES=0 */;

--
-- Current Database: `academico`
--

CREATE DATABASE /*!32312 IF NOT EXISTS*/ `academico` /*!40100 DEFAULT CHARACTER SET utf8mb4 */;

USE `academico`;

--
-- Table structure for table `academic_title`
--

DROP TABLE IF EXISTS `academic_title`;
/*!40101 SET @saved_cs_client     = @@character_set_client */;
/*!40101 SET character_set_client = utf8 */;
CREATE TABLE `academic_title` (
  `id` bigint(20) NOT NULL AUTO_INCREMENT,
  `degree_id` bigint(20) NOT NULL,
  `area_id` bigint(20) NOT NULL,
  `course` varchar(255) NOT NULL,
  `instituition` varchar(255) NOT NULL,
  `conclude_at` varchar(4) NOT NULL,
  `professor_id` bigint(20) NOT NULL,
  `created_at` datetime NOT NULL,
  `updated_at` datetime NOT NULL,
  `created_by` bigint(20) DEFAULT NULL,
  `updated_by` bigint(20) DEFAULT NULL,
  PRIMARY KEY (`id`),
  KEY `professor_id_idx` (`professor_id`),
  KEY `created_by_idx` (`created_by`),
  KEY `updated_by_idx` (`updated_by`),
  CONSTRAINT `academic_title_created_by_sf_guard_user_id` FOREIGN KEY (`created_by`) REFERENCES `sf_guard_user` (`id`) ON DELETE CASCADE,
  CONSTRAINT `academic_title_professor_id_professor_id` FOREIGN KEY (`professor_id`) REFERENCES `professor` (`id`) ON DELETE CASCADE,
  CONSTRAINT `academic_title_updated_by_sf_guard_user_id` FOREIGN KEY (`updated_by`) REFERENCES `sf_guard_user` (`id`) ON DELETE CASCADE
) ENGINE=InnoDB DEFAULT CHARSET=utf8mb4;
/*!40101 SET character_set_client = @saved_cs_client */;

--
-- Dumping data for table `academic_title`
--

LOCK TABLES `academic_title` WRITE;
/*!40000 ALTER TABLE `academic_title` DISABLE KEYS */;
/*!40000 ALTER TABLE `academic_title` ENABLE KEYS */;
UNLOCK TABLES;

--
-- Table structure for table `address`
--

DROP TABLE IF EXISTS `address`;
/*!40101 SET @saved_cs_client     = @@character_set_client */;
/*!40101 SET character_set_client = utf8 */;
CREATE TABLE `address` (
  `id` bigint(20) NOT NULL AUTO_INCREMENT,
  `country_id` bigint(20) NOT NULL,
  `state_id` bigint(20) NOT NULL,
  `city_id` bigint(20) NOT NULL,
  `district` varchar(255) NOT NULL,
  `street` varchar(255) NOT NULL,
  `complement` varchar(255) DEFAULT NULL,
  `cep` varchar(255) NOT NULL,
  `student_id` bigint(20) DEFAULT NULL,
  `professor_id` bigint(20) DEFAULT NULL,
  `created_at` datetime NOT NULL,
  `updated_at` datetime NOT NULL,
  `created_by` bigint(20) DEFAULT NULL,
  `updated_by` bigint(20) DEFAULT NULL,
  PRIMARY KEY (`id`),
  KEY `student_id_idx` (`student_id`),
  KEY `professor_id_idx` (`professor_id`),
  KEY `country_id_idx` (`country_id`),
  KEY `city_id_idx` (`city_id`),
  KEY `state_id_idx` (`state_id`),
  KEY `created_by_idx` (`created_by`),
  KEY `updated_by_idx` (`updated_by`),
  CONSTRAINT `address_city_id_city_id` FOREIGN KEY (`city_id`) REFERENCES `city` (`id`),
  CONSTRAINT `address_country_id_country_id` FOREIGN KEY (`country_id`) REFERENCES `country` (`id`),
  CONSTRAINT `address_created_by_sf_guard_user_id` FOREIGN KEY (`created_by`) REFERENCES `sf_guard_user` (`id`) ON DELETE CASCADE,
  CONSTRAINT `address_professor_id_professor_id` FOREIGN KEY (`professor_id`) REFERENCES `professor` (`id`) ON DELETE CASCADE,
  CONSTRAINT `address_state_id_state_id` FOREIGN KEY (`state_id`) REFERENCES `state` (`id`),
  CONSTRAINT `address_student_id_student_id` FOREIGN KEY (`student_id`) REFERENCES `student` (`id`) ON DELETE CASCADE,
  CONSTRAINT `address_updated_by_sf_guard_user_id` FOREIGN KEY (`updated_by`) REFERENCES `sf_guard_user` (`id`) ON DELETE CASCADE
) ENGINE=InnoDB DEFAULT CHARSET=utf8mb4;
/*!40101 SET character_set_client = @saved_cs_client */;

--
-- Dumping data for table `address`
--

LOCK TABLES `address` WRITE;
/*!40000 ALTER TABLE `address` DISABLE KEYS */;
/*!40000 ALTER TABLE `address` ENABLE KEYS */;
UNLOCK TABLES;

--
-- Table structure for table `campus`
--

DROP TABLE IF EXISTS `campus`;
/*!40101 SET @saved_cs_client     = @@character_set_client */;
/*!40101 SET character_set_client = utf8 */;
CREATE TABLE `campus` (
  `id` bigint(20) NOT NULL AUTO_INCREMENT,
  `name` varchar(255) NOT NULL,
  `state_id` bigint(20) NOT NULL DEFAULT 22,
  `city_id` bigint(20) NOT NULL,
  `address` text NOT NULL,
  `is_active` tinyint(1) NOT NULL DEFAULT 1,
  `created_at` datetime NOT NULL,
  `updated_at` datetime NOT NULL,
  `created_by` bigint(20) DEFAULT NULL,
  `updated_by` bigint(20) DEFAULT NULL,
  PRIMARY KEY (`id`),
  UNIQUE KEY `name` (`name`),
  KEY `city_id_idx` (`city_id`),
  KEY `state_id_idx` (`state_id`),
  KEY `created_by_idx` (`created_by`),
  KEY `updated_by_idx` (`updated_by`),
  CONSTRAINT `campus_city_id_city_id` FOREIGN KEY (`city_id`) REFERENCES `city` (`id`),
  CONSTRAINT `campus_created_by_sf_guard_user_id` FOREIGN KEY (`created_by`) REFERENCES `sf_guard_user` (`id`) ON DELETE CASCADE,
  CONSTRAINT `campus_state_id_state_id` FOREIGN KEY (`state_id`) REFERENCES `state` (`id`),
  CONSTRAINT `campus_updated_by_sf_guard_user_id` FOREIGN KEY (`updated_by`) REFERENCES `sf_guard_user` (`id`) ON DELETE CASCADE
) ENGINE=InnoDB DEFAULT CHARSET=utf8mb4;
/*!40101 SET character_set_client = @saved_cs_client */;

--
-- Dumping data for table `campus`
--

LOCK TABLES `campus` WRITE;
/*!40000 ALTER TABLE `campus` DISABLE KEYS */;
/*!40000 ALTER TABLE `campus` ENABLE KEYS */;
UNLOCK TABLES;

--
-- Table structure for table `city`
--

DROP TABLE IF EXISTS `city`;
/*!40101 SET @saved_cs_client     = @@character_set_client */;
/*!40101 SET character_set_client = utf8 */;
CREATE TABLE `city` (
  `id` bigint(20) NOT NULL AUTO_INCREMENT,
  `name` varchar(255) NOT NULL,
  `state_id` bigint(20) NOT NULL,
  PRIMARY KEY (`id`),
  KEY `state_id_idx` (`state_id`),
  CONSTRAINT `city_state_id_state_id` FOREIGN KEY (`state_id`) REFERENCES `state` (`id`)
) ENGINE=InnoDB DEFAULT CHARSET=utf8mb4;
/*!40101 SET character_set_client = @saved_cs_client */;

--
-- Dumping data for table `city`
--

LOCK TABLES `city` WRITE;
/*!40000 ALTER TABLE `city` DISABLE KEYS */;
/*!40000 ALTER TABLE `city` ENABLE KEYS */;
UNLOCK TABLES;

--
-- Table structure for table `competition_criteria`
--

DROP TABLE IF EXISTS `competition_criteria`;
/*!40101 SET @saved_cs_client     = @@character_set_client */;
/*!40101 SET character_set_client = utf8 */;
CREATE TABLE `competition_criteria` (
  `id` bigint(20) NOT NULL AUTO_INCREMENT,
  `description` varchar(255) NOT NULL,
  `code` varchar(20) NOT NULL,
  `value` float(6,2) NOT NULL,
  `created_at` datetime NOT NULL,
  `updated_at` datetime NOT NULL,
  `created_by` bigint(20) DEFAULT NULL,
  `updated_by` bigint(20) DEFAULT NULL,
  PRIMARY KEY (`id`),
  UNIQUE KEY `description` (`description`),
  UNIQUE KEY `code` (`code`),
  KEY `created_by_idx` (`created_by`),
  KEY `updated_by_idx` (`updated_by`),
  CONSTRAINT `competition_criteria_created_by_sf_guard_user_id` FOREIGN KEY (`created_by`) REFERENCES `sf_guard_user` (`id`) ON DELETE CASCADE,
  CONSTRAINT `competition_criteria_updated_by_sf_guard_user_id` FOREIGN KEY (`updated_by`) REFERENCES `sf_guard_user` (`id`) ON DELETE CASCADE
) ENGINE=InnoDB DEFAULT CHARSET=utf8mb4;
/*!40101 SET character_set_client = @saved_cs_client */;

--
-- Dumping data for table `competition_criteria`
--

LOCK TABLES `competition_criteria` WRITE;
/*!40000 ALTER TABLE `competition_criteria` DISABLE KEYS */;
/*!40000 ALTER TABLE `competition_criteria` ENABLE KEYS */;
UNLOCK TABLES;

--
-- Table structure for table `contract_type`
--

DROP TABLE IF EXISTS `contract_type`;
/*!40101 SET @saved_cs_client     = @@character_set_client */;
/*!40101 SET character_set_client = utf8 */;
CREATE TABLE `contract_type` (
  `id` bigint(20) NOT NULL AUTO_INCREMENT,
  `description` varchar(255) NOT NULL,
  PRIMARY KEY (`id`)
) ENGINE=InnoDB DEFAULT CHARSET=utf8mb4;
/*!40101 SET character_set_client = @saved_cs_client */;

--
-- Dumping data for table `contract_type`
--

LOCK TABLES `contract_type` WRITE;
/*!40000 ALTER TABLE `contract_type` DISABLE KEYS */;
/*!40000 ALTER TABLE `contract_type` ENABLE KEYS */;
UNLOCK TABLES;

--
-- Table structure for table `cordinator`
--

DROP TABLE IF EXISTS `cordinator`;
/*!40101 SET @saved_cs_client     = @@character_set_client */;
/*!40101 SET character_set_client = utf8 */;
CREATE TABLE `cordinator` (
  `id` bigint(20) NOT NULL AUTO_INCREMENT,
  `course_id` bigint(20) NOT NULL,
  `professor_id` bigint(20) NOT NULL,
  PRIMARY KEY (`id`),
  UNIQUE KEY `unique_course_idx` (`course_id`),
  KEY `professor_id_idx` (`professor_id`),
  CONSTRAINT `cordinator_course_id_course_id` FOREIGN KEY (`course_id`) REFERENCES `course` (`id`),
  CONSTRAINT `cordinator_professor_id_professor_id` FOREIGN KEY (`professor_id`) REFERENCES `professor` (`id`) ON DELETE CASCADE
) ENGINE=InnoDB DEFAULT CHARSET=utf8mb4;
/*!40101 SET character_set_client = @saved_cs_client */;

--
-- Dumping data for table `cordinator`
--

LOCK TABLES `cordinator` WRITE;
/*!40000 ALTER TABLE `cordinator` DISABLE KEYS */;
/*!40000 ALTER TABLE `cordinator` ENABLE KEYS */;
UNLOCK TABLES;

--
-- Table structure for table `country`
--

DROP TABLE IF EXISTS `country`;
/*!40101 SET @saved_cs_client     = @@character_set_client */;
/*!40101 SET character_set_client = utf8 */;
CREATE TABLE `country` (
  `id` bigint(20) NOT NULL AUTO_INCREMENT,
  `acronym2` varchar(2) NOT NULL,
  `acronym3` varchar(3) NOT NULL,
  `code` varchar(244) NOT NULL,
  `name` varchar(255) NOT NULL,
  PRIMARY KEY (`id`)
) ENGINE=InnoDB DEFAULT CHARSET=utf8mb4;
/*!40101 SET character_set_client = @saved_cs_client */;

--
-- Dumping data for table `country`
--

LOCK TABLES `country` WRITE;
/*!40000 ALTER TABLE `country` DISABLE KEYS */;
/*!40000 ALTER TABLE `country` ENABLE KEYS */;
UNLOCK TABLES;

--
-- Table structure for table `course`
--

DROP TABLE IF EXISTS `course`;
/*!40101 SET @saved_cs_client     = @@character_set_client */;
/*!40101 SET character_set_client = utf8 */;
CREATE TABLE `course` (
  `id` bigint(20) NOT NULL AUTO_INCREMENT,
  `code` varchar(255) NOT NULL,
  `name` varchar(255) NOT NULL,
  `abb` varchar(10) NOT NULL,
  `department_id` bigint(20) NOT NULL,
  `coordinator_id` bigint(20) DEFAULT NULL,
  `semester_type_id` bigint(20) NOT NULL,
  `type_id` bigint(20) NOT NULL,
  `round_id` bigint(20) NOT NULL,
  `additional_hours` bigint(20) DEFAULT NULL,
  `recognization` text DEFAULT NULL,
  `auth` text NOT NULL,
  `historic_header` text NOT NULL,
  `is_active` tinyint(1) NOT NULL DEFAULT 1,
  `created_at` datetime NOT NULL,
  `updated_at` datetime NOT NULL,
  `created_by` bigint(20) DEFAULT NULL,
  `updated_by` bigint(20) DEFAULT NULL,
  PRIMARY KEY (`id`),
  UNIQUE KEY `code` (`code`),
  UNIQUE KEY `name` (`name`),
  UNIQUE KEY `abb` (`abb`),
  KEY `department_id_idx` (`department_id`),
  KEY `type_id_idx` (`type_id`),
  KEY `round_id_idx` (`round_id`),
  KEY `coordinator_id_idx` (`coordinator_id`),
  KEY `semester_type_id_idx` (`semester_type_id`),
  KEY `created_by_idx` (`created_by`),
  KEY `updated_by_idx` (`updated_by`),
  CONSTRAINT `course_coordinator_id_professor_id` FOREIGN KEY (`coordinator_id`) REFERENCES `professor` (`id`),
  CONSTRAINT `course_created_by_sf_guard_user_id` FOREIGN KEY (`created_by`) REFERENCES `sf_guard_user` (`id`) ON DELETE CASCADE,
  CONSTRAINT `course_department_id_department_id` FOREIGN KEY (`department_id`) REFERENCES `department` (`id`),
  CONSTRAINT `course_round_id_course_round_id` FOREIGN KEY (`round_id`) REFERENCES `course_round` (`id`),
  CONSTRAINT `course_semester_type_id_semester_type_id` FOREIGN KEY (`semester_type_id`) REFERENCES `semester_type` (`id`),
  CONSTRAINT `course_type_id_course_type_id` FOREIGN KEY (`type_id`) REFERENCES `course_type` (`id`),
  CONSTRAINT `course_updated_by_sf_guard_user_id` FOREIGN KEY (`updated_by`) REFERENCES `sf_guard_user` (`id`) ON DELETE CASCADE
) ENGINE=InnoDB DEFAULT CHARSET=utf8mb4;
/*!40101 SET character_set_client = @saved_cs_client */;

--
-- Dumping data for table `course`
--

LOCK TABLES `course` WRITE;
/*!40000 ALTER TABLE `course` DISABLE KEYS */;
/*!40000 ALTER TABLE `course` ENABLE KEYS */;
UNLOCK TABLES;

--
-- Table structure for table `course_round`
--

DROP TABLE IF EXISTS `course_round`;
/*!40101 SET @saved_cs_client     = @@character_set_client */;
/*!40101 SET character_set_client = utf8 */;
CREATE TABLE `course_round` (
  `id` bigint(20) NOT NULL AUTO_INCREMENT,
  `name` varchar(255) NOT NULL,
  PRIMARY KEY (`id`),
  UNIQUE KEY `name` (`name`)
) ENGINE=InnoDB DEFAULT CHARSET=utf8mb4;
/*!40101 SET character_set_client = @saved_cs_client */;

--
-- Dumping data for table `course_round`
--

LOCK TABLES `course_round` WRITE;
/*!40000 ALTER TABLE `course_round` DISABLE KEYS */;
/*!40000 ALTER TABLE `course_round` ENABLE KEYS */;
UNLOCK TABLES;

--
-- Table structure for table `course_type`
--

DROP TABLE IF EXISTS `course_type`;
/*!40101 SET @saved_cs_client     = @@character_set_client */;
/*!40101 SET character_set_client = utf8 */;
CREATE TABLE `course_type` (
  `id` bigint(20) NOT NULL AUTO_INCREMENT,
  `name` varchar(255) NOT NULL,
  PRIMARY KEY (`id`),
  UNIQUE KEY `name` (`name`)
) ENGINE=InnoDB DEFAULT CHARSET=utf8mb4;
/*!40101 SET character_set_client = @saved_cs_client */;

--
-- Dumping data for table `course_type`
--

LOCK TABLES `course_type` WRITE;
/*!40000 ALTER TABLE `course_type` DISABLE KEYS */;
/*!40000 ALTER TABLE `course_type` ENABLE KEYS */;
UNLOCK TABLES;

--
-- Table structure for table `curriculum_model`
--

DROP TABLE IF EXISTS `curriculum_model`;
/*!40101 SET @saved_cs_client     = @@character_set_client */;
/*!40101 SET character_set_client = utf8 */;
CREATE TABLE `curriculum_model` (
  `id` bigint(20) NOT NULL AUTO_INCREMENT,
  `name` varchar(255) NOT NULL,
  `course_id` bigint(20) NOT NULL,
  `hours` bigint(20) NOT NULL,
  `total_semesters` bigint(20) NOT NULL,
  `required_disciplines` bigint(20) NOT NULL DEFAULT 0,
  `optative_disciplines` bigint(20) NOT NULL DEFAULT 0,
  `elective_disciplines` bigint(20) NOT NULL DEFAULT 0,
  `minimum_period` varchar(255) DEFAULT NULL,
  `maximum_period` varchar(255) DEFAULT NULL,
  `active` tinyint(1) DEFAULT 1,
  `expire_at` datetime DEFAULT NULL,
  `created_at` datetime NOT NULL,
  `updated_at` datetime NOT NULL,
  `created_by` bigint(20) DEFAULT NULL,
  `updated_by` bigint(20) DEFAULT NULL,
  PRIMARY KEY (`id`),
  UNIQUE KEY `name` (`name`),
  KEY `course_id_idx` (`course_id`),
  KEY `created_by_idx` (`created_by`),
  KEY `updated_by_idx` (`updated_by`),
  CONSTRAINT `curriculum_model_course_id_course_id` FOREIGN KEY (`course_id`) REFERENCES `course` (`id`),
  CONSTRAINT `curriculum_model_created_by_sf_guard_user_id` FOREIGN KEY (`created_by`) REFERENCES `sf_guard_user` (`id`) ON DELETE CASCADE,
  CONSTRAINT `curriculum_model_updated_by_sf_guard_user_id` FOREIGN KEY (`updated_by`) REFERENCES `sf_guard_user` (`id`) ON DELETE CASCADE
) ENGINE=InnoDB DEFAULT CHARSET=utf8mb4;
/*!40101 SET character_set_client = @saved_cs_client */;

--
-- Dumping data for table `curriculum_model`
--

LOCK TABLES `curriculum_model` WRITE;
/*!40000 ALTER TABLE `curriculum_model` DISABLE KEYS */;
/*!40000 ALTER TABLE `curriculum_model` ENABLE KEYS */;
UNLOCK TABLES;

--
-- Table structure for table `curriculum_model_migration`
--

DROP TABLE IF EXISTS `curriculum_model_migration`;
/*!40101 SET @saved_cs_client     = @@character_set_client */;
/*!40101 SET character_set_client = utf8 */;
CREATE TABLE `curriculum_model_migration` (
  `id` bigint(20) NOT NULL AUTO_INCREMENT,
  `curriculum_origin` bigint(20) NOT NULL,
  `curriculum_destination` bigint(20) NOT NULL,
  `created_at` datetime NOT NULL,
  `updated_at` datetime NOT NULL,
  `created_by` bigint(20) DEFAULT NULL,
  `updated_by` bigint(20) DEFAULT NULL,
  PRIMARY KEY (`id`),
  KEY `curriculum_origin_idx` (`curriculum_origin`),
  KEY `created_by_idx` (`created_by`),
  KEY `updated_by_idx` (`updated_by`),
  CONSTRAINT `curriculum_model_migration_created_by_sf_guard_user_id` FOREIGN KEY (`created_by`) REFERENCES `sf_guard_user` (`id`) ON DELETE CASCADE,
  CONSTRAINT `curriculum_model_migration_curriculum_origin_curriculum_model_id` FOREIGN KEY (`curriculum_origin`) REFERENCES `curriculum_model` (`id`) ON DELETE CASCADE,
  CONSTRAINT `curriculum_model_migration_updated_by_sf_guard_user_id` FOREIGN KEY (`updated_by`) REFERENCES `sf_guard_user` (`id`) ON DELETE CASCADE
) ENGINE=InnoDB DEFAULT CHARSET=utf8mb4;
/*!40101 SET character_set_client = @saved_cs_client */;

--
-- Dumping data for table `curriculum_model_migration`
--

LOCK TABLES `curriculum_model_migration` WRITE;
/*!40000 ALTER TABLE `curriculum_model_migration` DISABLE KEYS */;
/*!40000 ALTER TABLE `curriculum_model_migration` ENABLE KEYS */;
UNLOCK TABLES;

--
-- Table structure for table `declaration_validator`
--

DROP TABLE IF EXISTS `declaration_validator`;
/*!40101 SET @saved_cs_client     = @@character_set_client */;
/*!40101 SET character_set_client = utf8 */;
CREATE TABLE `declaration_validator` (
  `id` bigint(20) NOT NULL AUTO_INCREMENT,
  `user_id` bigint(20) NOT NULL,
  `type` bigint(20) NOT NULL,
  `code` text NOT NULL,
  `offer_class_id` bigint(20) DEFAULT NULL,
  PRIMARY KEY (`id`),
  KEY `user_id_idx` (`user_id`),
  CONSTRAINT `declaration_validator_user_id_sf_guard_user_id` FOREIGN KEY (`user_id`) REFERENCES `sf_guard_user` (`id`)
) ENGINE=InnoDB DEFAULT CHARSET=utf8mb4;
/*!40101 SET character_set_client = @saved_cs_client */;

--
-- Dumping data for table `declaration_validator`
--

LOCK TABLES `declaration_validator` WRITE;
/*!40000 ALTER TABLE `declaration_validator` DISABLE KEYS */;
/*!40000 ALTER TABLE `declaration_validator` ENABLE KEYS */;
UNLOCK TABLES;

--
-- Table structure for table `degree`
--

DROP TABLE IF EXISTS `degree`;
/*!40101 SET @saved_cs_client     = @@character_set_client */;
/*!40101 SET character_set_client = utf8 */;
CREATE TABLE `degree` (
  `id` bigint(20) NOT NULL AUTO_INCREMENT,
  `matriculation_id` bigint(20) NOT NULL,
  `dt_delivery` date NOT NULL,
  `dt_delivery_history` date NOT NULL,
  `dt_enade` date NOT NULL,
  `dt_registry` date NOT NULL,
  `n_registry` bigint(20) NOT NULL,
  `n_process` bigint(20) NOT NULL,
  `book` bigint(20) NOT NULL,
  `page` bigint(20) NOT NULL,
  `obs` varchar(255) DEFAULT NULL,
  `created_at` datetime NOT NULL,
  `updated_at` datetime NOT NULL,
  `created_by` bigint(20) DEFAULT NULL,
  `updated_by` bigint(20) DEFAULT NULL,
  PRIMARY KEY (`id`),
  UNIQUE KEY `matriculation_id` (`matriculation_id`),
  KEY `matriculation_id_idx` (`matriculation_id`),
  KEY `created_by_idx` (`created_by`),
  KEY `updated_by_idx` (`updated_by`),
  CONSTRAINT `degree_created_by_sf_guard_user_id` FOREIGN KEY (`created_by`) REFERENCES `sf_guard_user` (`id`) ON DELETE CASCADE,
  CONSTRAINT `degree_matriculation_id_matriculation_id` FOREIGN KEY (`matriculation_id`) REFERENCES `matriculation` (`id`),
  CONSTRAINT `degree_updated_by_sf_guard_user_id` FOREIGN KEY (`updated_by`) REFERENCES `sf_guard_user` (`id`) ON DELETE CASCADE
) ENGINE=InnoDB DEFAULT CHARSET=utf8mb4;
/*!40101 SET character_set_client = @saved_cs_client */;

--
-- Dumping data for table `degree`
--

LOCK TABLES `degree` WRITE;
/*!40000 ALTER TABLE `degree` DISABLE KEYS */;
/*!40000 ALTER TABLE `degree` ENABLE KEYS */;
UNLOCK TABLES;

--
-- Table structure for table `department`
--

DROP TABLE IF EXISTS `department`;
/*!40101 SET @saved_cs_client     = @@character_set_client */;
/*!40101 SET character_set_client = utf8 */;
CREATE TABLE `department` (
  `id` bigint(20) NOT NULL AUTO_INCREMENT,
  `name` varchar(255) NOT NULL,
  `sponsor_id` bigint(20) DEFAULT NULL,
  `email` varchar(128) NOT NULL,
  `phone` varchar(255) DEFAULT NULL,
  `created_at` datetime NOT NULL,
  `updated_at` datetime NOT NULL,
  `created_by` bigint(20) DEFAULT NULL,
  `updated_by` bigint(20) DEFAULT NULL,
  PRIMARY KEY (`id`),
  UNIQUE KEY `name` (`name`),
  UNIQUE KEY `email` (`email`),
  KEY `sponsor_id_idx` (`sponsor_id`),
  KEY `created_by_idx` (`created_by`),
  KEY `updated_by_idx` (`updated_by`),
  CONSTRAINT `department_created_by_sf_guard_user_id` FOREIGN KEY (`created_by`) REFERENCES `sf_guard_user` (`id`) ON DELETE CASCADE,
  CONSTRAINT `department_sponsor_id_professor_id` FOREIGN KEY (`sponsor_id`) REFERENCES `professor` (`id`),
  CONSTRAINT `department_updated_by_sf_guard_user_id` FOREIGN KEY (`updated_by`) REFERENCES `sf_guard_user` (`id`) ON DELETE CASCADE
) ENGINE=InnoDB DEFAULT CHARSET=utf8mb4;
/*!40101 SET character_set_client = @saved_cs_client */;

--
-- Dumping data for table `department`
--

LOCK TABLES `department` WRITE;
/*!40000 ALTER TABLE `department` DISABLE KEYS */;
/*!40000 ALTER TABLE `department` ENABLE KEYS */;
UNLOCK TABLES;

--
-- Table structure for table `discipline`
--

DROP TABLE IF EXISTS `discipline`;
/*!40101 SET @saved_cs_client     = @@character_set_client */;
/*!40101 SET character_set_client = utf8 */;
CREATE TABLE `discipline` (
  `id` bigint(20) NOT NULL AUTO_INCREMENT,
  `name` varchar(255) NOT NULL,
  `code` varchar(50) NOT NULL,
  `department_id` bigint(20) NOT NULL,
  `curriculum` text DEFAULT NULL,
  `hours` bigint(20) NOT NULL,
  `created_at` datetime NOT NULL,
  `updated_at` datetime NOT NULL,
  `created_by` bigint(20) DEFAULT NULL,
  `updated_by` bigint(20) DEFAULT NULL,
  PRIMARY KEY (`id`),
  UNIQUE KEY `code` (`code`),
  KEY `department_id_idx` (`department_id`),
  KEY `created_by_idx` (`created_by`),
  KEY `updated_by_idx` (`updated_by`),
  CONSTRAINT `discipline_created_by_sf_guard_user_id` FOREIGN KEY (`created_by`) REFERENCES `sf_guard_user` (`id`) ON DELETE CASCADE,
  CONSTRAINT `discipline_department_id_department_id` FOREIGN KEY (`department_id`) REFERENCES `department` (`id`),
  CONSTRAINT `discipline_updated_by_sf_guard_user_id` FOREIGN KEY (`updated_by`) REFERENCES `sf_guard_user` (`id`) ON DELETE CASCADE
) ENGINE=InnoDB DEFAULT CHARSET=utf8mb4;
/*!40101 SET character_set_client = @saved_cs_client */;

--
-- Dumping data for table `discipline`
--

LOCK TABLES `discipline` WRITE;
/*!40000 ALTER TABLE `discipline` DISABLE KEYS */;
/*!40000 ALTER TABLE `discipline` ENABLE KEYS */;
UNLOCK TABLES;

--
-- Table structure for table `discipline_curriculum_model`
--

DROP TABLE IF EXISTS `discipline_curriculum_model`;
/*!40101 SET @saved_cs_client     = @@character_set_client */;
/*!40101 SET character_set_client = utf8 */;
CREATE TABLE `discipline_curriculum_model` (
  `id` bigint(20) NOT NULL AUTO_INCREMENT,
  `curriculum_model_id` bigint(20) NOT NULL,
  `discipline_id` bigint(20) NOT NULL,
  `semester` bigint(20) NOT NULL,
  `type_id` bigint(20) NOT NULL,
  `created_at` datetime NOT NULL,
  `updated_at` datetime NOT NULL,
  `created_by` bigint(20) DEFAULT NULL,
  `updated_by` bigint(20) DEFAULT NULL,
  PRIMARY KEY (`id`),
  UNIQUE KEY `curriculum_discipline_idx` (`curriculum_model_id`,`discipline_id`),
  KEY `curriculum_model_id_idx` (`curriculum_model_id`),
  KEY `type_id_idx` (`type_id`),
  KEY `discipline_id_idx` (`discipline_id`),
  KEY `created_by_idx` (`created_by`),
  KEY `updated_by_idx` (`updated_by`),
  CONSTRAINT `dcci` FOREIGN KEY (`curriculum_model_id`) REFERENCES `curriculum_model` (`id`) ON DELETE CASCADE,
  CONSTRAINT `discipline_curriculum_model_created_by_sf_guard_user_id` FOREIGN KEY (`created_by`) REFERENCES `sf_guard_user` (`id`) ON DELETE CASCADE,
  CONSTRAINT `discipline_curriculum_model_discipline_id_discipline_id` FOREIGN KEY (`discipline_id`) REFERENCES `discipline` (`id`),
  CONSTRAINT `discipline_curriculum_model_type_id_discipline_type_id` FOREIGN KEY (`type_id`) REFERENCES `discipline_type` (`id`),
  CONSTRAINT `discipline_curriculum_model_updated_by_sf_guard_user_id` FOREIGN KEY (`updated_by`) REFERENCES `sf_guard_user` (`id`) ON DELETE CASCADE
) ENGINE=InnoDB DEFAULT CHARSET=utf8mb4;
/*!40101 SET character_set_client = @saved_cs_client */;

--
-- Dumping data for table `discipline_curriculum_model`
--

LOCK TABLES `discipline_curriculum_model` WRITE;
/*!40000 ALTER TABLE `discipline_curriculum_model` DISABLE KEYS */;
/*!40000 ALTER TABLE `discipline_curriculum_model` ENABLE KEYS */;
UNLOCK TABLES;

--
-- Table structure for table `discipline_equal`
--

DROP TABLE IF EXISTS `discipline_equal`;
/*!40101 SET @saved_cs_client     = @@character_set_client */;
/*!40101 SET character_set_client = utf8 */;
CREATE TABLE `discipline_equal` (
  `id` bigint(20) NOT NULL AUTO_INCREMENT,
  `discipline_id` bigint(20) NOT NULL,
  `curriculum_model_origin_id` bigint(20) NOT NULL,
  `curriculum_model_equal_id` bigint(20) NOT NULL,
  `discipline_equal_id` bigint(20) NOT NULL,
  `created_at` datetime NOT NULL,
  `updated_at` datetime NOT NULL,
  `created_by` bigint(20) DEFAULT NULL,
  `updated_by` bigint(20) DEFAULT NULL,
  PRIMARY KEY (`id`),
  KEY `discipline_equal_id_idx` (`discipline_equal_id`),
  KEY `discipline_id_idx` (`discipline_id`),
  KEY `created_by_idx` (`created_by`),
  KEY `updated_by_idx` (`updated_by`),
  KEY `curriculum_model_origin_id_idx` (`curriculum_model_origin_id`),
  CONSTRAINT `dddd_1` FOREIGN KEY (`discipline_id`) REFERENCES `discipline_curriculum_model` (`discipline_id`),
  CONSTRAINT `discipline_equal_created_by_sf_guard_user_id` FOREIGN KEY (`created_by`) REFERENCES `sf_guard_user` (`id`) ON DELETE CASCADE,
  CONSTRAINT `discipline_equal_curriculum_model_origin_id_curriculum_model_id` FOREIGN KEY (`curriculum_model_origin_id`) REFERENCES `curriculum_model` (`id`),
  CONSTRAINT `discipline_equal_discipline_equal_id_discipline_id` FOREIGN KEY (`discipline_equal_id`) REFERENCES `discipline` (`id`),
  CONSTRAINT `discipline_equal_updated_by_sf_guard_user_id` FOREIGN KEY (`updated_by`) REFERENCES `sf_guard_user` (`id`) ON DELETE CASCADE
) ENGINE=InnoDB DEFAULT CHARSET=utf8mb4;
/*!40101 SET character_set_client = @saved_cs_client */;

--
-- Dumping data for table `discipline_equal`
--

LOCK TABLES `discipline_equal` WRITE;
/*!40000 ALTER TABLE `discipline_equal` DISABLE KEYS */;
/*!40000 ALTER TABLE `discipline_equal` ENABLE KEYS */;
UNLOCK TABLES;

--
-- Table structure for table `discipline_matriculation`
--

DROP TABLE IF EXISTS `discipline_matriculation`;
/*!40101 SET @saved_cs_client     = @@character_set_client */;
/*!40101 SET character_set_client = utf8 */;
CREATE TABLE `discipline_matriculation` (
  `id` bigint(20) NOT NULL AUTO_INCREMENT,
  `discipline_id` bigint(20) NOT NULL,
  `matriculation_id` bigint(20) NOT NULL,
  `semester_id` bigint(20) NOT NULL,
  `offer_matriculation_id` bigint(20) DEFAULT NULL,
  `aggregation_type` varchar(3) DEFAULT NULL,
  `average` decimal(6,2) DEFAULT NULL,
  `absences` mediumint(9) DEFAULT NULL,
  `situation` varchar(3) DEFAULT NULL,
  `created_at` datetime NOT NULL,
  `updated_at` datetime NOT NULL,
  `created_by` bigint(20) DEFAULT NULL,
  `updated_by` bigint(20) DEFAULT NULL,
  PRIMARY KEY (`id`),
  UNIQUE KEY `discipline_matriculation_semester_idx` (`discipline_id`,`matriculation_id`,`semester_id`),
  KEY `matriculation_id_idx` (`matriculation_id`),
  KEY `discipline_id_idx` (`discipline_id`),
  KEY `semester_id_idx` (`semester_id`),
  KEY `offer_matriculation_id_idx` (`offer_matriculation_id`),
  KEY `created_by_idx` (`created_by`),
  KEY `updated_by_idx` (`updated_by`),
  CONSTRAINT `discipline_matriculation_created_by_sf_guard_user_id` FOREIGN KEY (`created_by`) REFERENCES `sf_guard_user` (`id`) ON DELETE CASCADE,
  CONSTRAINT `discipline_matriculation_discipline_id_discipline_id` FOREIGN KEY (`discipline_id`) REFERENCES `discipline` (`id`),
  CONSTRAINT `discipline_matriculation_matriculation_id_matriculation_id` FOREIGN KEY (`matriculation_id`) REFERENCES `matriculation` (`id`),
  CONSTRAINT `discipline_matriculation_semester_id_semester_id` FOREIGN KEY (`semester_id`) REFERENCES `semester` (`id`),
  CONSTRAINT `discipline_matriculation_updated_by_sf_guard_user_id` FOREIGN KEY (`updated_by`) REFERENCES `sf_guard_user` (`id`) ON DELETE CASCADE,
  CONSTRAINT `dooi` FOREIGN KEY (`offer_matriculation_id`) REFERENCES `offer_matriculation` (`id`)
) ENGINE=InnoDB DEFAULT CHARSET=utf8mb4;
/*!40101 SET character_set_client = @saved_cs_client */;

--
-- Dumping data for table `discipline_matriculation`
--

LOCK TABLES `discipline_matriculation` WRITE;
/*!40000 ALTER TABLE `discipline_matriculation` DISABLE KEYS */;
/*!40000 ALTER TABLE `discipline_matriculation` ENABLE KEYS */;
UNLOCK TABLES;

--
-- Table structure for table `discipline_type`
--

DROP TABLE IF EXISTS `discipline_type`;
/*!40101 SET @saved_cs_client     = @@character_set_client */;
/*!40101 SET character_set_client = utf8 */;
CREATE TABLE `discipline_type` (
  `id` bigint(20) NOT NULL AUTO_INCREMENT,
  `name` varchar(255) NOT NULL,
  PRIMARY KEY (`id`),
  UNIQUE KEY `name` (`name`)
) ENGINE=InnoDB DEFAULT CHARSET=utf8mb4;
/*!40101 SET character_set_client = @saved_cs_client */;

--
-- Dumping data for table `discipline_type`
--

LOCK TABLES `discipline_type` WRITE;
/*!40000 ALTER TABLE `discipline_type` DISABLE KEYS */;
/*!40000 ALTER TABLE `discipline_type` ENABLE KEYS */;
UNLOCK TABLES;

--
-- Table structure for table `documentation`
--

DROP TABLE IF EXISTS `documentation`;
/*!40101 SET @saved_cs_client     = @@character_set_client */;
/*!40101 SET character_set_client = utf8 */;
CREATE TABLE `documentation` (
  `id` bigint(20) NOT NULL AUTO_INCREMENT,
  `personal_documents` varchar(255) DEFAULT NULL,
  `historical_school` varchar(255) DEFAULT NULL,
  `photo` varchar(255) DEFAULT NULL,
  `medical_certificate` varchar(255) DEFAULT NULL,
  `diploma` varchar(255) DEFAULT NULL,
  `single_emancipated` varchar(255) DEFAULT NULL,
  `student_id` bigint(20) DEFAULT NULL,
  `created_at` datetime NOT NULL,
  `updated_at` datetime NOT NULL,
  `created_by` bigint(20) DEFAULT NULL,
  `updated_by` bigint(20) DEFAULT NULL,
  PRIMARY KEY (`id`),
  KEY `student_id_idx` (`student_id`),
  KEY `created_by_idx` (`created_by`),
  KEY `updated_by_idx` (`updated_by`),
  CONSTRAINT `documentation_created_by_sf_guard_user_id` FOREIGN KEY (`created_by`) REFERENCES `sf_guard_user` (`id`) ON DELETE CASCADE,
  CONSTRAINT `documentation_student_id_student_id` FOREIGN KEY (`student_id`) REFERENCES `student` (`id`) ON DELETE CASCADE,
  CONSTRAINT `documentation_updated_by_sf_guard_user_id` FOREIGN KEY (`updated_by`) REFERENCES `sf_guard_user` (`id`) ON DELETE CASCADE
) ENGINE=InnoDB DEFAULT CHARSET=utf8mb4;
/*!40101 SET character_set_client = @saved_cs_client */;

--
-- Dumping data for table `documentation`
--

LOCK TABLES `documentation` WRITE;
/*!40000 ALTER TABLE `documentation` DISABLE KEYS */;
/*!40000 ALTER TABLE `documentation` ENABLE KEYS */;
UNLOCK TABLES;

--
-- Table structure for table `enade_message`
--

DROP TABLE IF EXISTS `enade_message`;
/*!40101 SET @saved_cs_client     = @@character_set_client */;
/*!40101 SET character_set_client = utf8 */;
CREATE TABLE `enade_message` (
  `id` bigint(20) NOT NULL AUTO_INCREMENT,
  `description` text NOT NULL,
  PRIMARY KEY (`id`)
) ENGINE=InnoDB DEFAULT CHARSET=utf8mb4;
/*!40101 SET character_set_client = @saved_cs_client */;

--
-- Dumping data for table `enade_message`
--

LOCK TABLES `enade_message` WRITE;
/*!40000 ALTER TABLE `enade_message` DISABLE KEYS */;
/*!40000 ALTER TABLE `enade_message` ENABLE KEYS */;
UNLOCK TABLES;

--
-- Table structure for table `entry_method`
--

DROP TABLE IF EXISTS `entry_method`;
/*!40101 SET @saved_cs_client     = @@character_set_client */;
/*!40101 SET character_set_client = utf8 */;
CREATE TABLE `entry_method` (
  `id` bigint(20) NOT NULL AUTO_INCREMENT,
  `description` varchar(255) NOT NULL,
  PRIMARY KEY (`id`)
) ENGINE=InnoDB DEFAULT CHARSET=utf8mb4;
/*!40101 SET character_set_client = @saved_cs_client */;

--
-- Dumping data for table `entry_method`
--

LOCK TABLES `entry_method` WRITE;
/*!40000 ALTER TABLE `entry_method` DISABLE KEYS */;
/*!40000 ALTER TABLE `entry_method` ENABLE KEYS */;
UNLOCK TABLES;

--
-- Table structure for table `historical_school`
--

DROP TABLE IF EXISTS `historical_school`;
/*!40101 SET @saved_cs_client     = @@character_set_client */;
/*!40101 SET character_set_client = utf8 */;
CREATE TABLE `historical_school` (
  `id` bigint(20) NOT NULL AUTO_INCREMENT,
  `school` varchar(255) NOT NULL,
  `country_id` bigint(20) NOT NULL,
  `state_id` bigint(20) NOT NULL,
  `city_id` bigint(20) NOT NULL,
  `school_type` varchar(255) NOT NULL,
  `course` varchar(255) NOT NULL,
  `completed_at` varchar(255) NOT NULL,
  `student_id` bigint(20) NOT NULL,
  `created_at` datetime NOT NULL,
  `updated_at` datetime NOT NULL,
  `created_by` bigint(20) DEFAULT NULL,
  `updated_by` bigint(20) DEFAULT NULL,
  PRIMARY KEY (`id`),
  UNIQUE KEY `student_id` (`student_id`),
  KEY `student_id_idx` (`student_id`),
  KEY `country_id_idx` (`country_id`),
  KEY `city_id_idx` (`city_id`),
  KEY `state_id_idx` (`state_id`),
  KEY `created_by_idx` (`created_by`),
  KEY `updated_by_idx` (`updated_by`),
  CONSTRAINT `historical_school_city_id_city_id` FOREIGN KEY (`city_id`) REFERENCES `city` (`id`),
  CONSTRAINT `historical_school_country_id_country_id` FOREIGN KEY (`country_id`) REFERENCES `country` (`id`),
  CONSTRAINT `historical_school_created_by_sf_guard_user_id` FOREIGN KEY (`created_by`) REFERENCES `sf_guard_user` (`id`) ON DELETE CASCADE,
  CONSTRAINT `historical_school_state_id_state_id` FOREIGN KEY (`state_id`) REFERENCES `state` (`id`),
  CONSTRAINT `historical_school_student_id_student_id` FOREIGN KEY (`student_id`) REFERENCES `student` (`id`) ON DELETE CASCADE,
  CONSTRAINT `historical_school_updated_by_sf_guard_user_id` FOREIGN KEY (`updated_by`) REFERENCES `sf_guard_user` (`id`) ON DELETE CASCADE
) ENGINE=InnoDB DEFAULT CHARSET=utf8mb4;
/*!40101 SET character_set_client = @saved_cs_client */;

--
-- Dumping data for table `historical_school`
--

LOCK TABLES `historical_school` WRITE;
/*!40000 ALTER TABLE `historical_school` DISABLE KEYS */;
/*!40000 ALTER TABLE `historical_school` ENABLE KEYS */;
UNLOCK TABLES;

--
-- Table structure for table `instituition`
--

DROP TABLE IF EXISTS `instituition`;
/*!40101 SET @saved_cs_client     = @@character_set_client */;
/*!40101 SET character_set_client = utf8 */;
CREATE TABLE `instituition` (
  `id` bigint(20) NOT NULL AUTO_INCREMENT,
  `name` varchar(255) NOT NULL,
  PRIMARY KEY (`id`),
  UNIQUE KEY `name` (`name`)
) ENGINE=InnoDB DEFAULT CHARSET=utf8mb4;
/*!40101 SET character_set_client = @saved_cs_client */;

--
-- Dumping data for table `instituition`
--

LOCK TABLES `instituition` WRITE;
/*!40000 ALTER TABLE `instituition` DISABLE KEYS */;
/*!40000 ALTER TABLE `instituition` ENABLE KEYS */;
UNLOCK TABLES;

--
-- Table structure for table `locking_semester`
--

DROP TABLE IF EXISTS `locking_semester`;
/*!40101 SET @saved_cs_client     = @@character_set_client */;
/*!40101 SET character_set_client = utf8 */;
CREATE TABLE `locking_semester` (
  `semester_id` bigint(20) NOT NULL,
  `matriculation_id` bigint(20) NOT NULL,
  PRIMARY KEY (`semester_id`,`matriculation_id`),
  KEY `locking_semester_matriculation_id_matriculation_id` (`matriculation_id`),
  CONSTRAINT `locking_semester_matriculation_id_matriculation_id` FOREIGN KEY (`matriculation_id`) REFERENCES `matriculation` (`id`),
  CONSTRAINT `locking_semester_semester_id_semester_id` FOREIGN KEY (`semester_id`) REFERENCES `semester` (`id`)
) ENGINE=InnoDB DEFAULT CHARSET=utf8mb4;
/*!40101 SET character_set_client = @saved_cs_client */;

--
-- Dumping data for table `locking_semester`
--

LOCK TABLES `locking_semester` WRITE;
/*!40000 ALTER TABLE `locking_semester` DISABLE KEYS */;
/*!40000 ALTER TABLE `locking_semester` ENABLE KEYS */;
UNLOCK TABLES;

--
-- Table structure for table `matriculation`
--

DROP TABLE IF EXISTS `matriculation`;
/*!40101 SET @saved_cs_client     = @@character_set_client */;
/*!40101 SET character_set_client = utf8 */;
CREATE TABLE `matriculation` (
  `id` bigint(20) NOT NULL AUTO_INCREMENT,
  `code` bigint(20) NOT NULL,
  `campus_id` bigint(20) NOT NULL,
  `course_id` bigint(20) NOT NULL,
  `curriculum_model_id` bigint(20) NOT NULL,
  `email` varchar(255) NOT NULL,
  `student_id` bigint(20) NOT NULL,
  `id_entry_method` bigint(20) NOT NULL,
  `semester_id` bigint(20) NOT NULL,
  `vacancy_reserve` tinyint(1) NOT NULL DEFAULT 0,
  `student_finance` tinyint(1) NOT NULL DEFAULT 0,
  `social_support` tinyint(1) NOT NULL DEFAULT 0,
  `complementary_training` tinyint(1) NOT NULL DEFAULT 0,
  `disabled_at` date DEFAULT NULL,
  `reason_disabled` varchar(255) DEFAULT NULL,
  `status_id` varchar(255) NOT NULL,
  `enad_made` bigint(20) NOT NULL,
  `enad_made_at` date DEFAULT NULL,
  `conclude_at` date DEFAULT NULL,
  `user_id` bigint(20) DEFAULT NULL,
  `is_active` tinyint(1) NOT NULL DEFAULT 1,
  `created_at` datetime NOT NULL,
  `updated_at` datetime NOT NULL,
  `created_by` bigint(20) DEFAULT NULL,
  `updated_by` bigint(20) DEFAULT NULL,
  PRIMARY KEY (`id`),
  UNIQUE KEY `code` (`code`),
  UNIQUE KEY `email` (`email`),
  KEY `semester_id_idx` (`semester_id`),
  KEY `enad_made_idx` (`enad_made`),
  KEY `campus_id_idx` (`campus_id`),
  KEY `course_id_idx` (`course_id`),
  KEY `curriculum_model_id_idx` (`curriculum_model_id`),
  KEY `student_id_idx` (`student_id`),
  KEY `id_entry_method_idx` (`id_entry_method`),
  KEY `status_id_idx` (`status_id`),
  KEY `user_id_idx` (`user_id`),
  KEY `created_by_idx` (`created_by`),
  KEY `updated_by_idx` (`updated_by`),
  CONSTRAINT `matriculation_semester_id_semester_id` FOREIGN KEY (`semester_id`) REFERENCES `semester` (`id`),
  CONSTRAINT `matriculation_student_id_student_id` FOREIGN KEY (`student_id`) REFERENCES `student` (`id`),
  CONSTRAINT `matriculation_updated_by_sf_guard_user_id` FOREIGN KEY (`updated_by`) REFERENCES `sf_guard_user` (`id`) ON DELETE CASCADE,
  CONSTRAINT `matriculation_user_id_sf_guard_user_id` FOREIGN KEY (`user_id`) REFERENCES `sf_guard_user` (`id`)
) ENGINE=InnoDB DEFAULT CHARSET=utf8mb4;
/*!40101 SET character_set_client = @saved_cs_client */;

--
-- Dumping data for table `matriculation`
--

LOCK TABLES `matriculation` WRITE;
/*!40000 ALTER TABLE `matriculation` DISABLE KEYS */;
/*!40000 ALTER TABLE `matriculation` ENABLE KEYS */;
UNLOCK TABLES;

--
-- Table structure for table `matriculation_status`
--

DROP TABLE IF EXISTS `matriculation_status`;
/*!40101 SET @saved_cs_client     = @@character_set_client */;
/*!40101 SET character_set_client = utf8 */;
CREATE TABLE `matriculation_status` (
  `id` bigint(20) NOT NULL AUTO_INCREMENT,
  `description` varchar(20) DEFAULT NULL,
  PRIMARY KEY (`id`)
) ENGINE=InnoDB DEFAULT CHARSET=utf8mb4;
/*!40101 SET character_set_client = @saved_cs_client */;

--
-- Dumping data for table `matriculation_status`
--

LOCK TABLES `matriculation_status` WRITE;
/*!40000 ALTER TABLE `matriculation_status` DISABLE KEYS */;
/*!40000 ALTER TABLE `matriculation_status` ENABLE KEYS */;
UNLOCK TABLES;

--
-- Table structure for table `monitor_candidate`
--

DROP TABLE IF EXISTS `monitor_candidate`;
/*!40101 SET @saved_cs_client     = @@character_set_client */;
/*!40101 SET character_set_client = utf8 */;
CREATE TABLE `monitor_candidate` (
  `id` bigint(20) NOT NULL AUTO_INCREMENT,
  `offer_monitor_need_id` bigint(20) NOT NULL,
  `matriculation_id` bigint(20) NOT NULL,
  `semester_id` bigint(20) NOT NULL,
  `score` float(18,2) DEFAULT -1.00,
  PRIMARY KEY (`id`),
  KEY `matriculation_id_idx` (`matriculation_id`),
  KEY `semester_id_idx` (`semester_id`),
  KEY `offer_monitor_need_id_idx` (`offer_monitor_need_id`)
) ENGINE=InnoDB DEFAULT CHARSET=utf8mb4;
/*!40101 SET character_set_client = @saved_cs_client */;

--
-- Dumping data for table `monitor_candidate`
--

LOCK TABLES `monitor_candidate` WRITE;
/*!40000 ALTER TABLE `monitor_candidate` DISABLE KEYS */;
/*!40000 ALTER TABLE `monitor_candidate` ENABLE KEYS */;
UNLOCK TABLES;

--
-- Table structure for table `offer`
--

DROP TABLE IF EXISTS `offer`;
/*!40101 SET @saved_cs_client     = @@character_set_client */;
/*!40101 SET character_set_client = utf8 */;
CREATE TABLE `offer` (
  `id` bigint(20) NOT NULL AUTO_INCREMENT,
  `campus_id` bigint(20) NOT NULL,
  `department_id` bigint(20) NOT NULL,
  `course_id` bigint(20) NOT NULL,
  `curriculum_model_id` bigint(20) NOT NULL,
  `discipline_id` bigint(20) NOT NULL,
  `grade` varchar(128) NOT NULL,
  `semester_id` bigint(20) NOT NULL,
  `duration` bigint(20) NOT NULL,
  `teaching_room` bigint(20) DEFAULT NULL,
  `planning` bigint(20) DEFAULT NULL,
  `travelling` bigint(20) DEFAULT NULL,
  `places` bigint(20) NOT NULL,
  `status` bigint(20) NOT NULL,
  `created_at` datetime NOT NULL,
  `updated_at` datetime NOT NULL,
  `created_by` bigint(20) DEFAULT NULL,
  `updated_by` bigint(20) DEFAULT NULL,
  PRIMARY KEY (`id`),
  UNIQUE KEY `campus_discipline_grade_semester_idx` (`campus_id`,`discipline_id`,`grade`,`semester_id`),
  KEY `department_id_idx` (`department_id`),
  KEY `campus_id_idx` (`campus_id`),
  KEY `discipline_id_idx` (`discipline_id`),
  KEY `course_id_idx` (`course_id`),
  KEY `semester_id_idx` (`semester_id`),
  KEY `curriculum_model_id_idx` (`curriculum_model_id`),
  KEY `created_by_idx` (`created_by`),
  KEY `updated_by_idx` (`updated_by`)
) ENGINE=InnoDB DEFAULT CHARSET=utf8mb4;
/*!40101 SET character_set_client = @saved_cs_client */;

--
-- Dumping data for table `offer`
--

LOCK TABLES `offer` WRITE;
/*!40000 ALTER TABLE `offer` DISABLE KEYS */;
/*!40000 ALTER TABLE `offer` ENABLE KEYS */;
UNLOCK TABLES;

--
-- Table structure for table `offer_class`
--

DROP TABLE IF EXISTS `offer_class`;
/*!40101 SET @saved_cs_client     = @@character_set_client */;
/*!40101 SET character_set_client = utf8 */;
CREATE TABLE `offer_class` (
  `id` bigint(20) NOT NULL AUTO_INCREMENT,
  `offer_id` bigint(20) NOT NULL,
  `professor_id` bigint(20) NOT NULL,
  `date_class` text DEFAULT NULL,
  `duration` bigint(20) NOT NULL,
  PRIMARY KEY (`id`),
  KEY `offer_id_idx` (`offer_id`),
  KEY `professor_id_idx` (`professor_id`)
) ENGINE=InnoDB DEFAULT CHARSET=utf8mb4;
/*!40101 SET character_set_client = @saved_cs_client */;

--
-- Dumping data for table `offer_class`
--

LOCK TABLES `offer_class` WRITE;
/*!40000 ALTER TABLE `offer_class` DISABLE KEYS */;
/*!40000 ALTER TABLE `offer_class` ENABLE KEYS */;
UNLOCK TABLES;

--
-- Table structure for table `offer_class_presence`
--

DROP TABLE IF EXISTS `offer_class_presence`;
/*!40101 SET @saved_cs_client     = @@character_set_client */;
/*!40101 SET character_set_client = utf8 */;
CREATE TABLE `offer_class_presence` (
  `id` bigint(20) NOT NULL AUTO_INCREMENT,
  `offer_matriculation_id` bigint(20) NOT NULL,
  `offer_class_id` bigint(20) NOT NULL,
  `ord` bigint(20) NOT NULL,
  `absence` bigint(20) DEFAULT 1,
  PRIMARY KEY (`id`),
  KEY `offer_matriculation_id_idx` (`offer_matriculation_id`),
  KEY `offer_class_id_idx` (`offer_class_id`)
) ENGINE=InnoDB DEFAULT CHARSET=utf8mb4;
/*!40101 SET character_set_client = @saved_cs_client */;

--
-- Dumping data for table `offer_class_presence`
--

LOCK TABLES `offer_class_presence` WRITE;
/*!40000 ALTER TABLE `offer_class_presence` DISABLE KEYS */;
/*!40000 ALTER TABLE `offer_class_presence` ENABLE KEYS */;
UNLOCK TABLES;

--
-- Table structure for table `offer_complement`
--

DROP TABLE IF EXISTS `offer_complement`;
/*!40101 SET @saved_cs_client     = @@character_set_client */;
/*!40101 SET character_set_client = utf8 */;
CREATE TABLE `offer_complement` (
  `id` bigint(20) NOT NULL AUTO_INCREMENT,
  `semester_id` bigint(20) NOT NULL,
  `professor_id` bigint(20) NOT NULL,
  `commissioned` tinyint(1) NOT NULL,
  `postgraduate_studies` bigint(20) NOT NULL,
  `extension` bigint(20) NOT NULL,
  `research` bigint(20) NOT NULL,
  `created_at` datetime NOT NULL,
  `updated_at` datetime NOT NULL,
  `created_by` bigint(20) DEFAULT NULL,
  `updated_by` bigint(20) DEFAULT NULL,
  PRIMARY KEY (`id`),
  KEY `semester_id_idx` (`semester_id`),
  KEY `professor_id_idx` (`professor_id`),
  KEY `created_by_idx` (`created_by`),
  KEY `updated_by_idx` (`updated_by`)
) ENGINE=InnoDB DEFAULT CHARSET=utf8mb4;
/*!40101 SET character_set_client = @saved_cs_client */;

--
-- Dumping data for table `offer_complement`
--

LOCK TABLES `offer_complement` WRITE;
/*!40000 ALTER TABLE `offer_complement` DISABLE KEYS */;
/*!40000 ALTER TABLE `offer_complement` ENABLE KEYS */;
UNLOCK TABLES;

--
-- Table structure for table `offer_matriculation`
--

DROP TABLE IF EXISTS `offer_matriculation`;
/*!40101 SET @saved_cs_client     = @@character_set_client */;
/*!40101 SET character_set_client = utf8 */;
CREATE TABLE `offer_matriculation` (
  `id` bigint(20) NOT NULL AUTO_INCREMENT,
  `offer_id` bigint(20) NOT NULL,
  `matriculation_id` bigint(20) NOT NULL,
  `semester_id` bigint(20) NOT NULL,
  `note1` decimal(6,2) DEFAULT NULL,
  `note2` decimal(6,2) DEFAULT NULL,
  `note3` decimal(6,2) DEFAULT NULL,
  `note4` decimal(6,2) DEFAULT NULL,
  `absences` bigint(20) DEFAULT NULL,
  `locked` tinyint(1) DEFAULT 0,
  `created_at` datetime NOT NULL,
  `updated_at` datetime NOT NULL,
  `created_by` bigint(20) DEFAULT NULL,
  `updated_by` bigint(20) DEFAULT NULL,
  PRIMARY KEY (`id`),
  UNIQUE KEY `offer_matriculations_idx` (`offer_id`,`matriculation_id`),
  KEY `matriculation_id_idx` (`matriculation_id`),
  KEY `offer_id_idx` (`offer_id`),
  KEY `semester_id_idx` (`semester_id`),
  KEY `created_by_idx` (`created_by`),
  KEY `updated_by_idx` (`updated_by`)
) ENGINE=InnoDB DEFAULT CHARSET=utf8mb4;
/*!40101 SET character_set_client = @saved_cs_client */;

--
-- Dumping data for table `offer_matriculation`
--

LOCK TABLES `offer_matriculation` WRITE;
/*!40000 ALTER TABLE `offer_matriculation` DISABLE KEYS */;
/*!40000 ALTER TABLE `offer_matriculation` ENABLE KEYS */;
UNLOCK TABLES;

--
-- Table structure for table `offer_monitor`
--

DROP TABLE IF EXISTS `offer_monitor`;
/*!40101 SET @saved_cs_client     = @@character_set_client */;
/*!40101 SET character_set_client = utf8 */;
CREATE TABLE `offer_monitor` (
  `id` bigint(20) NOT NULL AUTO_INCREMENT,
  `offer_id` bigint(20) NOT NULL,
  `matriculation_id` bigint(20) NOT NULL,
  `monitor_candidate_id` bigint(20) NOT NULL,
  `relato` varchar(255) DEFAULT NULL,
  `relato_prof` varchar(255) DEFAULT NULL,
  `status` bigint(20) NOT NULL DEFAULT 0,
  `created_at` datetime NOT NULL,
  `updated_at` datetime NOT NULL,
  `created_by` bigint(20) DEFAULT NULL,
  `updated_by` bigint(20) DEFAULT NULL,
  PRIMARY KEY (`id`),
  KEY `offer_id_idx` (`offer_id`),
  KEY `matriculation_id_idx` (`matriculation_id`),
  KEY `monitor_candidate_id_idx` (`monitor_candidate_id`),
  KEY `created_by_idx` (`created_by`),
  KEY `updated_by_idx` (`updated_by`)
) ENGINE=InnoDB DEFAULT CHARSET=utf8mb4;
/*!40101 SET character_set_client = @saved_cs_client */;

--
-- Dumping data for table `offer_monitor`
--

LOCK TABLES `offer_monitor` WRITE;
/*!40000 ALTER TABLE `offer_monitor` DISABLE KEYS */;
/*!40000 ALTER TABLE `offer_monitor` ENABLE KEYS */;
UNLOCK TABLES;

--
-- Table structure for table `offer_monitor_need`
--

DROP TABLE IF EXISTS `offer_monitor_need`;
/*!40101 SET @saved_cs_client     = @@character_set_client */;
/*!40101 SET character_set_client = utf8 */;
CREATE TABLE `offer_monitor_need` (
  `id` bigint(20) NOT NULL AUTO_INCREMENT,
  `offer_id` bigint(20) NOT NULL,
  `status` bigint(20) NOT NULL DEFAULT 0,
  `quantity` bigint(20) NOT NULL,
  `created_at` datetime NOT NULL,
  `updated_at` datetime NOT NULL,
  `created_by` bigint(20) DEFAULT NULL,
  `updated_by` bigint(20) DEFAULT NULL,
  PRIMARY KEY (`id`),
  KEY `offer_id_idx` (`offer_id`),
  KEY `created_by_idx` (`created_by`),
  KEY `updated_by_idx` (`updated_by`)
) ENGINE=InnoDB DEFAULT CHARSET=utf8mb4;
/*!40101 SET character_set_client = @saved_cs_client */;

--
-- Dumping data for table `offer_monitor_need`
--

LOCK TABLES `offer_monitor_need` WRITE;
/*!40000 ALTER TABLE `offer_monitor_need` DISABLE KEYS */;
/*!40000 ALTER TABLE `offer_monitor_need` ENABLE KEYS */;
UNLOCK TABLES;

--
-- Table structure for table `offer_plan`
--

DROP TABLE IF EXISTS `offer_plan`;
/*!40101 SET @saved_cs_client     = @@character_set_client */;
/*!40101 SET character_set_client = utf8 */;
CREATE TABLE `offer_plan` (
  `id` bigint(20) NOT NULL AUTO_INCREMENT,
  `offer_id` bigint(20) NOT NULL,
  `menu` text DEFAULT NULL,
  `main_goal` text DEFAULT NULL,
  `goals` text DEFAULT NULL,
  `content` text DEFAULT NULL,
  `methodology` text DEFAULT NULL,
  `assessment` text DEFAULT NULL,
  `didactic_resources` text DEFAULT NULL,
  `bibliography` text DEFAULT NULL,
  PRIMARY KEY (`id`),
  KEY `offer_id_idx` (`offer_id`)
) ENGINE=InnoDB DEFAULT CHARSET=utf8mb4;
/*!40101 SET character_set_client = @saved_cs_client */;

--
-- Dumping data for table `offer_plan`
--

LOCK TABLES `offer_plan` WRITE;
/*!40000 ALTER TABLE `offer_plan` DISABLE KEYS */;
/*!40000 ALTER TABLE `offer_plan` ENABLE KEYS */;
UNLOCK TABLES;

--
-- Table structure for table `offer_professor`
--

DROP TABLE IF EXISTS `offer_professor`;
/*!40101 SET @saved_cs_client     = @@character_set_client */;
/*!40101 SET character_set_client = utf8 */;
CREATE TABLE `offer_professor` (
  `id` bigint(20) NOT NULL AUTO_INCREMENT,
  `offer_id` bigint(20) NOT NULL,
  `professor_id` bigint(20) NOT NULL,
  PRIMARY KEY (`id`),
  KEY `offer_id_idx` (`offer_id`),
  KEY `professor_id_idx` (`professor_id`)
) ENGINE=InnoDB DEFAULT CHARSET=utf8mb4;
/*!40101 SET character_set_client = @saved_cs_client */;

--
-- Dumping data for table `offer_professor`
--

LOCK TABLES `offer_professor` WRITE;
/*!40000 ALTER TABLE `offer_professor` DISABLE KEYS */;
/*!40000 ALTER TABLE `offer_professor` ENABLE KEYS */;
UNLOCK TABLES;

--
-- Table structure for table `offer_requisition`
--

DROP TABLE IF EXISTS `offer_requisition`;
/*!40101 SET @saved_cs_client     = @@character_set_client */;
/*!40101 SET character_set_client = utf8 */;
CREATE TABLE `offer_requisition` (
  `id` bigint(20) NOT NULL AUTO_INCREMENT,
  `offer_id` bigint(20) NOT NULL,
  `matriculation_id` bigint(20) NOT NULL,
  `semester_id` bigint(20) NOT NULL,
  `stage` bigint(20) NOT NULL,
  `situation` varchar(5) DEFAULT NULL,
  `score` mediumint(9) DEFAULT 0,
  `process_date` datetime DEFAULT NULL,
  PRIMARY KEY (`id`),
  KEY `matriculation_id_idx` (`matriculation_id`),
  KEY `offer_id_idx` (`offer_id`),
  KEY `semester_id_idx` (`semester_id`)
) ENGINE=InnoDB DEFAULT CHARSET=utf8mb4;
/*!40101 SET character_set_client = @saved_cs_client */;

--
-- Dumping data for table `offer_requisition`
--

LOCK TABLES `offer_requisition` WRITE;
/*!40000 ALTER TABLE `offer_requisition` DISABLE KEYS */;
/*!40000 ALTER TABLE `offer_requisition` ENABLE KEYS */;
UNLOCK TABLES;

--
-- Table structure for table `offer_roster`
--

DROP TABLE IF EXISTS `offer_roster`;
/*!40101 SET @saved_cs_client     = @@character_set_client */;
/*!40101 SET character_set_client = utf8 */;
CREATE TABLE `offer_roster` (
  `id` bigint(20) NOT NULL AUTO_INCREMENT,
  `offer_id` bigint(20) NOT NULL,
  `professor_id` bigint(20) NOT NULL,
  `date` text DEFAULT NULL,
  `description` text DEFAULT NULL,
  `hours` bigint(20) DEFAULT NULL,
  PRIMARY KEY (`id`),
  KEY `offer_id_idx` (`offer_id`),
  KEY `professor_id_idx` (`professor_id`)
) ENGINE=InnoDB DEFAULT CHARSET=utf8mb4;
/*!40101 SET character_set_client = @saved_cs_client */;

--
-- Dumping data for table `offer_roster`
--

LOCK TABLES `offer_roster` WRITE;
/*!40000 ALTER TABLE `offer_roster` DISABLE KEYS */;
/*!40000 ALTER TABLE `offer_roster` ENABLE KEYS */;
UNLOCK TABLES;

--
-- Table structure for table `offer_schedule`
--

DROP TABLE IF EXISTS `offer_schedule`;
/*!40101 SET @saved_cs_client     = @@character_set_client */;
/*!40101 SET character_set_client = utf8 */;
CREATE TABLE `offer_schedule` (
  `id` bigint(20) NOT NULL AUTO_INCREMENT,
  `room_id` bigint(20) DEFAULT NULL,
  `day` bigint(20) NOT NULL,
  `schedule_id` bigint(20) NOT NULL,
  `offer_id` bigint(20) NOT NULL,
  PRIMARY KEY (`id`),
  KEY `offer_id_idx` (`offer_id`),
  KEY `schedule_id_idx` (`schedule_id`),
  KEY `room_id_idx` (`room_id`)
) ENGINE=InnoDB DEFAULT CHARSET=utf8mb4;
/*!40101 SET character_set_client = @saved_cs_client */;

--
-- Dumping data for table `offer_schedule`
--

LOCK TABLES `offer_schedule` WRITE;
/*!40000 ALTER TABLE `offer_schedule` DISABLE KEYS */;
/*!40000 ALTER TABLE `offer_schedule` ENABLE KEYS */;
UNLOCK TABLES;

--
-- Table structure for table `offer_ticket`
--

DROP TABLE IF EXISTS `offer_ticket`;
/*!40101 SET @saved_cs_client     = @@character_set_client */;
/*!40101 SET character_set_client = utf8 */;
CREATE TABLE `offer_ticket` (
  `id` bigint(20) NOT NULL AUTO_INCREMENT,
  `offer_id` bigint(20) NOT NULL,
  `expire_date` date DEFAULT NULL,
  `reason` text DEFAULT NULL,
  `created_at` datetime NOT NULL,
  `updated_at` datetime NOT NULL,
  `created_by` bigint(20) DEFAULT NULL,
  `updated_by` bigint(20) DEFAULT NULL,
  PRIMARY KEY (`id`),
  KEY `offer_id_idx` (`offer_id`),
  KEY `created_by_idx` (`created_by`),
  KEY `updated_by_idx` (`updated_by`)
) ENGINE=InnoDB DEFAULT CHARSET=utf8mb4;
/*!40101 SET character_set_client = @saved_cs_client */;

--
-- Dumping data for table `offer_ticket`
--

LOCK TABLES `offer_ticket` WRITE;
/*!40000 ALTER TABLE `offer_ticket` DISABLE KEYS */;
/*!40000 ALTER TABLE `offer_ticket` ENABLE KEYS */;
UNLOCK TABLES;

--
-- Table structure for table `parameters`
--

DROP TABLE IF EXISTS `parameters`;
/*!40101 SET @saved_cs_client     = @@character_set_client */;
/*!40101 SET character_set_client = utf8 */;
CREATE TABLE `parameters` (
  `id` bigint(20) NOT NULL AUTO_INCREMENT,
  `name` varchar(255) NOT NULL,
  `description` varchar(255) DEFAULT NULL,
  `value` bigint(20) DEFAULT NULL,
  `created_at` datetime NOT NULL,
  `updated_at` datetime NOT NULL,
  `created_by` bigint(20) DEFAULT NULL,
  `updated_by` bigint(20) DEFAULT NULL,
  PRIMARY KEY (`id`),
  UNIQUE KEY `name` (`name`),
  KEY `created_by_idx` (`created_by`),
  KEY `updated_by_idx` (`updated_by`)
) ENGINE=InnoDB DEFAULT CHARSET=utf8mb4;
/*!40101 SET character_set_client = @saved_cs_client */;

--
-- Dumping data for table `parameters`
--

LOCK TABLES `parameters` WRITE;
/*!40000 ALTER TABLE `parameters` DISABLE KEYS */;
/*!40000 ALTER TABLE `parameters` ENABLE KEYS */;
UNLOCK TABLES;

--
-- Table structure for table `person`
--

DROP TABLE IF EXISTS `person`;
/*!40101 SET @saved_cs_client     = @@character_set_client */;
/*!40101 SET character_set_client = utf8 */;
CREATE TABLE `person` (
  `id` bigint(20) NOT NULL AUTO_INCREMENT,
  `name` varchar(255) NOT NULL,
  `birth` date NOT NULL,
  `phone` varchar(255) DEFAULT NULL,
  `cel` varchar(255) DEFAULT NULL,
  `civil_status` varchar(255) NOT NULL,
  `sex` varchar(1) NOT NULL,
  `deficiency` varchar(255) DEFAULT NULL,
  `rg` varchar(255) DEFAULT NULL,
  `rg_organ` varchar(255) DEFAULT NULL,
  `rg_expedition` date DEFAULT NULL,
  `is_stranger` tinyint(1) NOT NULL DEFAULT 0,
  `voter` varchar(255) DEFAULT NULL,
  `passport` varchar(255) DEFAULT NULL,
  `mother` varchar(255) NOT NULL,
  `father` varchar(255) DEFAULT NULL,
  `nacionality` bigint(20) NOT NULL DEFAULT 33,
  `naturally` varchar(255) NOT NULL,
  `race` varchar(255) NOT NULL,
  `created_at` datetime NOT NULL,
  `updated_at` datetime NOT NULL,
  `created_by` bigint(20) DEFAULT NULL,
  `updated_by` bigint(20) DEFAULT NULL,
  PRIMARY KEY (`id`),
  KEY `nacionality_idx` (`nacionality`),
  KEY `created_by_idx` (`created_by`),
  KEY `updated_by_idx` (`updated_by`)
) ENGINE=InnoDB DEFAULT CHARSET=utf8mb4;
/*!40101 SET character_set_client = @saved_cs_client */;

--
-- Dumping data for table `person`
--

LOCK TABLES `person` WRITE;
/*!40000 ALTER TABLE `person` DISABLE KEYS */;
/*!40000 ALTER TABLE `person` ENABLE KEYS */;
UNLOCK TABLES;

--
-- Table structure for table `prematriculation`
--

DROP TABLE IF EXISTS `prematriculation`;
/*!40101 SET @saved_cs_client     = @@character_set_client */;
/*!40101 SET character_set_client = utf8 */;
CREATE TABLE `prematriculation` (
  `id` bigint(20) NOT NULL AUTO_INCREMENT,
  `name` varchar(255) NOT NULL,
  `cpf` varchar(255) DEFAULT NULL,
  `birth` date NOT NULL,
  `rg` varchar(255) DEFAULT NULL,
  `rg_organ` varchar(255) DEFAULT NULL,
  `mother` varchar(255) NOT NULL,
  `father` varchar(255) DEFAULT NULL,
  `email` varchar(255) DEFAULT NULL,
  PRIMARY KEY (`id`)
) ENGINE=InnoDB DEFAULT CHARSET=utf8mb4;
/*!40101 SET character_set_client = @saved_cs_client */;

--
-- Dumping data for table `prematriculation`
--

LOCK TABLES `prematriculation` WRITE;
/*!40000 ALTER TABLE `prematriculation` DISABLE KEYS */;
/*!40000 ALTER TABLE `prematriculation` ENABLE KEYS */;
UNLOCK TABLES;

--
-- Table structure for table `prerequisite`
--

DROP TABLE IF EXISTS `prerequisite`;
/*!40101 SET @saved_cs_client     = @@character_set_client */;
/*!40101 SET character_set_client = utf8 */;
CREATE TABLE `prerequisite` (
  `prerequisite_id` bigint(20) NOT NULL,
  `discipline_curriculum_model_id` bigint(20) NOT NULL,
  `created_at` datetime NOT NULL,
  `updated_at` datetime NOT NULL,
  `created_by` bigint(20) DEFAULT NULL,
  `updated_by` bigint(20) DEFAULT NULL,
  PRIMARY KEY (`prerequisite_id`,`discipline_curriculum_model_id`),
  KEY `created_by_idx` (`created_by`),
  KEY `updated_by_idx` (`updated_by`)
) ENGINE=InnoDB DEFAULT CHARSET=utf8mb4;
/*!40101 SET character_set_client = @saved_cs_client */;

--
-- Dumping data for table `prerequisite`
--

LOCK TABLES `prerequisite` WRITE;
/*!40000 ALTER TABLE `prerequisite` DISABLE KEYS */;
/*!40000 ALTER TABLE `prerequisite` ENABLE KEYS */;
UNLOCK TABLES;

--
-- Table structure for table `professor`
--

DROP TABLE IF EXISTS `professor`;
/*!40101 SET @saved_cs_client     = @@character_set_client */;
/*!40101 SET character_set_client = utf8 */;
CREATE TABLE `professor` (
  `id` bigint(20) NOT NULL AUTO_INCREMENT,
  `name` varchar(255) NOT NULL,
  `birth` date NOT NULL,
  `phone` varchar(255) DEFAULT NULL,
  `cel` varchar(255) DEFAULT NULL,
  `civil_status` varchar(255) NOT NULL,
  `sex` varchar(1) NOT NULL,
  `deficiency` varchar(255) DEFAULT NULL,
  `rg` varchar(255) DEFAULT NULL,
  `rg_organ` varchar(255) DEFAULT NULL,
  `rg_expedition` date DEFAULT NULL,
  `is_stranger` tinyint(1) NOT NULL DEFAULT 0,
  `voter` varchar(255) DEFAULT NULL,
  `passport` varchar(255) DEFAULT NULL,
  `mother` varchar(255) NOT NULL,
  `father` varchar(255) DEFAULT NULL,
  `nacionality` bigint(20) NOT NULL DEFAULT 33,
  `naturally` varchar(255) NOT NULL,
  `race` varchar(255) NOT NULL,
  `user_id` bigint(20) DEFAULT NULL,
  `department_id` bigint(20) DEFAULT NULL,
  `course_id` bigint(20) DEFAULT NULL,
  `contract_type_id` bigint(20) DEFAULT NULL,
  `cpf` varchar(255) NOT NULL,
  `email` varchar(255) NOT NULL,
  `is_active` tinyint(1) NOT NULL DEFAULT 0,
  `created_at` datetime NOT NULL,
  `updated_at` datetime NOT NULL,
  `created_by` bigint(20) DEFAULT NULL,
  `updated_by` bigint(20) DEFAULT NULL,
  PRIMARY KEY (`id`),
  UNIQUE KEY `cpf` (`cpf`),
  UNIQUE KEY `email` (`email`),
  KEY `nacionality_idx` (`nacionality`),
  KEY `created_by_idx` (`created_by`),
  KEY `updated_by_idx` (`updated_by`),
  KEY `user_id_idx` (`user_id`),
  KEY `department_id_idx` (`department_id`),
  KEY `contract_type_id_idx` (`contract_type_id`),
  KEY `course_id_idx` (`course_id`)
) ENGINE=InnoDB DEFAULT CHARSET=utf8mb4;
/*!40101 SET character_set_client = @saved_cs_client */;

--
-- Dumping data for table `professor`
--

LOCK TABLES `professor` WRITE;
/*!40000 ALTER TABLE `professor` DISABLE KEYS */;
/*!40000 ALTER TABLE `professor` ENABLE KEYS */;
UNLOCK TABLES;

--
-- Table structure for table `projects`
--

DROP TABLE IF EXISTS `projects`;
/*!40101 SET @saved_cs_client     = @@character_set_client */;
/*!40101 SET character_set_client = utf8 */;
CREATE TABLE `projects` (
  `id` bigint(20) NOT NULL AUTO_INCREMENT,
  `title` varchar(255) NOT NULL,
  `area_id` bigint(20) NOT NULL,
  `theme_id` bigint(20) NOT NULL,
  `line_id` bigint(20) NOT NULL,
  `product` text NOT NULL,
  `resume` text NOT NULL,
  `course_id` bigint(20) NOT NULL,
  `location` text NOT NULL,
  `support` text NOT NULL,
  `start_date` date NOT NULL,
  `end_date` date NOT NULL,
  `action_id` bigint(20) NOT NULL,
  `reason` text NOT NULL,
  `objetive` text NOT NULL,
  `contribuition` text NOT NULL,
  `procedures` text NOT NULL,
  `avaliation` text NOT NULL,
  `bibliografy` text NOT NULL,
  `results_expr` text NOT NULL,
  `schedule` text NOT NULL,
  `work_plan` text NOT NULL,
  `equipment_available` text NOT NULL,
  `structure_need` text NOT NULL,
  `status` bigint(20) NOT NULL DEFAULT 0,
  `intensive` tinyint(1) NOT NULL DEFAULT 0,
  `coordinator_advice` varchar(255) DEFAULT NULL,
  `proec_advice` varchar(255) DEFAULT NULL,
  `administration_advice` varchar(255) DEFAULT NULL,
  `conuni_advice` varchar(255) DEFAULT NULL,
  `finance_advice` varchar(255) DEFAULT NULL,
  `partner_advice` varchar(255) DEFAULT NULL,
  `created_at` datetime NOT NULL,
  `updated_at` datetime NOT NULL,
  `created_by` bigint(20) DEFAULT NULL,
  `updated_by` bigint(20) DEFAULT NULL,
  PRIMARY KEY (`id`),
  KEY `area_id_idx` (`area_id`),
  KEY `theme_id_idx` (`theme_id`),
  KEY `line_id_idx` (`line_id`),
  KEY `action_id_idx` (`action_id`),
  KEY `course_id_idx` (`course_id`),
  KEY `created_by_idx` (`created_by`),
  KEY `updated_by_idx` (`updated_by`)
) ENGINE=InnoDB DEFAULT CHARSET=utf8mb4;
/*!40101 SET character_set_client = @saved_cs_client */;

--
-- Dumping data for table `projects`
--

LOCK TABLES `projects` WRITE;
/*!40000 ALTER TABLE `projects` DISABLE KEYS */;
/*!40000 ALTER TABLE `projects` ENABLE KEYS */;
UNLOCK TABLES;

--
-- Table structure for table `projects_action`
--

DROP TABLE IF EXISTS `projects_action`;
/*!40101 SET @saved_cs_client     = @@character_set_client */;
/*!40101 SET character_set_client = utf8 */;
CREATE TABLE `projects_action` (
  `id` bigint(20) NOT NULL AUTO_INCREMENT,
  `description` varchar(255) NOT NULL,
  PRIMARY KEY (`id`)
) ENGINE=InnoDB DEFAULT CHARSET=utf8mb4;
/*!40101 SET character_set_client = @saved_cs_client */;

--
-- Dumping data for table `projects_action`
--

LOCK TABLES `projects_action` WRITE;
/*!40000 ALTER TABLE `projects_action` DISABLE KEYS */;
/*!40000 ALTER TABLE `projects_action` ENABLE KEYS */;
UNLOCK TABLES;

--
-- Table structure for table `projects_area`
--

DROP TABLE IF EXISTS `projects_area`;
/*!40101 SET @saved_cs_client     = @@character_set_client */;
/*!40101 SET character_set_client = utf8 */;
CREATE TABLE `projects_area` (
  `id` bigint(20) NOT NULL AUTO_INCREMENT,
  `great_area` varchar(255) NOT NULL,
  `code` varchar(255) NOT NULL,
  `course_id` bigint(20) NOT NULL,
  PRIMARY KEY (`id`),
  KEY `course_id_idx` (`course_id`)
) ENGINE=InnoDB DEFAULT CHARSET=utf8mb4;
/*!40101 SET character_set_client = @saved_cs_client */;

--
-- Dumping data for table `projects_area`
--

LOCK TABLES `projects_area` WRITE;
/*!40000 ALTER TABLE `projects_area` DISABLE KEYS */;
/*!40000 ALTER TABLE `projects_area` ENABLE KEYS */;
UNLOCK TABLES;

--
-- Table structure for table `projects_certification`
--

DROP TABLE IF EXISTS `projects_certification`;
/*!40101 SET @saved_cs_client     = @@character_set_client */;
/*!40101 SET character_set_client = utf8 */;
CREATE TABLE `projects_certification` (
  `id` bigint(20) NOT NULL AUTO_INCREMENT,
  `project_id` bigint(20) NOT NULL,
  `name` varchar(255) NOT NULL,
  `function_id` bigint(20) NOT NULL,
  `ch` varchar(255) DEFAULT NULL,
  `title` varchar(255) DEFAULT NULL,
  `ement` text DEFAULT NULL,
  `email` varchar(255) DEFAULT NULL,
  `done` tinyint(1) NOT NULL DEFAULT 0,
  PRIMARY KEY (`id`),
  KEY `project_id_idx` (`project_id`),
  KEY `function_id_idx` (`function_id`)
) ENGINE=InnoDB DEFAULT CHARSET=utf8mb4;
/*!40101 SET character_set_client = @saved_cs_client */;

--
-- Dumping data for table `projects_certification`
--

LOCK TABLES `projects_certification` WRITE;
/*!40000 ALTER TABLE `projects_certification` DISABLE KEYS */;
/*!40000 ALTER TABLE `projects_certification` ENABLE KEYS */;
UNLOCK TABLES;

--
-- Table structure for table `projects_certification_function`
--

DROP TABLE IF EXISTS `projects_certification_function`;
/*!40101 SET @saved_cs_client     = @@character_set_client */;
/*!40101 SET character_set_client = utf8 */;
CREATE TABLE `projects_certification_function` (
  `id` bigint(20) NOT NULL AUTO_INCREMENT,
  `description` varchar(255) NOT NULL,
  PRIMARY KEY (`id`)
) ENGINE=InnoDB DEFAULT CHARSET=utf8mb4;
/*!40101 SET character_set_client = @saved_cs_client */;

--
-- Dumping data for table `projects_certification_function`
--

LOCK TABLES `projects_certification_function` WRITE;
/*!40000 ALTER TABLE `projects_certification_function` DISABLE KEYS */;
/*!40000 ALTER TABLE `projects_certification_function` ENABLE KEYS */;
UNLOCK TABLES;

--
-- Table structure for table `projects_course`
--

DROP TABLE IF EXISTS `projects_course`;
/*!40101 SET @saved_cs_client     = @@character_set_client */;
/*!40101 SET character_set_client = utf8 */;
CREATE TABLE `projects_course` (
  `id` bigint(20) NOT NULL AUTO_INCREMENT,
  `project_id` bigint(20) NOT NULL,
  `course_id` bigint(20) NOT NULL,
  PRIMARY KEY (`id`),
  KEY `course_id_idx` (`course_id`),
  KEY `project_id_idx` (`project_id`)
) ENGINE=InnoDB DEFAULT CHARSET=utf8mb4;
/*!40101 SET character_set_client = @saved_cs_client */;

--
-- Dumping data for table `projects_course`
--

LOCK TABLES `projects_course` WRITE;
/*!40000 ALTER TABLE `projects_course` DISABLE KEYS */;
/*!40000 ALTER TABLE `projects_course` ENABLE KEYS */;
UNLOCK TABLES;

--
-- Table structure for table `projects_holder`
--

DROP TABLE IF EXISTS `projects_holder`;
/*!40101 SET @saved_cs_client     = @@character_set_client */;
/*!40101 SET character_set_client = utf8 */;
CREATE TABLE `projects_holder` (
  `id` bigint(20) NOT NULL AUTO_INCREMENT,
  `project_id` bigint(20) NOT NULL,
  `reason` text NOT NULL,
  PRIMARY KEY (`id`),
  KEY `project_id_idx` (`project_id`)
) ENGINE=InnoDB DEFAULT CHARSET=utf8mb4;
/*!40101 SET character_set_client = @saved_cs_client */;

--
-- Dumping data for table `projects_holder`
--

LOCK TABLES `projects_holder` WRITE;
/*!40000 ALTER TABLE `projects_holder` DISABLE KEYS */;
/*!40000 ALTER TABLE `projects_holder` ENABLE KEYS */;
UNLOCK TABLES;

--
-- Table structure for table `projects_line`
--

DROP TABLE IF EXISTS `projects_line`;
/*!40101 SET @saved_cs_client     = @@character_set_client */;
/*!40101 SET character_set_client = utf8 */;
CREATE TABLE `projects_line` (
  `id` bigint(20) NOT NULL AUTO_INCREMENT,
  `summary` varchar(255) NOT NULL,
  `description` text NOT NULL,
  PRIMARY KEY (`id`)
) ENGINE=InnoDB DEFAULT CHARSET=utf8mb4;
/*!40101 SET character_set_client = @saved_cs_client */;

--
-- Dumping data for table `projects_line`
--

LOCK TABLES `projects_line` WRITE;
/*!40000 ALTER TABLE `projects_line` DISABLE KEYS */;
/*!40000 ALTER TABLE `projects_line` ENABLE KEYS */;
UNLOCK TABLES;

--
-- Table structure for table `projects_material`
--

DROP TABLE IF EXISTS `projects_material`;
/*!40101 SET @saved_cs_client     = @@character_set_client */;
/*!40101 SET character_set_client = utf8 */;
CREATE TABLE `projects_material` (
  `id` bigint(20) NOT NULL AUTO_INCREMENT,
  `project_id` bigint(20) NOT NULL,
  `type` bigint(20) NOT NULL,
  `priority` varchar(255) NOT NULL,
  `quantity` varchar(255) NOT NULL,
  `espcs` varchar(255) NOT NULL,
  `val` float(18,2) NOT NULL,
  `val_total` float(18,2) NOT NULL,
  PRIMARY KEY (`id`),
  KEY `project_id_idx` (`project_id`)
) ENGINE=InnoDB DEFAULT CHARSET=utf8mb4;
/*!40101 SET character_set_client = @saved_cs_client */;

--
-- Dumping data for table `projects_material`
--

LOCK TABLES `projects_material` WRITE;
/*!40000 ALTER TABLE `projects_material` DISABLE KEYS */;
/*!40000 ALTER TABLE `projects_material` ENABLE KEYS */;
UNLOCK TABLES;

--
-- Table structure for table `projects_matriculation`
--

DROP TABLE IF EXISTS `projects_matriculation`;
/*!40101 SET @saved_cs_client     = @@character_set_client */;
/*!40101 SET character_set_client = utf8 */;
CREATE TABLE `projects_matriculation` (
  `id` bigint(20) NOT NULL AUTO_INCREMENT,
  `project_id` bigint(20) NOT NULL,
  `matriculation_id` bigint(20) NOT NULL,
  PRIMARY KEY (`id`),
  UNIQUE KEY `project_matriculation_idx` (`project_id`,`matriculation_id`),
  KEY `matriculation_id_idx` (`matriculation_id`),
  KEY `project_id_idx` (`project_id`)
) ENGINE=InnoDB DEFAULT CHARSET=utf8mb4;
/*!40101 SET character_set_client = @saved_cs_client */;

--
-- Dumping data for table `projects_matriculation`
--

LOCK TABLES `projects_matriculation` WRITE;
/*!40000 ALTER TABLE `projects_matriculation` DISABLE KEYS */;
/*!40000 ALTER TABLE `projects_matriculation` ENABLE KEYS */;
UNLOCK TABLES;

--
-- Table structure for table `projects_professor`
--

DROP TABLE IF EXISTS `projects_professor`;
/*!40101 SET @saved_cs_client     = @@character_set_client */;
/*!40101 SET character_set_client = utf8 */;
CREATE TABLE `projects_professor` (
  `id` bigint(20) NOT NULL AUTO_INCREMENT,
  `project_id` bigint(20) NOT NULL,
  `professor_id` bigint(20) NOT NULL,
  `ch` float(18,2) NOT NULL,
  `function` varchar(255) DEFAULT NULL,
  PRIMARY KEY (`id`),
  KEY `professor_id_idx` (`professor_id`),
  KEY `project_id_idx` (`project_id`)
) ENGINE=InnoDB DEFAULT CHARSET=utf8mb4;
/*!40101 SET character_set_client = @saved_cs_client */;

--
-- Dumping data for table `projects_professor`
--

LOCK TABLES `projects_professor` WRITE;
/*!40000 ALTER TABLE `projects_professor` DISABLE KEYS */;
/*!40000 ALTER TABLE `projects_professor` ENABLE KEYS */;
UNLOCK TABLES;

--
-- Table structure for table `projects_report`
--

DROP TABLE IF EXISTS `projects_report`;
/*!40101 SET @saved_cs_client     = @@character_set_client */;
/*!40101 SET character_set_client = utf8 */;
CREATE TABLE `projects_report` (
  `id` bigint(20) NOT NULL AUTO_INCREMENT,
  `project_id` bigint(20) NOT NULL,
  `results_expected` text NOT NULL,
  `schedule_expected` text NOT NULL,
  `pending_activities` text NOT NULL,
  `number_presents` bigint(20) NOT NULL,
  `professor_ies` text NOT NULL,
  `pos_student` text NOT NULL,
  `staff_ies` text NOT NULL,
  `other_ies` text NOT NULL,
  `comunity_ies` text NOT NULL,
  PRIMARY KEY (`id`),
  KEY `project_id_idx` (`project_id`)
) ENGINE=InnoDB DEFAULT CHARSET=utf8mb4;
/*!40101 SET character_set_client = @saved_cs_client */;

--
-- Dumping data for table `projects_report`
--

LOCK TABLES `projects_report` WRITE;
/*!40000 ALTER TABLE `projects_report` DISABLE KEYS */;
/*!40000 ALTER TABLE `projects_report` ENABLE KEYS */;
UNLOCK TABLES;

--
-- Table structure for table `projects_theme`
--

DROP TABLE IF EXISTS `projects_theme`;
/*!40101 SET @saved_cs_client     = @@character_set_client */;
/*!40101 SET character_set_client = utf8 */;
CREATE TABLE `projects_theme` (
  `id` bigint(20) NOT NULL AUTO_INCREMENT,
  `description` text NOT NULL,
  `abv` varchar(255) NOT NULL,
  PRIMARY KEY (`id`)
) ENGINE=InnoDB DEFAULT CHARSET=utf8mb4;
/*!40101 SET character_set_client = @saved_cs_client */;

--
-- Dumping data for table `projects_theme`
--

LOCK TABLES `projects_theme` WRITE;
/*!40000 ALTER TABLE `projects_theme` DISABLE KEYS */;
/*!40000 ALTER TABLE `projects_theme` ENABLE KEYS */;
UNLOCK TABLES;

--
-- Table structure for table `requisition`
--

DROP TABLE IF EXISTS `requisition`;
/*!40101 SET @saved_cs_client     = @@character_set_client */;
/*!40101 SET character_set_client = utf8 */;
CREATE TABLE `requisition` (
  `id` bigint(20) NOT NULL AUTO_INCREMENT,
  `requisition_type_id` bigint(20) NOT NULL,
  `comment` text DEFAULT NULL,
  `reply` text DEFAULT NULL,
  `status` bigint(20) DEFAULT 0,
  `file` varchar(255) DEFAULT NULL,
  `created_at` datetime NOT NULL,
  `updated_at` datetime NOT NULL,
  `created_by` bigint(20) DEFAULT NULL,
  `updated_by` bigint(20) DEFAULT NULL,
  PRIMARY KEY (`id`),
  KEY `requisition_type_id_idx` (`requisition_type_id`),
  KEY `created_by_idx` (`created_by`),
  KEY `updated_by_idx` (`updated_by`)
) ENGINE=InnoDB DEFAULT CHARSET=utf8mb4;
/*!40101 SET character_set_client = @saved_cs_client */;

--
-- Dumping data for table `requisition`
--

LOCK TABLES `requisition` WRITE;
/*!40000 ALTER TABLE `requisition` DISABLE KEYS */;
/*!40000 ALTER TABLE `requisition` ENABLE KEYS */;
UNLOCK TABLES;

--
-- Table structure for table `requisition_type`
--

DROP TABLE IF EXISTS `requisition_type`;
/*!40101 SET @saved_cs_client     = @@character_set_client */;
/*!40101 SET character_set_client = utf8 */;
CREATE TABLE `requisition_type` (
  `id` bigint(20) NOT NULL AUTO_INCREMENT,
  `description` varchar(255) NOT NULL,
  `need_file` tinyint(1) NOT NULL,
  `coordinator` tinyint(1) NOT NULL,
  PRIMARY KEY (`id`)
) ENGINE=InnoDB DEFAULT CHARSET=utf8mb4;
/*!40101 SET character_set_client = @saved_cs_client */;

--
-- Dumping data for table `requisition_type`
--

LOCK TABLES `requisition_type` WRITE;
/*!40000 ALTER TABLE `requisition_type` DISABLE KEYS */;
/*!40000 ALTER TABLE `requisition_type` ENABLE KEYS */;
UNLOCK TABLES;

--
-- Table structure for table `room`
--

DROP TABLE IF EXISTS `room`;
/*!40101 SET @saved_cs_client     = @@character_set_client */;
/*!40101 SET character_set_client = utf8 */;
CREATE TABLE `room` (
  `id` bigint(20) NOT NULL AUTO_INCREMENT,
  `name` varchar(255) NOT NULL,
  `campus_id` bigint(20) NOT NULL,
  `created_at` datetime NOT NULL,
  `updated_at` datetime NOT NULL,
  `created_by` bigint(20) DEFAULT NULL,
  `updated_by` bigint(20) DEFAULT NULL,
  PRIMARY KEY (`id`),
  UNIQUE KEY `unique_name_idx` (`name`,`campus_id`),
  KEY `campus_id_idx` (`campus_id`),
  KEY `created_by_idx` (`created_by`),
  KEY `updated_by_idx` (`updated_by`)
) ENGINE=InnoDB DEFAULT CHARSET=utf8mb4;
/*!40101 SET character_set_client = @saved_cs_client */;

--
-- Dumping data for table `room`
--

LOCK TABLES `room` WRITE;
/*!40000 ALTER TABLE `room` DISABLE KEYS */;
/*!40000 ALTER TABLE `room` ENABLE KEYS */;
UNLOCK TABLES;

--
-- Table structure for table `schedule`
--

DROP TABLE IF EXISTS `schedule`;
/*!40101 SET @saved_cs_client     = @@character_set_client */;
/*!40101 SET character_set_client = utf8 */;
CREATE TABLE `schedule` (
  `id` bigint(20) NOT NULL AUTO_INCREMENT,
  `name` varchar(255) NOT NULL,
  `start_at` time DEFAULT NULL,
  `end_at` time DEFAULT NULL,
  PRIMARY KEY (`id`)
) ENGINE=InnoDB DEFAULT CHARSET=utf8mb4;
/*!40101 SET character_set_client = @saved_cs_client */;

--
-- Dumping data for table `schedule`
--

LOCK TABLES `schedule` WRITE;
/*!40000 ALTER TABLE `schedule` DISABLE KEYS */;
/*!40000 ALTER TABLE `schedule` ENABLE KEYS */;
UNLOCK TABLES;

--
-- Table structure for table `semester`
--

DROP TABLE IF EXISTS `semester`;
/*!40101 SET @saved_cs_client     = @@character_set_client */;
/*!40101 SET character_set_client = utf8 */;
CREATE TABLE `semester` (
  `id` bigint(20) NOT NULL AUTO_INCREMENT,
  `year` varchar(4) DEFAULT NULL,
  `period` varchar(255) DEFAULT NULL,
  `semester_type_id` bigint(20) NOT NULL,
  `start_date` datetime NOT NULL,
  `end_date` datetime NOT NULL,
  `lock_start_date` datetime NOT NULL,
  `lock_end_date` datetime NOT NULL,
  `monitor_start_date` datetime DEFAULT NULL,
  `monitor_end_date` datetime DEFAULT NULL,
  `candidate_start_date` datetime DEFAULT NULL,
  `candidate_end_date` datetime DEFAULT NULL,
  `lock_plan` datetime DEFAULT NULL,
  `lock_notes` datetime DEFAULT NULL,
  `regular` tinyint(1) DEFAULT NULL,
  `vacation` tinyint(1) DEFAULT NULL,
  `admission` tinyint(1) DEFAULT NULL,
  `start_matriculation` datetime NOT NULL,
  `end_matriculation` datetime NOT NULL,
  `process_date` datetime DEFAULT NULL,
  `number_process` bigint(20) NOT NULL,
  `created_at` datetime NOT NULL,
  `updated_at` datetime NOT NULL,
  `created_by` bigint(20) DEFAULT NULL,
  `updated_by` bigint(20) DEFAULT NULL,
  PRIMARY KEY (`id`),
  UNIQUE KEY `year_period_semester_type_id_idx` (`year`,`period`,`semester_type_id`),
  KEY `semester_type_id_idx` (`semester_type_id`),
  KEY `created_by_idx` (`created_by`),
  KEY `updated_by_idx` (`updated_by`)
) ENGINE=InnoDB DEFAULT CHARSET=utf8mb4;
/*!40101 SET character_set_client = @saved_cs_client */;

--
-- Dumping data for table `semester`
--

LOCK TABLES `semester` WRITE;
/*!40000 ALTER TABLE `semester` DISABLE KEYS */;
/*!40000 ALTER TABLE `semester` ENABLE KEYS */;
UNLOCK TABLES;

--
-- Table structure for table `semester_matriculation`
--

DROP TABLE IF EXISTS `semester_matriculation`;
/*!40101 SET @saved_cs_client     = @@character_set_client */;
/*!40101 SET character_set_client = utf8 */;
CREATE TABLE `semester_matriculation` (
  `semester_id` bigint(20) NOT NULL,
  `matriculation_id` bigint(20) NOT NULL,
  `choice` bigint(20) NOT NULL,
  PRIMARY KEY (`semester_id`,`matriculation_id`)
) ENGINE=InnoDB DEFAULT CHARSET=utf8mb4;
/*!40101 SET character_set_client = @saved_cs_client */;

--
-- Dumping data for table `semester_matriculation`
--

LOCK TABLES `semester_matriculation` WRITE;
/*!40000 ALTER TABLE `semester_matriculation` DISABLE KEYS */;
/*!40000 ALTER TABLE `semester_matriculation` ENABLE KEYS */;
UNLOCK TABLES;

--
-- Table structure for table `semester_type`
--

DROP TABLE IF EXISTS `semester_type`;
/*!40101 SET @saved_cs_client     = @@character_set_client */;
/*!40101 SET character_set_client = utf8 */;
CREATE TABLE `semester_type` (
  `id` bigint(20) NOT NULL AUTO_INCREMENT,
  `description` varchar(20) DEFAULT NULL,
  PRIMARY KEY (`id`)
) ENGINE=InnoDB DEFAULT CHARSET=utf8mb4;
/*!40101 SET character_set_client = @saved_cs_client */;

--
-- Dumping data for table `semester_type`
--

LOCK TABLES `semester_type` WRITE;
/*!40000 ALTER TABLE `semester_type` DISABLE KEYS */;
/*!40000 ALTER TABLE `semester_type` ENABLE KEYS */;
UNLOCK TABLES;

--
-- Table structure for table `sf_guard_forgot_password`
--

DROP TABLE IF EXISTS `sf_guard_forgot_password`;
/*!40101 SET @saved_cs_client     = @@character_set_client */;
/*!40101 SET character_set_client = utf8 */;
CREATE TABLE `sf_guard_forgot_password` (
  `id` bigint(20) NOT NULL AUTO_INCREMENT,
  `user_id` bigint(20) NOT NULL,
  `unique_key` varchar(255) DEFAULT NULL,
  `expires_at` datetime NOT NULL,
  `created_at` datetime NOT NULL,
  `updated_at` datetime NOT NULL,
  PRIMARY KEY (`id`),
  KEY `user_id_idx` (`user_id`)
) ENGINE=InnoDB DEFAULT CHARSET=utf8mb4;
/*!40101 SET character_set_client = @saved_cs_client */;

--
-- Dumping data for table `sf_guard_forgot_password`
--

LOCK TABLES `sf_guard_forgot_password` WRITE;
/*!40000 ALTER TABLE `sf_guard_forgot_password` DISABLE KEYS */;
/*!40000 ALTER TABLE `sf_guard_forgot_password` ENABLE KEYS */;
UNLOCK TABLES;

--
-- Table structure for table `sf_guard_group`
--

DROP TABLE IF EXISTS `sf_guard_group`;
/*!40101 SET @saved_cs_client     = @@character_set_client */;
/*!40101 SET character_set_client = utf8 */;
CREATE TABLE `sf_guard_group` (
  `id` bigint(20) NOT NULL AUTO_INCREMENT,
  `name` varchar(255) DEFAULT NULL,
  `description` text DEFAULT NULL,
  `created_at` datetime NOT NULL,
  `updated_at` datetime NOT NULL,
  PRIMARY KEY (`id`),
  UNIQUE KEY `name` (`name`)
) ENGINE=InnoDB DEFAULT CHARSET=utf8mb4;
/*!40101 SET character_set_client = @saved_cs_client */;

--
-- Dumping data for table `sf_guard_group`
--

LOCK TABLES `sf_guard_group` WRITE;
/*!40000 ALTER TABLE `sf_guard_group` DISABLE KEYS */;
/*!40000 ALTER TABLE `sf_guard_group` ENABLE KEYS */;
UNLOCK TABLES;

--
-- Table structure for table `sf_guard_group_permission`
--

DROP TABLE IF EXISTS `sf_guard_group_permission`;
/*!40101 SET @saved_cs_client     = @@character_set_client */;
/*!40101 SET character_set_client = utf8 */;
CREATE TABLE `sf_guard_group_permission` (
  `group_id` bigint(20) NOT NULL,
  `permission_id` bigint(20) NOT NULL,
  `created_at` datetime NOT NULL,
  `updated_at` datetime NOT NULL,
  PRIMARY KEY (`group_id`,`permission_id`)
) ENGINE=InnoDB DEFAULT CHARSET=utf8mb4;
/*!40101 SET character_set_client = @saved_cs_client */;

--
-- Dumping data for table `sf_guard_group_permission`
--

LOCK TABLES `sf_guard_group_permission` WRITE;
/*!40000 ALTER TABLE `sf_guard_group_permission` DISABLE KEYS */;
/*!40000 ALTER TABLE `sf_guard_group_permission` ENABLE KEYS */;
UNLOCK TABLES;

--
-- Table structure for table `sf_guard_module`
--

DROP TABLE IF EXISTS `sf_guard_module`;
/*!40101 SET @saved_cs_client     = @@character_set_client */;
/*!40101 SET character_set_client = utf8 */;
CREATE TABLE `sf_guard_module` (
  `id` bigint(20) NOT NULL AUTO_INCREMENT,
  `name` varchar(255) DEFAULT NULL,
  `created_at` datetime NOT NULL,
  `updated_at` datetime NOT NULL,
  PRIMARY KEY (`id`),
  UNIQUE KEY `name` (`name`)
) ENGINE=InnoDB DEFAULT CHARSET=utf8mb4;
/*!40101 SET character_set_client = @saved_cs_client */;

--
-- Dumping data for table `sf_guard_module`
--

LOCK TABLES `sf_guard_module` WRITE;
/*!40000 ALTER TABLE `sf_guard_module` DISABLE KEYS */;
/*!40000 ALTER TABLE `sf_guard_module` ENABLE KEYS */;
UNLOCK TABLES;

--
-- Table structure for table `sf_guard_permission`
--

DROP TABLE IF EXISTS `sf_guard_permission`;
/*!40101 SET @saved_cs_client     = @@character_set_client */;
/*!40101 SET character_set_client = utf8 */;
CREATE TABLE `sf_guard_permission` (
  `id` bigint(20) NOT NULL AUTO_INCREMENT,
  `name` varchar(255) DEFAULT NULL,
  `module_id` bigint(20) DEFAULT NULL,
  `description` text DEFAULT NULL,
  `created_at` datetime NOT NULL,
  `updated_at` datetime NOT NULL,
  PRIMARY KEY (`id`),
  UNIQUE KEY `name` (`name`),
  KEY `module_id_idx` (`module_id`)
) ENGINE=InnoDB DEFAULT CHARSET=utf8mb4;
/*!40101 SET character_set_client = @saved_cs_client */;

--
-- Dumping data for table `sf_guard_permission`
--

LOCK TABLES `sf_guard_permission` WRITE;
/*!40000 ALTER TABLE `sf_guard_permission` DISABLE KEYS */;
/*!40000 ALTER TABLE `sf_guard_permission` ENABLE KEYS */;
UNLOCK TABLES;

--
-- Table structure for table `sf_guard_remember_key`
--

DROP TABLE IF EXISTS `sf_guard_remember_key`;
/*!40101 SET @saved_cs_client     = @@character_set_client */;
/*!40101 SET character_set_client = utf8 */;
CREATE TABLE `sf_guard_remember_key` (
  `id` bigint(20) NOT NULL AUTO_INCREMENT,
  `user_id` bigint(20) DEFAULT NULL,
  `remember_key` varchar(32) DEFAULT NULL,
  `ip_address` varchar(50) DEFAULT NULL,
  `created_at` datetime NOT NULL,
  `updated_at` datetime NOT NULL,
  PRIMARY KEY (`id`),
  KEY `user_id_idx` (`user_id`)
) ENGINE=InnoDB DEFAULT CHARSET=utf8mb4;
/*!40101 SET character_set_client = @saved_cs_client */;

--
-- Dumping data for table `sf_guard_remember_key`
--

LOCK TABLES `sf_guard_remember_key` WRITE;
/*!40000 ALTER TABLE `sf_guard_remember_key` DISABLE KEYS */;
/*!40000 ALTER TABLE `sf_guard_remember_key` ENABLE KEYS */;
UNLOCK TABLES;

--
-- Table structure for table `sf_guard_user`
--

DROP TABLE IF EXISTS `sf_guard_user`;
/*!40101 SET @saved_cs_client     = @@character_set_client */;
/*!40101 SET character_set_client = utf8 */;
CREATE TABLE `sf_guard_user` (
  `id` bigint(20) NOT NULL AUTO_INCREMENT,
  `first_name` varchar(255) DEFAULT NULL,
  `last_name` varchar(255) DEFAULT NULL,
  `email_address` varchar(255) NOT NULL,
  `username` varchar(128) NOT NULL,
  `algorithm` varchar(128) NOT NULL DEFAULT 'sha1',
  `salt` varchar(128) DEFAULT NULL,
  `password` varchar(128) DEFAULT NULL,
  `is_active` tinyint(1) DEFAULT 1,
  `is_super_admin` tinyint(1) DEFAULT 0,
  `last_login` datetime DEFAULT NULL,
  `created_at` datetime NOT NULL,
  `updated_at` datetime NOT NULL,
  PRIMARY KEY (`id`),
  UNIQUE KEY `email_address` (`email_address`),
  UNIQUE KEY `username` (`username`),
  KEY `is_active_idx_idx` (`is_active`)
) ENGINE=InnoDB AUTO_INCREMENT=2 DEFAULT CHARSET=utf8mb4;
/*!40101 SET character_set_client = @saved_cs_client */;

--
-- Dumping data for table `sf_guard_user`
--

LOCK TABLES `sf_guard_user` WRITE;
/*!40000 ALTER TABLE `sf_guard_user` DISABLE KEYS */;
INSERT INTO `sf_guard_user` VALUES (1,'marcel','nagm','marcel.nagm@gmail.com','admin','sha1','57c24054297573698cfa7b3f3bbee757','96e2aadf87a80d8b574c8071c91d72ffbd53e0c5',1,1,'2021-03-24 19:25:58','2021-03-24 19:25:04','2021-03-24 19:25:58');
/*!40000 ALTER TABLE `sf_guard_user` ENABLE KEYS */;
UNLOCK TABLES;

--
-- Table structure for table `sf_guard_user_group`
--

DROP TABLE IF EXISTS `sf_guard_user_group`;
/*!40101 SET @saved_cs_client     = @@character_set_client */;
/*!40101 SET character_set_client = utf8 */;
CREATE TABLE `sf_guard_user_group` (
  `user_id` bigint(20) NOT NULL,
  `group_id` bigint(20) NOT NULL,
  `created_at` datetime NOT NULL,
  `updated_at` datetime NOT NULL,
  PRIMARY KEY (`user_id`,`group_id`)
) ENGINE=InnoDB DEFAULT CHARSET=utf8mb4;
/*!40101 SET character_set_client = @saved_cs_client */;

--
-- Dumping data for table `sf_guard_user_group`
--

LOCK TABLES `sf_guard_user_group` WRITE;
/*!40000 ALTER TABLE `sf_guard_user_group` DISABLE KEYS */;
/*!40000 ALTER TABLE `sf_guard_user_group` ENABLE KEYS */;
UNLOCK TABLES;

--
-- Table structure for table `sf_guard_user_permission`
--

DROP TABLE IF EXISTS `sf_guard_user_permission`;
/*!40101 SET @saved_cs_client     = @@character_set_client */;
/*!40101 SET character_set_client = utf8 */;
CREATE TABLE `sf_guard_user_permission` (
  `user_id` bigint(20) NOT NULL,
  `permission_id` bigint(20) NOT NULL,
  `created_at` datetime NOT NULL,
  `updated_at` datetime NOT NULL,
  PRIMARY KEY (`user_id`,`permission_id`)
) ENGINE=InnoDB DEFAULT CHARSET=utf8mb4;
/*!40101 SET character_set_client = @saved_cs_client */;

--
-- Dumping data for table `sf_guard_user_permission`
--

LOCK TABLES `sf_guard_user_permission` WRITE;
/*!40000 ALTER TABLE `sf_guard_user_permission` DISABLE KEYS */;
/*!40000 ALTER TABLE `sf_guard_user_permission` ENABLE KEYS */;
UNLOCK TABLES;

--
-- Table structure for table `sf_messages`
--

DROP TABLE IF EXISTS `sf_messages`;
/*!40101 SET @saved_cs_client     = @@character_set_client */;
/*!40101 SET character_set_client = utf8 */;
CREATE TABLE `sf_messages` (
  `id` bigint(20) NOT NULL AUTO_INCREMENT,
  `message` text DEFAULT NULL,
  `enviroment` varchar(20) DEFAULT NULL,
  `active` tinyint(1) DEFAULT 0,
  `popup` tinyint(1) DEFAULT 0,
  `expire_date` date DEFAULT NULL,
  PRIMARY KEY (`id`)
) ENGINE=InnoDB DEFAULT CHARSET=utf8mb4;
/*!40101 SET character_set_client = @saved_cs_client */;

--
-- Dumping data for table `sf_messages`
--

LOCK TABLES `sf_messages` WRITE;
/*!40000 ALTER TABLE `sf_messages` DISABLE KEYS */;
/*!40000 ALTER TABLE `sf_messages` ENABLE KEYS */;
UNLOCK TABLES;

--
-- Table structure for table `state`
--

DROP TABLE IF EXISTS `state`;
/*!40101 SET @saved_cs_client     = @@character_set_client */;
/*!40101 SET character_set_client = utf8 */;
CREATE TABLE `state` (
  `id` bigint(20) NOT NULL AUTO_INCREMENT,
  `name` varchar(255) NOT NULL,
  `uf` varchar(255) NOT NULL,
  `country_id` bigint(20) NOT NULL,
  PRIMARY KEY (`id`),
  KEY `country_id_idx` (`country_id`)
) ENGINE=InnoDB DEFAULT CHARSET=utf8mb4;
/*!40101 SET character_set_client = @saved_cs_client */;

--
-- Dumping data for table `state`
--

LOCK TABLES `state` WRITE;
/*!40000 ALTER TABLE `state` DISABLE KEYS */;
/*!40000 ALTER TABLE `state` ENABLE KEYS */;
UNLOCK TABLES;

--
-- Table structure for table `student`
--

DROP TABLE IF EXISTS `student`;
/*!40101 SET @saved_cs_client     = @@character_set_client */;
/*!40101 SET character_set_client = utf8 */;
CREATE TABLE `student` (
  `id` bigint(20) NOT NULL AUTO_INCREMENT,
  `name` varchar(255) NOT NULL,
  `birth` date NOT NULL,
  `phone` varchar(255) DEFAULT NULL,
  `cel` varchar(255) DEFAULT NULL,
  `civil_status` varchar(255) NOT NULL,
  `sex` varchar(1) NOT NULL,
  `deficiency` varchar(255) DEFAULT NULL,
  `rg` varchar(255) DEFAULT NULL,
  `rg_organ` varchar(255) DEFAULT NULL,
  `rg_expedition` date DEFAULT NULL,
  `is_stranger` tinyint(1) NOT NULL DEFAULT 0,
  `voter` varchar(255) DEFAULT NULL,
  `passport` varchar(255) DEFAULT NULL,
  `mother` varchar(255) NOT NULL,
  `father` varchar(255) DEFAULT NULL,
  `nacionality` bigint(20) NOT NULL DEFAULT 33,
  `naturally` varchar(255) NOT NULL,
  `race` varchar(255) NOT NULL,
  `cpf` varchar(255) DEFAULT NULL,
  `created_at` datetime NOT NULL,
  `updated_at` datetime NOT NULL,
  `created_by` bigint(20) DEFAULT NULL,
  `updated_by` bigint(20) DEFAULT NULL,
  PRIMARY KEY (`id`),
  KEY `nacionality_idx` (`nacionality`),
  KEY `created_by_idx` (`created_by`),
  KEY `updated_by_idx` (`updated_by`)
) ENGINE=InnoDB DEFAULT CHARSET=utf8mb4;
/*!40101 SET character_set_client = @saved_cs_client */;

--
-- Dumping data for table `student`
--

LOCK TABLES `student` WRITE;
/*!40000 ALTER TABLE `student` DISABLE KEYS */;
/*!40000 ALTER TABLE `student` ENABLE KEYS */;
UNLOCK TABLES;

--
-- Table structure for table `student_instituition`
--

DROP TABLE IF EXISTS `student_instituition`;
/*!40101 SET @saved_cs_client     = @@character_set_client */;
/*!40101 SET character_set_client = utf8 */;
CREATE TABLE `student_instituition` (
  `student_id` bigint(20) NOT NULL,
  `instituition_id` bigint(20) NOT NULL,
  PRIMARY KEY (`student_id`,`instituition_id`)
) ENGINE=InnoDB DEFAULT CHARSET=utf8mb4;
/*!40101 SET character_set_client = @saved_cs_client */;

--
-- Dumping data for table `student_instituition`
--

LOCK TABLES `student_instituition` WRITE;
/*!40000 ALTER TABLE `student_instituition` DISABLE KEYS */;
/*!40000 ALTER TABLE `student_instituition` ENABLE KEYS */;
UNLOCK TABLES;

--
-- Current Database: `acc`
--

CREATE DATABASE /*!32312 IF NOT EXISTS*/ `acc` /*!40100 DEFAULT CHARACTER SET utf8mb4 */;

USE `acc`;

--
-- Current Database: `almoxarifado-uerr`
--

CREATE DATABASE /*!32312 IF NOT EXISTS*/ `almoxarifado-uerr` /*!40100 DEFAULT CHARACTER SET utf8mb4 */;

USE `almoxarifado-uerr`;

--
-- Current Database: `app`
--

CREATE DATABASE /*!32312 IF NOT EXISTS*/ `app` /*!40100 DEFAULT CHARACTER SET utf8mb4 */;

USE `app`;

--
-- Table structure for table `configuration`
--

DROP TABLE IF EXISTS `configuration`;
/*!40101 SET @saved_cs_client     = @@character_set_client */;
/*!40101 SET character_set_client = utf8 */;
CREATE TABLE `configuration` (
  `id` bigint(20) unsigned NOT NULL AUTO_INCREMENT,
  `user_id` bigint(20) unsigned NOT NULL,
  `exchange_id` int(10) unsigned DEFAULT NULL,
  `api_key` varchar(100) COLLATE utf8mb4_unicode_ci DEFAULT NULL,
  `api_secret` varchar(100) COLLATE utf8mb4_unicode_ci DEFAULT NULL,
  `bot_active` varchar(1) COLLATE utf8mb4_unicode_ci DEFAULT NULL,
  `balance_operation` double(8,2) DEFAULT NULL,
  `target_profile` smallint(6) DEFAULT NULL,
  `stop_loss` double(8,2) DEFAULT NULL,
  `telegram_active` varchar(1) COLLATE utf8mb4_unicode_ci NOT NULL DEFAULT '0',
  `telegram_key` varchar(100) COLLATE utf8mb4_unicode_ci DEFAULT NULL,
  `created_at` timestamp NULL DEFAULT NULL,
  `updated_at` timestamp NULL DEFAULT NULL,
  PRIMARY KEY (`id`)
) ENGINE=InnoDB AUTO_INCREMENT=6 DEFAULT CHARSET=utf8mb4 COLLATE=utf8mb4_unicode_ci;
/*!40101 SET character_set_client = @saved_cs_client */;

--
-- Dumping data for table `configuration`
--

LOCK TABLES `configuration` WRITE;
/*!40000 ALTER TABLE `configuration` DISABLE KEYS */;
INSERT INTO `configuration` VALUES (1,1,NULL,NULL,NULL,NULL,NULL,NULL,NULL,'0',NULL,NULL,NULL),(2,2,NULL,NULL,NULL,NULL,NULL,NULL,NULL,'0',NULL,NULL,NULL),(3,3,1,'K6MvkXf7HirQP2ckr9av0YRK1pPYdztNzrKYGMSKR38vEIunxVu4fT7cvPUjgLjG','obvTikunaAIV8e1cUUxshkwlqYTWMrC7DEpkAPCzkxgZr5qKmrzYvsg6IjF84hou','1',0.50,3,1.00,'0',NULL,NULL,NULL),(4,4,1,'K6MvkXf7HirQP2ckr9av0YRK1pPYdztNzrKYGMSKR38vEIunxVu4fT7cvPUjgLjG','obvTikunaAIV8e1cUUxshkwlqYTWMrC7DEpkAPCzkxgZr5qKmrzYvsg6IjF84hou','1',0.60,2,1.00,'0',NULL,NULL,NULL),(5,1,1,'K6MvkXf7HirQP2ckr9av0YRK1pPYdztNzrKYGMSKR38vEIunxVu4fT7cvPUjgLjG','obvTikunaAIV8e1cUUxshkwlqYTWMrC7DEpkAPCzkxgZr5qKmrzYvsg6IjF84hou','1',0.60,NULL,1.00,'0',NULL,NULL,NULL);
/*!40000 ALTER TABLE `configuration` ENABLE KEYS */;
UNLOCK TABLES;

--
-- Table structure for table `exchange`
--

DROP TABLE IF EXISTS `exchange`;
/*!40101 SET @saved_cs_client     = @@character_set_client */;
/*!40101 SET character_set_client = utf8 */;
CREATE TABLE `exchange` (
  `id` bigint(20) unsigned NOT NULL AUTO_INCREMENT,
  `name` varchar(50) COLLATE utf8mb4_unicode_ci NOT NULL,
  `created_at` timestamp NULL DEFAULT NULL,
  `updated_at` timestamp NULL DEFAULT NULL,
  PRIMARY KEY (`id`)
) ENGINE=InnoDB AUTO_INCREMENT=2 DEFAULT CHARSET=utf8mb4 COLLATE=utf8mb4_unicode_ci;
/*!40101 SET character_set_client = @saved_cs_client */;

--
-- Dumping data for table `exchange`
--

LOCK TABLES `exchange` WRITE;
/*!40000 ALTER TABLE `exchange` DISABLE KEYS */;
INSERT INTO `exchange` VALUES (1,'Binanace',NULL,NULL);
/*!40000 ALTER TABLE `exchange` ENABLE KEYS */;
UNLOCK TABLES;

--
-- Table structure for table `failed_jobs`
--

DROP TABLE IF EXISTS `failed_jobs`;
/*!40101 SET @saved_cs_client     = @@character_set_client */;
/*!40101 SET character_set_client = utf8 */;
CREATE TABLE `failed_jobs` (
  `id` bigint(20) unsigned NOT NULL AUTO_INCREMENT,
  `uuid` varchar(50) COLLATE utf8mb4_unicode_ci NOT NULL,
  `connection` text COLLATE utf8mb4_unicode_ci NOT NULL,
  `queue` text COLLATE utf8mb4_unicode_ci NOT NULL,
  `payload` longtext COLLATE utf8mb4_unicode_ci NOT NULL,
  `exception` longtext COLLATE utf8mb4_unicode_ci NOT NULL,
  `failed_at` timestamp NOT NULL DEFAULT current_timestamp(),
  PRIMARY KEY (`id`),
  UNIQUE KEY `failed_jobs_uuid_unique` (`uuid`)
) ENGINE=InnoDB DEFAULT CHARSET=utf8mb4 COLLATE=utf8mb4_unicode_ci;
/*!40101 SET character_set_client = @saved_cs_client */;

--
-- Dumping data for table `failed_jobs`
--

LOCK TABLES `failed_jobs` WRITE;
/*!40000 ALTER TABLE `failed_jobs` DISABLE KEYS */;
/*!40000 ALTER TABLE `failed_jobs` ENABLE KEYS */;
UNLOCK TABLES;

--
-- Table structure for table `invest_profile`
--

DROP TABLE IF EXISTS `invest_profile`;
/*!40101 SET @saved_cs_client     = @@character_set_client */;
/*!40101 SET character_set_client = utf8 */;
CREATE TABLE `invest_profile` (
  `id` bigint(20) unsigned NOT NULL AUTO_INCREMENT,
  `name` varchar(50) COLLATE utf8mb4_unicode_ci NOT NULL,
  `target_sell` varchar(50) COLLATE utf8mb4_unicode_ci NOT NULL,
  `created_at` timestamp NULL DEFAULT NULL,
  `updated_at` timestamp NULL DEFAULT NULL,
  PRIMARY KEY (`id`)
) ENGINE=InnoDB AUTO_INCREMENT=4 DEFAULT CHARSET=utf8mb4 COLLATE=utf8mb4_unicode_ci;
/*!40101 SET character_set_client = @saved_cs_client */;

--
-- Dumping data for table `invest_profile`
--

LOCK TABLES `invest_profile` WRITE;
/*!40000 ALTER TABLE `invest_profile` DISABLE KEYS */;
INSERT INTO `invest_profile` VALUES (1,'Perfil Conservador','target_1',NULL,NULL),(2,'Perfil Moderado','target_2',NULL,NULL),(3,'Perfil Agressivo','target_3',NULL,NULL);
/*!40000 ALTER TABLE `invest_profile` ENABLE KEYS */;
UNLOCK TABLES;

--
-- Table structure for table `migrations`
--

DROP TABLE IF EXISTS `migrations`;
/*!40101 SET @saved_cs_client     = @@character_set_client */;
/*!40101 SET character_set_client = utf8 */;
CREATE TABLE `migrations` (
  `id` int(10) unsigned NOT NULL AUTO_INCREMENT,
  `migration` varchar(255) COLLATE utf8mb4_unicode_ci NOT NULL,
  `batch` int(11) NOT NULL,
  PRIMARY KEY (`id`)
) ENGINE=InnoDB AUTO_INCREMENT=23 DEFAULT CHARSET=utf8mb4 COLLATE=utf8mb4_unicode_ci;
/*!40101 SET character_set_client = @saved_cs_client */;

--
-- Dumping data for table `migrations`
--

LOCK TABLES `migrations` WRITE;
/*!40000 ALTER TABLE `migrations` DISABLE KEYS */;
INSERT INTO `migrations` VALUES (1,'2014_10_11_000000__create_profile',1),(2,'2014_10_12_000000_create_users_table',1),(3,'2014_10_12_100000_create_password_resets_table',1),(4,'2014_10_12_200000_add_two_factor_columns_to_users_table',1),(5,'2019_08_19_000000_create_failed_jobs_table',1),(6,'2019_12_14_000001_create_personal_access_tokens_table',1),(7,'2020_12_17_093615_signatures_type',1),(8,'2020_12_17_104113_create_configuration_table',1),(9,'2020_12_17_113202_signatures',1),(10,'2020_12_17_124113_populate_user',1),(11,'2020_12_18_213015_create_pairs',1),(12,'2020_12_18_223015_create_signals',1),(13,'2020_12_21_113917_create_sessions_table',1),(14,'2020_12_22_131324_create_table_targets',1),(15,'2020_12_23_103007_create_exchange',1),(16,'2020_12_23_103903_create_invest_profile',1),(17,'2020_12_23_105931_populate_target',1),(18,'2020_12_24_121944_create_notification',1),(19,'2020_12_24_124113_populate_notification',1),(20,'2020_12_30_115559_create_table_orders',1),(21,'2020_12_30_121115_create_populare_orders',1),(22,'2020_12_30_125001_create_table_notification_generated',1);
/*!40000 ALTER TABLE `migrations` ENABLE KEYS */;
UNLOCK TABLES;

--
-- Table structure for table `multiples_targets`
--

DROP TABLE IF EXISTS `multiples_targets`;
/*!40101 SET @saved_cs_client     = @@character_set_client */;
/*!40101 SET character_set_client = utf8 */;
CREATE TABLE `multiples_targets` (
  `id` bigint(20) unsigned NOT NULL AUTO_INCREMENT,
  `user_id` bigint(20) unsigned NOT NULL,
  `pair_id` bigint(20) unsigned NOT NULL,
  `entry_value` double(8,2) unsigned NOT NULL,
  `payed` double(8,2) unsigned DEFAULT NULL,
  `target_1` double(8,2) unsigned NOT NULL,
  `target_1_p` double(8,2) unsigned NOT NULL,
  `target_2` double(8,2) unsigned DEFAULT NULL,
  `target_2_p` double(8,2) unsigned DEFAULT NULL,
  `target_3` double(8,2) unsigned DEFAULT NULL,
  `target_3_p` double(8,2) unsigned DEFAULT NULL,
  `reached` double(8,2) unsigned DEFAULT NULL,
  `signal_id` int(10) unsigned DEFAULT NULL,
  `order_id_generated` int(10) unsigned DEFAULT NULL,
  `balance` double(8,2) unsigned NOT NULL,
  `stop` double(8,2) unsigned NOT NULL,
  `stop_p` double(8,2) unsigned NOT NULL,
  `stop_up` double(8,2) unsigned NOT NULL,
  `finished` smallint(6) NOT NULL DEFAULT 0,
  `created_at` timestamp NULL DEFAULT NULL,
  `updated_at` timestamp NULL DEFAULT NULL,
  PRIMARY KEY (`id`)
) ENGINE=InnoDB AUTO_INCREMENT=31 DEFAULT CHARSET=utf8mb4 COLLATE=utf8mb4_unicode_ci;
/*!40101 SET character_set_client = @saved_cs_client */;

--
-- Dumping data for table `multiples_targets`
--

LOCK TABLES `multiples_targets` WRITE;
/*!40000 ALTER TABLE `multiples_targets` DISABLE KEYS */;
INSERT INTO `multiples_targets` VALUES (1,3,49,16.00,14.00,3.00,0.01,24.00,0.01,20.00,0.00,22.00,4,4541,1.00,18.00,0.05,0.10,1,'2020-11-16 23:02:14',NULL),(2,3,169,2.00,14.00,11.00,0.00,20.00,0.01,20.00,0.01,NULL,3,NULL,1.00,16.00,0.00,0.00,0,'2020-12-23 19:20:59',NULL),(3,3,100,6.00,0.00,2.00,0.00,1.00,0.01,7.00,0.01,2.00,6,4321,1.00,17.00,0.01,0.01,0,'2020-12-14 15:33:18',NULL),(4,3,183,6.00,16.00,3.00,0.01,20.00,0.00,21.00,0.00,22.00,4,4541,1.00,18.00,0.05,0.10,1,'2020-12-04 18:14:04',NULL),(5,3,202,11.00,6.00,18.00,0.01,24.00,0.01,21.00,0.00,NULL,5,NULL,1.00,15.00,0.01,0.01,0,'2020-12-26 05:35:28',NULL),(6,3,85,1.00,0.00,16.00,0.01,14.00,0.01,3.00,0.01,14.00,2,4321,1.00,17.00,0.01,0.01,0,'2020-11-26 19:36:41',NULL),(7,3,144,9.00,4.00,18.00,0.00,22.00,0.00,23.00,0.01,22.00,1,4541,1.00,18.00,0.05,0.10,1,'2020-12-09 21:42:24',NULL),(8,3,168,13.00,17.00,20.00,0.01,20.00,0.01,22.00,0.00,NULL,3,NULL,1.00,17.00,0.00,0.01,0,'2020-11-05 16:26:11',NULL),(9,3,119,12.00,0.00,16.00,0.01,2.00,0.01,19.00,0.00,2.00,6,4321,1.00,17.00,0.00,0.00,0,'2020-11-20 06:57:43',NULL),(10,3,71,1.00,6.00,9.00,0.01,24.00,0.00,21.00,0.01,22.00,6,4541,1.00,18.00,0.05,0.10,1,'2020-12-08 11:51:09',NULL),(11,3,128,3.00,9.00,6.00,0.00,22.00,0.01,21.00,0.01,NULL,3,NULL,1.00,18.00,0.01,0.01,0,'2020-12-28 23:23:21',NULL),(12,3,40,2.00,0.00,1.00,0.00,5.00,0.00,14.00,0.01,1.00,2,4321,1.00,16.00,0.01,0.00,0,'2020-12-08 10:33:17',NULL),(13,3,117,5.00,16.00,1.00,0.01,20.00,0.01,21.00,0.00,22.00,5,4541,1.00,18.00,0.05,0.10,1,'2020-11-14 20:58:37',NULL),(14,3,123,7.00,11.00,7.00,0.00,22.00,0.00,22.00,0.00,NULL,2,NULL,1.00,15.00,0.01,0.00,0,'2020-11-04 03:10:33',NULL),(15,3,155,12.00,0.00,17.00,0.01,19.00,0.01,17.00,0.00,17.00,6,4321,1.00,16.00,0.00,0.00,0,'2020-11-11 16:53:16',NULL),(16,3,179,10.00,7.00,7.00,0.01,22.00,0.01,22.00,0.00,22.00,1,4541,1.00,18.00,0.05,0.10,1,'2020-11-15 22:11:49',NULL),(17,3,218,19.00,8.00,6.00,0.01,20.00,0.00,22.00,0.01,NULL,4,NULL,1.00,15.00,0.01,0.01,0,'2020-11-08 19:55:21',NULL),(18,3,16,18.00,0.00,18.00,0.01,6.00,0.00,20.00,0.00,18.00,1,4321,1.00,18.00,0.00,0.00,0,'2020-12-31 14:18:48',NULL),(19,3,15,8.00,10.00,2.00,0.00,21.00,0.00,24.00,0.01,22.00,3,4541,1.00,18.00,0.05,0.10,1,'2020-12-03 15:46:43',NULL),(20,3,89,15.00,11.00,10.00,0.01,20.00,0.01,24.00,0.00,NULL,3,NULL,1.00,16.00,0.00,0.01,0,'2020-11-16 14:12:10',NULL),(21,3,133,12.00,0.00,14.00,0.01,2.00,0.01,9.00,0.00,2.00,4,4321,1.00,15.00,0.01,0.00,0,'2020-11-01 10:13:22',NULL),(22,3,125,15.00,16.00,17.00,0.00,24.00,0.01,23.00,0.01,22.00,6,4541,1.00,18.00,0.05,0.10,1,'2020-11-10 09:44:27',NULL),(23,3,130,9.00,9.00,20.00,0.01,24.00,0.01,22.00,0.01,NULL,1,NULL,1.00,15.00,0.00,0.00,0,'2020-12-31 10:09:43',NULL),(24,3,192,6.00,0.00,12.00,0.00,6.00,0.00,12.00,0.01,12.00,6,4321,1.00,18.00,0.01,0.01,0,'2020-11-17 14:57:23',NULL),(25,3,212,14.00,11.00,11.00,0.00,22.00,0.01,20.00,0.01,22.00,3,4541,1.00,18.00,0.05,0.10,1,'2020-12-23 19:04:24',NULL),(26,3,60,15.00,7.00,11.00,0.01,22.00,0.00,23.00,0.01,NULL,3,NULL,1.00,16.00,0.00,0.01,0,'2020-11-09 12:13:16',NULL),(27,3,133,8.00,0.00,18.00,0.00,19.00,0.00,19.00,0.00,19.00,3,4321,1.00,15.00,0.00,0.01,0,'2020-12-04 13:53:25',NULL),(28,3,103,3.00,3.00,6.00,0.00,23.00,0.01,22.00,0.00,22.00,1,4541,1.00,18.00,0.05,0.10,1,'2020-12-09 13:37:47',NULL),(29,3,66,14.00,8.00,17.00,0.01,20.00,0.01,20.00,0.01,NULL,4,NULL,1.00,17.00,0.00,0.01,0,'2020-12-02 22:28:07',NULL),(30,3,30,17.00,0.00,4.00,0.01,20.00,0.00,1.00,0.01,20.00,4,4321,1.00,18.00,0.00,0.01,0,'2020-11-01 09:31:34',NULL);
/*!40000 ALTER TABLE `multiples_targets` ENABLE KEYS */;
UNLOCK TABLES;

--
-- Table structure for table `notification`
--

DROP TABLE IF EXISTS `notification`;
/*!40101 SET @saved_cs_client     = @@character_set_client */;
/*!40101 SET character_set_client = utf8 */;
CREATE TABLE `notification` (
  `id` bigint(20) unsigned NOT NULL AUTO_INCREMENT,
  `type_id` smallint(6) NOT NULL DEFAULT 1,
  `user_id` bigint(20) unsigned NOT NULL,
  `title` varchar(255) COLLATE utf8mb4_unicode_ci NOT NULL,
  `message` varchar(255) COLLATE utf8mb4_unicode_ci NOT NULL,
  `readed` tinyint(1) NOT NULL DEFAULT 0,
  `created_at` timestamp NULL DEFAULT NULL,
  `updated_at` timestamp NULL DEFAULT NULL,
  PRIMARY KEY (`id`)
) ENGINE=InnoDB DEFAULT CHARSET=utf8mb4 COLLATE=utf8mb4_unicode_ci;
/*!40101 SET character_set_client = @saved_cs_client */;

--
-- Dumping data for table `notification`
--

LOCK TABLES `notification` WRITE;
/*!40000 ALTER TABLE `notification` DISABLE KEYS */;
/*!40000 ALTER TABLE `notification` ENABLE KEYS */;
UNLOCK TABLES;

--
-- Table structure for table `notification_generated`
--

DROP TABLE IF EXISTS `notification_generated`;
/*!40101 SET @saved_cs_client     = @@character_set_client */;
/*!40101 SET character_set_client = utf8 */;
CREATE TABLE `notification_generated` (
  `type_id` smallint(6) NOT NULL DEFAULT 1,
  `user_id` bigint(20) unsigned NOT NULL,
  `title` varchar(255) COLLATE utf8mb4_unicode_ci NOT NULL,
  `message` varchar(255) COLLATE utf8mb4_unicode_ci NOT NULL,
  `created_by` varchar(255) COLLATE utf8mb4_unicode_ci NOT NULL,
  `created_at` timestamp NULL DEFAULT NULL,
  `updated_at` timestamp NULL DEFAULT NULL
) ENGINE=InnoDB DEFAULT CHARSET=utf8mb4 COLLATE=utf8mb4_unicode_ci;
/*!40101 SET character_set_client = @saved_cs_client */;

--
-- Dumping data for table `notification_generated`
--

LOCK TABLES `notification_generated` WRITE;
/*!40000 ALTER TABLE `notification_generated` DISABLE KEYS */;
/*!40000 ALTER TABLE `notification_generated` ENABLE KEYS */;
UNLOCK TABLES;

--
-- Table structure for table `orders`
--

DROP TABLE IF EXISTS `orders`;
/*!40101 SET @saved_cs_client     = @@character_set_client */;
/*!40101 SET character_set_client = utf8 */;
CREATE TABLE `orders` (
  `id` bigint(20) unsigned NOT NULL AUTO_INCREMENT,
  `user_id` bigint(20) unsigned NOT NULL,
  `order_id` bigint(20) unsigned NOT NULL,
  `pair_id` bigint(20) unsigned NOT NULL,
  `type_of` varchar(255) COLLATE utf8mb4_unicode_ci NOT NULL,
  `amount` double(8,2) unsigned NOT NULL,
  `payed` double(8,2) unsigned NOT NULL,
  `created_at` timestamp NULL DEFAULT NULL,
  `updated_at` timestamp NULL DEFAULT NULL,
  PRIMARY KEY (`id`)
) ENGINE=InnoDB DEFAULT CHARSET=utf8mb4 COLLATE=utf8mb4_unicode_ci;
/*!40101 SET character_set_client = @saved_cs_client */;

--
-- Dumping data for table `orders`
--

LOCK TABLES `orders` WRITE;
/*!40000 ALTER TABLE `orders` DISABLE KEYS */;
/*!40000 ALTER TABLE `orders` ENABLE KEYS */;
UNLOCK TABLES;

--
-- Table structure for table `pairs`
--

DROP TABLE IF EXISTS `pairs`;
/*!40101 SET @saved_cs_client     = @@character_set_client */;
/*!40101 SET character_set_client = utf8 */;
CREATE TABLE `pairs` (
  `id` bigint(20) unsigned NOT NULL AUTO_INCREMENT,
  `pair` varchar(20) COLLATE utf8mb4_unicode_ci NOT NULL,
  `main_coin` varchar(20) COLLATE utf8mb4_unicode_ci NOT NULL,
  `sec_coin` varchar(20) COLLATE utf8mb4_unicode_ci NOT NULL,
  `min_quantity` double(8,2) NOT NULL,
  `created_at` timestamp NULL DEFAULT NULL,
  `updated_at` timestamp NULL DEFAULT NULL,
  PRIMARY KEY (`id`),
  UNIQUE KEY `pairs_pair_unique` (`pair`)
) ENGINE=InnoDB AUTO_INCREMENT=3 DEFAULT CHARSET=utf8mb4 COLLATE=utf8mb4_unicode_ci;
/*!40101 SET character_set_client = @saved_cs_client */;

--
-- Dumping data for table `pairs`
--

LOCK TABLES `pairs` WRITE;
/*!40000 ALTER TABLE `pairs` DISABLE KEYS */;
INSERT INTO `pairs` VALUES (1,'TUSD/USDT','USDT','TUSD',10.00,NULL,NULL),(2,'BTC/USDT','BTC','USDT',10.00,NULL,NULL);
/*!40000 ALTER TABLE `pairs` ENABLE KEYS */;
UNLOCK TABLES;

--
-- Table structure for table `password_resets`
--

DROP TABLE IF EXISTS `password_resets`;
/*!40101 SET @saved_cs_client     = @@character_set_client */;
/*!40101 SET character_set_client = utf8 */;
CREATE TABLE `password_resets` (
  `email` varchar(50) COLLATE utf8mb4_unicode_ci NOT NULL,
  `token` varchar(50) COLLATE utf8mb4_unicode_ci NOT NULL,
  `created_at` timestamp NULL DEFAULT NULL,
  KEY `password_resets_email_index` (`email`)
) ENGINE=InnoDB DEFAULT CHARSET=utf8mb4 COLLATE=utf8mb4_unicode_ci;
/*!40101 SET character_set_client = @saved_cs_client */;

--
-- Dumping data for table `password_resets`
--

LOCK TABLES `password_resets` WRITE;
/*!40000 ALTER TABLE `password_resets` DISABLE KEYS */;
/*!40000 ALTER TABLE `password_resets` ENABLE KEYS */;
UNLOCK TABLES;

--
-- Table structure for table `personal_access_tokens`
--

DROP TABLE IF EXISTS `personal_access_tokens`;
/*!40101 SET @saved_cs_client     = @@character_set_client */;
/*!40101 SET character_set_client = utf8 */;
CREATE TABLE `personal_access_tokens` (
  `id` bigint(20) unsigned NOT NULL AUTO_INCREMENT,
  `tokenable_type` varchar(255) COLLATE utf8mb4_unicode_ci NOT NULL,
  `tokenable_id` bigint(20) unsigned NOT NULL,
  `name` varchar(255) COLLATE utf8mb4_unicode_ci NOT NULL,
  `token` varchar(64) COLLATE utf8mb4_unicode_ci NOT NULL,
  `abilities` text COLLATE utf8mb4_unicode_ci DEFAULT NULL,
  `last_used_at` timestamp NULL DEFAULT NULL,
  `created_at` timestamp NULL DEFAULT NULL,
  `updated_at` timestamp NULL DEFAULT NULL,
  PRIMARY KEY (`id`),
  UNIQUE KEY `personal_access_tokens_token_unique` (`token`),
  KEY `personal_access_tokens_tokenable_type_tokenable_id_index` (`tokenable_type`,`tokenable_id`)
) ENGINE=InnoDB DEFAULT CHARSET=utf8mb4 COLLATE=utf8mb4_unicode_ci;
/*!40101 SET character_set_client = @saved_cs_client */;

--
-- Dumping data for table `personal_access_tokens`
--

LOCK TABLES `personal_access_tokens` WRITE;
/*!40000 ALTER TABLE `personal_access_tokens` DISABLE KEYS */;
/*!40000 ALTER TABLE `personal_access_tokens` ENABLE KEYS */;
UNLOCK TABLES;

--
-- Table structure for table `profile`
--

DROP TABLE IF EXISTS `profile`;
/*!40101 SET @saved_cs_client     = @@character_set_client */;
/*!40101 SET character_set_client = utf8 */;
CREATE TABLE `profile` (
  `id` bigint(20) unsigned NOT NULL AUTO_INCREMENT,
  `name` varchar(255) COLLATE utf8mb4_unicode_ci NOT NULL,
  `created_at` timestamp NULL DEFAULT NULL,
  `updated_at` timestamp NULL DEFAULT NULL,
  PRIMARY KEY (`id`)
) ENGINE=InnoDB AUTO_INCREMENT=5 DEFAULT CHARSET=utf8mb4 COLLATE=utf8mb4_unicode_ci;
/*!40101 SET character_set_client = @saved_cs_client */;

--
-- Dumping data for table `profile`
--

LOCK TABLES `profile` WRITE;
/*!40000 ALTER TABLE `profile` DISABLE KEYS */;
INSERT INTO `profile` VALUES (1,'admin',NULL,NULL),(2,'trader',NULL,NULL),(3,'user',NULL,NULL),(4,'pendente ativacao',NULL,NULL);
/*!40000 ALTER TABLE `profile` ENABLE KEYS */;
UNLOCK TABLES;

--
-- Table structure for table `sessions`
--

DROP TABLE IF EXISTS `sessions`;
/*!40101 SET @saved_cs_client     = @@character_set_client */;
/*!40101 SET character_set_client = utf8 */;
CREATE TABLE `sessions` (
  `id` varchar(255) COLLATE utf8mb4_unicode_ci NOT NULL,
  `user_id` bigint(20) unsigned DEFAULT NULL,
  `ip_address` varchar(45) COLLATE utf8mb4_unicode_ci DEFAULT NULL,
  `user_agent` text COLLATE utf8mb4_unicode_ci DEFAULT NULL,
  `payload` text COLLATE utf8mb4_unicode_ci NOT NULL,
  `last_activity` int(11) NOT NULL,
  PRIMARY KEY (`id`),
  KEY `sessions_user_id_index` (`user_id`),
  KEY `sessions_last_activity_index` (`last_activity`)
) ENGINE=InnoDB DEFAULT CHARSET=utf8mb4 COLLATE=utf8mb4_unicode_ci;
/*!40101 SET character_set_client = @saved_cs_client */;

--
-- Dumping data for table `sessions`
--

LOCK TABLES `sessions` WRITE;
/*!40000 ALTER TABLE `sessions` DISABLE KEYS */;
/*!40000 ALTER TABLE `sessions` ENABLE KEYS */;
UNLOCK TABLES;

--
-- Table structure for table `signals`
--

DROP TABLE IF EXISTS `signals`;
/*!40101 SET @saved_cs_client     = @@character_set_client */;
/*!40101 SET character_set_client = utf8 */;
CREATE TABLE `signals` (
  `id` bigint(20) unsigned NOT NULL AUTO_INCREMENT,
  `pair_id` bigint(20) unsigned NOT NULL,
  `entry_value` double(8,2) unsigned NOT NULL,
  `target_1` double(8,2) unsigned NOT NULL,
  `target_1_p` double(8,2) unsigned NOT NULL,
  `target_2` double(8,2) unsigned DEFAULT NULL,
  `target_2_p` double(8,2) unsigned DEFAULT NULL,
  `target_3` double(8,2) unsigned DEFAULT NULL,
  `target_3_p` double(8,2) unsigned DEFAULT NULL,
  `reached` double(8,2) unsigned DEFAULT NULL,
  `stop` double(8,2) unsigned NOT NULL,
  `stop_p` double(8,2) unsigned NOT NULL,
  `stop_up` double(8,2) unsigned NOT NULL,
  `status` smallint(6) NOT NULL DEFAULT 0,
  `sended_at` timestamp NULL DEFAULT NULL,
  `created_by` bigint(20) unsigned NOT NULL,
  `created_at` timestamp NULL DEFAULT NULL,
  `updated_at` timestamp NULL DEFAULT NULL,
  `deleted_at` timestamp NULL DEFAULT NULL,
  PRIMARY KEY (`id`)
) ENGINE=InnoDB AUTO_INCREMENT=7 DEFAULT CHARSET=utf8mb4 COLLATE=utf8mb4_unicode_ci;
/*!40101 SET character_set_client = @saved_cs_client */;

--
-- Dumping data for table `signals`
--

LOCK TABLES `signals` WRITE;
/*!40000 ALTER TABLE `signals` DISABLE KEYS */;
INSERT INTO `signals` VALUES (1,95,6.00,20.00,0.00,24.00,0.01,24.00,0.01,NULL,15.00,0.00,0.01,0,NULL,1,NULL,NULL,NULL),(2,144,15.00,7.00,0.01,22.00,0.00,20.00,0.00,NULL,15.00,0.01,0.01,0,NULL,1,NULL,NULL,NULL),(3,237,20.00,13.00,0.01,21.00,0.01,23.00,0.00,NULL,15.00,0.00,0.00,1,'2021-03-24 18:43:28',1,NULL,NULL,NULL),(4,8,3.00,20.00,0.01,20.00,0.01,23.00,0.01,NULL,18.00,0.00,0.01,0,'2021-03-24 18:43:28',1,NULL,NULL,NULL),(5,102,14.00,20.00,0.00,22.00,0.01,24.00,0.01,NULL,15.00,0.01,0.01,0,NULL,1,NULL,NULL,NULL),(6,39,15.00,16.00,0.01,21.00,0.00,22.00,0.01,NULL,18.00,0.00,0.00,0,NULL,1,NULL,NULL,NULL);
/*!40000 ALTER TABLE `signals` ENABLE KEYS */;
UNLOCK TABLES;

--
-- Table structure for table `signature_type`
--

DROP TABLE IF EXISTS `signature_type`;
/*!40101 SET @saved_cs_client     = @@character_set_client */;
/*!40101 SET character_set_client = utf8 */;
CREATE TABLE `signature_type` (
  `id` bigint(20) unsigned NOT NULL AUTO_INCREMENT,
  `name` varchar(255) COLLATE utf8mb4_unicode_ci NOT NULL,
  `cost` double(8,2) NOT NULL,
  `created_at` timestamp NULL DEFAULT NULL,
  `updated_at` timestamp NULL DEFAULT NULL,
  PRIMARY KEY (`id`)
) ENGINE=InnoDB AUTO_INCREMENT=4 DEFAULT CHARSET=utf8mb4 COLLATE=utf8mb4_unicode_ci;
/*!40101 SET character_set_client = @saved_cs_client */;

--
-- Dumping data for table `signature_type`
--

LOCK TABLES `signature_type` WRITE;
/*!40000 ALTER TABLE `signature_type` DISABLE KEYS */;
INSERT INTO `signature_type` VALUES (1,'bronze',129.90,NULL,NULL),(2,'prata',159.90,NULL,NULL),(3,'ouro',189.90,NULL,NULL);
/*!40000 ALTER TABLE `signature_type` ENABLE KEYS */;
UNLOCK TABLES;

--
-- Table structure for table `single_target`
--

DROP TABLE IF EXISTS `single_target`;
/*!40101 SET @saved_cs_client     = @@character_set_client */;
/*!40101 SET character_set_client = utf8 */;
CREATE TABLE `single_target` (
  `id` bigint(20) unsigned NOT NULL AUTO_INCREMENT,
  `user_id` bigint(20) unsigned NOT NULL,
  `pair_id` bigint(20) unsigned NOT NULL,
  `entry_value` double(8,2) unsigned NOT NULL,
  `payed` double(8,2) unsigned DEFAULT NULL,
  `target` double(8,2) unsigned NOT NULL,
  `target_p` double(8,2) unsigned NOT NULL,
  `order_id_generated` int(10) unsigned DEFAULT NULL,
  `balance` double(8,2) unsigned NOT NULL,
  `signal_id` double(8,2) unsigned DEFAULT NULL,
  `stop` double(8,2) unsigned NOT NULL,
  `stop_p` double(8,2) unsigned NOT NULL,
  `stop_up` double(8,2) unsigned NOT NULL,
  `finished` smallint(6) NOT NULL DEFAULT 0,
  `created_at` timestamp NULL DEFAULT NULL,
  `updated_at` timestamp NULL DEFAULT NULL,
  PRIMARY KEY (`id`)
) ENGINE=InnoDB DEFAULT CHARSET=utf8mb4 COLLATE=utf8mb4_unicode_ci;
/*!40101 SET character_set_client = @saved_cs_client */;

--
-- Dumping data for table `single_target`
--

LOCK TABLES `single_target` WRITE;
/*!40000 ALTER TABLE `single_target` DISABLE KEYS */;
/*!40000 ALTER TABLE `single_target` ENABLE KEYS */;
UNLOCK TABLES;

--
-- Table structure for table `users`
--

DROP TABLE IF EXISTS `users`;
/*!40101 SET @saved_cs_client     = @@character_set_client */;
/*!40101 SET character_set_client = utf8 */;
CREATE TABLE `users` (
  `id` bigint(20) unsigned NOT NULL AUTO_INCREMENT,
  `name` varchar(255) COLLATE utf8mb4_unicode_ci NOT NULL,
  `email` varchar(255) COLLATE utf8mb4_unicode_ci NOT NULL,
  `email_verified_at` timestamp NULL DEFAULT NULL,
  `password` varchar(255) COLLATE utf8mb4_unicode_ci NOT NULL,
  `two_factor_secret` text COLLATE utf8mb4_unicode_ci DEFAULT NULL,
  `two_factor_recovery_codes` text COLLATE utf8mb4_unicode_ci DEFAULT NULL,
  `current_team_id` bigint(20) unsigned DEFAULT NULL,
  `profile_photo_path` text COLLATE utf8mb4_unicode_ci DEFAULT NULL,
  `whatsapp` varchar(255) COLLATE utf8mb4_unicode_ci NOT NULL,
  `auth_gmail` varchar(255) COLLATE utf8mb4_unicode_ci NOT NULL,
  `profile_id` bigint(20) unsigned NOT NULL,
  `created_at` timestamp NULL DEFAULT NULL,
  `updated_at` timestamp NULL DEFAULT NULL,
  PRIMARY KEY (`id`),
  UNIQUE KEY `users_email_unique` (`email`),
  KEY `fk_profile` (`profile_id`),
  CONSTRAINT `fk_profile` FOREIGN KEY (`profile_id`) REFERENCES `profile` (`id`)
) ENGINE=InnoDB AUTO_INCREMENT=5 DEFAULT CHARSET=utf8mb4 COLLATE=utf8mb4_unicode_ci;
/*!40101 SET character_set_client = @saved_cs_client */;

--
-- Dumping data for table `users`
--

LOCK TABLES `users` WRITE;
/*!40000 ALTER TABLE `users` DISABLE KEYS */;
INSERT INTO `users` VALUES (1,'55QwcnGcDF','a@a.com',NULL,'$2y$10$VBO/qkme4pAET0xXkh/RuOBFjzt7M5WEXCiWpFHjyEtXBb.ojVWL6',NULL,NULL,NULL,NULL,'pHIAj8EIQO','0',1,NULL,NULL),(2,'iTvArbEvhp','t@t.com',NULL,'$2y$10$W1MeD/YE1jMyu0WFmSSvoO.W7YJki2nqsO2kzQ/r8Orp4ZmDAf.eu',NULL,NULL,NULL,NULL,'T9085FeL1A','0',2,NULL,NULL),(3,'3L0G2BNJgR','u@u.com',NULL,'$2y$10$xIP3iiCURh5Jk09jshrT4.RDhE.lt16bh6GOYBjsqDIDXY/HAVWgC',NULL,NULL,NULL,NULL,'o7c1c8YtoB','0',3,NULL,NULL),(4,'5rgsUPVJls','u2@u.com',NULL,'$2y$10$wLM8Cr3d0q7qKmp9sE2KVOUYrYmC4WOu7zbuJ61b3NOydx9og.K16',NULL,NULL,NULL,NULL,'OwJmQNSR9m','0',3,NULL,NULL);
/*!40000 ALTER TABLE `users` ENABLE KEYS */;
UNLOCK TABLES;

--
-- Table structure for table `users_signature`
--

DROP TABLE IF EXISTS `users_signature`;
/*!40101 SET @saved_cs_client     = @@character_set_client */;
/*!40101 SET character_set_client = utf8 */;
CREATE TABLE `users_signature` (
  `id` bigint(20) unsigned NOT NULL AUTO_INCREMENT,
  `user_id` bigint(20) unsigned NOT NULL,
  `signature_type_id` bigint(20) unsigned NOT NULL,
  `start_at` timestamp NULL DEFAULT NULL,
  `finish_at` timestamp NULL DEFAULT NULL,
  `created_at` timestamp NULL DEFAULT NULL,
  `updated_at` timestamp NULL DEFAULT NULL,
  PRIMARY KEY (`id`),
  KEY `users_signature_signature_type_id_index` (`signature_type_id`),
  KEY `users_signature_user_id_index` (`user_id`),
  CONSTRAINT `fk_signature_type` FOREIGN KEY (`signature_type_id`) REFERENCES `signature_type` (`id`)
) ENGINE=InnoDB AUTO_INCREMENT=3 DEFAULT CHARSET=utf8mb4 COLLATE=utf8mb4_unicode_ci;
/*!40101 SET character_set_client = @saved_cs_client */;

--
-- Dumping data for table `users_signature`
--

LOCK TABLES `users_signature` WRITE;
/*!40000 ALTER TABLE `users_signature` DISABLE KEYS */;
INSERT INTO `users_signature` VALUES (1,1,1,'2020-12-01 21:47:15','2020-12-03 21:47:15',NULL,NULL),(2,1,3,'2020-12-01 21:47:15','2020-12-24 21:47:15',NULL,NULL);
/*!40000 ALTER TABLE `users_signature` ENABLE KEYS */;
UNLOCK TABLES;

--
-- Current Database: `borapedi_bd`
--

CREATE DATABASE /*!32312 IF NOT EXISTS*/ `borapedi_bd` /*!40100 DEFAULT CHARACTER SET utf8mb4 */;

USE `borapedi_bd`;

--
-- Table structure for table `address`
--

DROP TABLE IF EXISTS `address`;
/*!40101 SET @saved_cs_client     = @@character_set_client */;
/*!40101 SET character_set_client = utf8 */;
CREATE TABLE `address` (
  `id` bigint(20) unsigned NOT NULL AUTO_INCREMENT,
  `nick` varchar(191) COLLATE utf8mb4_unicode_ci DEFAULT NULL,
  `address` varchar(191) COLLATE utf8mb4_unicode_ci NOT NULL,
  `created_at` timestamp NULL DEFAULT NULL,
  `updated_at` timestamp NULL DEFAULT NULL,
  `lat` varchar(191) COLLATE utf8mb4_unicode_ci NOT NULL,
  `lng` varchar(191) COLLATE utf8mb4_unicode_ci NOT NULL,
  `active` tinyint(1) NOT NULL DEFAULT 1,
  `user_id` bigint(20) unsigned NOT NULL,
  `apartment` varchar(191) COLLATE utf8mb4_unicode_ci DEFAULT NULL,
  `intercom` varchar(191) COLLATE utf8mb4_unicode_ci DEFAULT NULL,
  `floor` varchar(191) COLLATE utf8mb4_unicode_ci DEFAULT NULL,
  `entry` varchar(191) COLLATE utf8mb4_unicode_ci DEFAULT NULL,
  PRIMARY KEY (`id`),
  KEY `address_user_id_foreign` (`user_id`),
  CONSTRAINT `address_user_id_foreign` FOREIGN KEY (`user_id`) REFERENCES `users` (`id`)
) ENGINE=InnoDB AUTO_INCREMENT=13 DEFAULT CHARSET=utf8mb4 COLLATE=utf8mb4_unicode_ci;
/*!40101 SET character_set_client = @saved_cs_client */;

--
-- Dumping data for table `address`
--

LOCK TABLES `address` WRITE;
/*!40000 ALTER TABLE `address` DISABLE KEYS */;
INSERT INTO `address` VALUES (10,'423sadsa','Rua Professor Agnelo Bitencourt, 23223, So Francisco- Boa Vista - RR','2021-09-02 19:39:26','2021-09-02 19:39:26','2.8313185','-60.674865',1,16,NULL,NULL,NULL,NULL),(11,'sasada','Rua Rio Grande do Norte, qwwq, Estados- Boa Vista - RR','2021-09-09 18:20:37','2021-09-09 18:20:37','2.833691','-60.6702402',1,16,NULL,NULL,NULL,NULL),(12,'casa','Rua Jacy de Souza Cruz, 321, Senador Hlio Campos- Boa Vista - RR','2021-09-30 13:48:05','2021-09-30 13:48:05','2.7970016','-60.7580672',1,53,NULL,NULL,NULL,NULL);
/*!40000 ALTER TABLE `address` ENABLE KEYS */;
UNLOCK TABLES;

--
-- Table structure for table `banners`
--

DROP TABLE IF EXISTS `banners`;
/*!40101 SET @saved_cs_client     = @@character_set_client */;
/*!40101 SET character_set_client = utf8 */;
CREATE TABLE `banners` (
  `id` bigint(20) unsigned NOT NULL AUTO_INCREMENT,
  `name` varchar(191) COLLATE utf8mb4_unicode_ci NOT NULL,
  `img` varchar(191) COLLATE utf8mb4_unicode_ci NOT NULL DEFAULT '',
  `type` int(11) NOT NULL DEFAULT 0 COMMENT '0 - Vendor, 1 - Blog',
  `vendor_id` bigint(20) unsigned DEFAULT NULL,
  `page_id` bigint(20) unsigned DEFAULT NULL,
  `active_from` date NOT NULL,
  `active_to` date NOT NULL,
  `created_at` timestamp NULL DEFAULT NULL,
  `updated_at` timestamp NULL DEFAULT NULL,
  PRIMARY KEY (`id`),
  KEY `banners_vendor_id_foreign` (`vendor_id`),
  KEY `banners_page_id_foreign` (`page_id`),
  CONSTRAINT `banners_page_id_foreign` FOREIGN KEY (`page_id`) REFERENCES `pages` (`id`),
  CONSTRAINT `banners_vendor_id_foreign` FOREIGN KEY (`vendor_id`) REFERENCES `restorants` (`id`)
) ENGINE=InnoDB AUTO_INCREMENT=12 DEFAULT CHARSET=utf8mb4 COLLATE=utf8mb4_unicode_ci;
/*!40101 SET character_set_client = @saved_cs_client */;

--
-- Dumping data for table `banners`
--

LOCK TABLES `banners` WRITE;
/*!40000 ALTER TABLE `banners` DISABLE KEYS */;
INSERT INTO `banners` VALUES (3,'Banner de terca','cb06ac33-6538-43df-a58c-28b29dc158b3',0,18,NULL,'2021-07-27','2021-07-29','2021-07-28 13:59:01','2021-07-28 13:59:02'),(4,'pizza','c9e156f5-417b-4cd6-87df-73c8e48c8541',0,18,NULL,'2021-07-27','2021-07-30','2021-07-28 14:01:56','2021-07-28 14:01:56'),(8,'PEga','cbd815b0-6e64-4106-ac8d-7fc15cf6ee22',0,1,NULL,'2021-06-29','2021-08-25','2021-07-28 15:35:00','2021-08-04 12:12:32'),(10,'teotete','a695c6de-5d93-4e34-b276-79811cab977e',0,1,NULL,'2021-08-01','2021-08-31','2021-08-04 11:59:47','2021-08-04 11:59:48'),(11,'teste 3','fd9992bb-29d6-41be-b45b-4467134320e7',0,1,NULL,'2021-08-01','2021-08-31','2021-08-04 12:00:35','2021-08-04 12:00:35');
/*!40000 ALTER TABLE `banners` ENABLE KEYS */;
UNLOCK TABLES;

--
-- Table structure for table `cart_storage`
--

DROP TABLE IF EXISTS `cart_storage`;
/*!40101 SET @saved_cs_client     = @@character_set_client */;
/*!40101 SET character_set_client = utf8 */;
CREATE TABLE `cart_storage` (
  `id` varchar(191) COLLATE utf8mb4_unicode_ci NOT NULL,
  `cart_data` longtext COLLATE utf8mb4_unicode_ci NOT NULL,
  `created_at` timestamp NULL DEFAULT NULL,
  `updated_at` timestamp NULL DEFAULT NULL,
  `vendor_id` bigint(20) NOT NULL,
  `user_id` bigint(20) NOT NULL,
  `type` int(11) NOT NULL,
  `receipt_number` varchar(191) COLLATE utf8mb4_unicode_ci NOT NULL,
  PRIMARY KEY (`id`),
  KEY `cart_storage_id_index` (`id`)
) ENGINE=InnoDB DEFAULT CHARSET=utf8mb4 COLLATE=utf8mb4_unicode_ci;
/*!40101 SET character_set_client = @saved_cs_client */;

--
-- Dumping data for table `cart_storage`
--

LOCK TABLES `cart_storage` WRITE;
/*!40000 ALTER TABLE `cart_storage` DISABLE KEYS */;
/*!40000 ALTER TABLE `cart_storage` ENABLE KEYS */;
UNLOCK TABLES;

--
-- Table structure for table `categories`
--

DROP TABLE IF EXISTS `categories`;
/*!40101 SET @saved_cs_client     = @@character_set_client */;
/*!40101 SET character_set_client = utf8 */;
CREATE TABLE `categories` (
  `id` bigint(20) unsigned NOT NULL AUTO_INCREMENT,
  `name` varchar(191) COLLATE utf8mb4_unicode_ci NOT NULL,
  `restorant_id` bigint(20) unsigned NOT NULL,
  `created_at` timestamp NULL DEFAULT NULL,
  `updated_at` timestamp NULL DEFAULT NULL,
  `order_index` int(11) NOT NULL DEFAULT 0,
  `active` int(11) NOT NULL DEFAULT 1,
  PRIMARY KEY (`id`),
  KEY `categories_restorant_id_foreign` (`restorant_id`),
  CONSTRAINT `categories_restorant_id_foreign` FOREIGN KEY (`restorant_id`) REFERENCES `restorants` (`id`)
) ENGINE=InnoDB AUTO_INCREMENT=71 DEFAULT CHARSET=utf8mb4 COLLATE=utf8mb4_unicode_ci;
/*!40101 SET character_set_client = @saved_cs_client */;

--
-- Dumping data for table `categories`
--

LOCK TABLES `categories` WRITE;
/*!40000 ALTER TABLE `categories` DISABLE KEYS */;
INSERT INTO `categories` VALUES (1,'Salads',1,'2021-03-17 00:40:49','2021-03-29 19:30:46',1,1),(2,'Pizza',1,'2021-03-17 00:40:49','2021-03-29 19:30:46',2,1),(3,'Fresh Pasta and Risotto',1,'2021-03-17 00:40:50','2021-03-29 19:25:47',3,1),(4,'Lasagna',1,'2021-03-17 00:40:50','2021-03-29 19:25:47',4,1),(70,'PIZZA',18,'2021-03-31 02:42:19','2021-03-31 02:42:19',1,1);
/*!40000 ALTER TABLE `categories` ENABLE KEYS */;
UNLOCK TABLES;

--
-- Table structure for table `cities`
--

DROP TABLE IF EXISTS `cities`;
/*!40101 SET @saved_cs_client     = @@character_set_client */;
/*!40101 SET character_set_client = utf8 */;
CREATE TABLE `cities` (
  `id` bigint(20) unsigned NOT NULL AUTO_INCREMENT,
  `created_at` timestamp NULL DEFAULT NULL,
  `updated_at` timestamp NULL DEFAULT NULL,
  `name` varchar(191) COLLATE utf8mb4_unicode_ci NOT NULL,
  `alias` varchar(191) COLLATE utf8mb4_unicode_ci NOT NULL,
  `image` varchar(191) COLLATE utf8mb4_unicode_ci NOT NULL,
  `header_title` varchar(191) COLLATE utf8mb4_unicode_ci NOT NULL,
  `header_subtitle` varchar(191) COLLATE utf8mb4_unicode_ci NOT NULL,
  `deleted_at` timestamp NULL DEFAULT NULL,
  PRIMARY KEY (`id`),
  UNIQUE KEY `cities_alias_unique` (`alias`)
) ENGINE=InnoDB AUTO_INCREMENT=17 DEFAULT CHARSET=utf8mb4 COLLATE=utf8mb4_unicode_ci;
/*!40101 SET character_set_client = @saved_cs_client */;

--
-- Dumping data for table `cities`
--

LOCK TABLES `cities` WRITE;
/*!40000 ALTER TABLE `cities` DISABLE KEYS */;
INSERT INTO `cities` VALUES (1,'2021-03-16 20:40:49','2021-03-16 20:40:49','Bronx','bx','https://foodtiger.mobidonia.com/uploads/settings/177686e2-8597-46e0-bf70-daa8d5ff0085_large.jpg','Food Delivery from<br /><strong>Bronx</strong>s Best Restaurants','The meals you love, delivered with care',NULL),(2,'2021-03-16 20:40:49','2021-03-16 20:40:49','Brooklyn','br','https://foodtiger.mobidonia.com/uploads/settings/6d001b6c-2ba1-499e-9f57-09b7dc46ace3_large.jpg','Food Delivery from<br /><strong>Brooklyn</strong>s Best Restaurants','The meals you love, delivered with care',NULL),(3,'2021-03-16 20:40:49','2021-03-16 20:40:49','Queens','qe','https://foodtiger.mobidonia.com/uploads/settings/492b78df-1756-4c30-910a-d3923b66aa97_large.jpg','Food Delivery from<br /><strong>Queens</strong>s Best Restaurants','The meals you love, delivered with care',NULL),(4,'2021-03-16 20:40:49','2021-03-16 20:40:49','Manhattn','mh','https://foodtiger.mobidonia.com/uploads/settings/01f41f56-1acf-44f0-8e8d-fedceb5267cf_large.jpg','Food Delivery from<br /><strong>Manhattn</strong>s Best Restaurants','The meals you love, delivered with care',NULL),(5,'2021-03-16 20:40:49','2021-03-16 20:40:49','Richmond','ri','https://foodtiger.mobidonia.com/uploads/settings/fe6c500b-3410-41ff-9734-94c58351ba60_large.jpg','Food Delivery from<br /><strong>Richmond</strong>s Best Restaurants','The meals you love, delivered with care',NULL),(6,'2021-03-16 20:40:49','2021-03-16 20:40:49','Buffalo','bf','https://foodtiger.mobidonia.com/uploads/settings/0c3c8fb0-c252-4758-9699-6851b15796ef_large.jpg','Food Delivery from<br /><strong>Buffalo</strong>s Best Restaurants','The meals you love, delivered with care',NULL),(7,'2021-03-16 20:40:49','2021-03-16 20:40:49','Rochester','rh','https://foodtiger.mobidonia.com/uploads/settings/c7f21267-7149-4311-9fd9-4a08904f67a3_large.jpg','Food Delivery from<br /><strong>Rochester</strong>s Best Restaurants','The meals you love, delivered with care',NULL),(8,'2021-03-16 20:40:49','2021-03-16 20:40:49','Yonkers','yo','https://foodtiger.mobidonia.com/uploads/settings/8c65269a-3bbc-4899-be13-75d1bc35e9cd_large.jpg','Food Delivery from<br /><strong>Yonkers</strong>s Best Restaurants','The meals you love, delivered with care',NULL),(9,'2021-03-16 20:40:49','2021-03-16 20:40:49','Syracuse','sy','https://foodtiger.mobidonia.com/uploads/settings/1e5fcde5-5dc0-4c29-8f49-314658836fb8_large.jpg','Food Delivery from<br /><strong>Syracuse</strong>s Best Restaurants','The meals you love, delivered with care',NULL),(10,'2021-03-16 20:40:49','2021-03-16 20:40:49','Albany','al','https://foodtiger.mobidonia.com/uploads/settings/b521e77f-1d3e-4695-b871-bac8262c85dc_large.jpg','Food Delivery from<br /><strong>Albany</strong>s Best Restaurants','The meals you love, delivered with care',NULL),(11,'2021-03-16 20:40:49','2021-03-16 20:40:49','New Rochelle','nr','https://foodtiger.mobidonia.com/uploads/settings/8b3ebb83-2e2e-43dd-8747-4f9c6f451199_large.jpg','Food Delivery from<br /><strong>New Rochelle</strong>s Best Restaurants','The meals you love, delivered with care',NULL),(12,'2021-03-16 20:40:49','2021-03-16 20:40:49','Mount Vernon','mv','https://foodtiger.mobidonia.com/uploads/settings/daecfb93-677f-43a9-9e7e-4cf109194399_large.jpg','Food Delivery from<br /><strong>Mount Vernon</strong>s Best Restaurants','The meals you love, delivered with care',NULL),(13,'2021-03-16 20:40:49','2021-03-16 20:40:49','Schenectady','sc','https://foodtiger.mobidonia.com/uploads/settings/177686e2-8597-46e0-bf70-daa8d5ff0085_large.jpg','Food Delivery from<br /><strong>Schenectady</strong>s Best Restaurants','The meals you love, delivered with care',NULL),(14,'2021-03-16 20:40:49','2021-03-16 20:40:49','Utica','ut','https://foodtiger.mobidonia.com/uploads/settings/507847c5-1896-4ecf-bfe8-9c5f198ce41e_large.jpg','Food Delivery from<br /><strong>Utica</strong>s Best Restaurants','The meals you love, delivered with care',NULL),(15,'2021-03-16 20:40:49','2021-03-16 20:40:49','White Plains','wp','https://foodtiger.mobidonia.com/uploads/settings/a8e96a74-dc3a-403c-8fd0-b4528838e98c_large.jpg','Food Delivery from<br /><strong>White Plains</strong>s Best Restaurants','The meals you love, delivered with care',NULL),(16,'2021-03-16 20:40:49','2021-03-16 20:40:49','Niagara Falls','nf','https://foodtiger.mobidonia.com/uploads/settings/99d5b4c3-0bb4-428a-96cf-0e510bc3ab57_large.jpg','Food Delivery from<br /><strong>Niagara Falls</strong>s Best Restaurants','The meals you love, delivered with care',NULL);
/*!40000 ALTER TABLE `cities` ENABLE KEYS */;
UNLOCK TABLES;

--
-- Table structure for table `client_has_rating`
--

DROP TABLE IF EXISTS `client_has_rating`;
/*!40101 SET @saved_cs_client     = @@character_set_client */;
/*!40101 SET character_set_client = utf8 */;
CREATE TABLE `client_has_rating` (
  `id` bigint(20) unsigned NOT NULL AUTO_INCREMENT,
  `restaurant_id` bigint(20) unsigned NOT NULL,
  `client_id` bigint(20) unsigned NOT NULL,
  `rating_id` bigint(20) unsigned DEFAULT NULL,
  `spent` double(8,2) NOT NULL DEFAULT 0.00,
  `orders` int(11) NOT NULL DEFAULT 0,
  `created_at` timestamp NULL DEFAULT NULL,
  `updated_at` timestamp NULL DEFAULT NULL,
  PRIMARY KEY (`id`)
) ENGINE=InnoDB AUTO_INCREMENT=2 DEFAULT CHARSET=utf8mb4 COLLATE=utf8mb4_unicode_ci;
/*!40101 SET character_set_client = @saved_cs_client */;

--
-- Dumping data for table `client_has_rating`
--

LOCK TABLES `client_has_rating` WRITE;
/*!40000 ALTER TABLE `client_has_rating` DISABLE KEYS */;
INSERT INTO `client_has_rating` VALUES (1,1,16,4,968.30,42,'2021-06-03 20:23:59','2021-09-01 15:55:07');
/*!40000 ALTER TABLE `client_has_rating` ENABLE KEYS */;
UNLOCK TABLES;

--
-- Table structure for table `clients_ratings`
--

DROP TABLE IF EXISTS `clients_ratings`;
/*!40101 SET @saved_cs_client     = @@character_set_client */;
/*!40101 SET character_set_client = utf8 */;
CREATE TABLE `clients_ratings` (
  `id` bigint(20) unsigned NOT NULL AUTO_INCREMENT,
  `restaurant_id` bigint(20) unsigned NOT NULL,
  `name` varchar(191) COLLATE utf8mb4_unicode_ci NOT NULL,
  `period` int(11) NOT NULL,
  `val` double(8,2) NOT NULL,
  `created_at` timestamp NULL DEFAULT NULL,
  `updated_at` timestamp NULL DEFAULT NULL,
  PRIMARY KEY (`id`)
) ENGINE=InnoDB AUTO_INCREMENT=6 DEFAULT CHARSET=utf8mb4 COLLATE=utf8mb4_unicode_ci;
/*!40101 SET character_set_client = @saved_cs_client */;

--
-- Dumping data for table `clients_ratings`
--

LOCK TABLES `clients_ratings` WRITE;
/*!40000 ALTER TABLE `clients_ratings` DISABLE KEYS */;
INSERT INTO `clients_ratings` VALUES (1,1,'Prata',6,10.00,'2021-06-02 23:26:02','2021-06-02 23:51:30'),(2,1,'Outro',6,50.00,'2021-06-02 23:51:54','2021-06-02 23:51:54'),(3,1,'Diamante',6,100.00,'2021-06-02 23:52:17','2021-06-02 23:52:17'),(4,1,'Platina',6,200.00,'2021-06-02 23:52:39','2021-06-02 23:52:39'),(5,1,'Novo Cliente',6,0.00,'2021-06-21 18:30:59','2021-06-21 18:30:59');
/*!40000 ALTER TABLE `clients_ratings` ENABLE KEYS */;
UNLOCK TABLES;

--
-- Table structure for table `configs`
--

DROP TABLE IF EXISTS `configs`;
/*!40101 SET @saved_cs_client     = @@character_set_client */;
/*!40101 SET character_set_client = utf8 */;
CREATE TABLE `configs` (
  `id` bigint(20) unsigned NOT NULL AUTO_INCREMENT,
  `value` text COLLATE utf8mb4_unicode_ci DEFAULT NULL,
  `key` varchar(191) COLLATE utf8mb4_unicode_ci NOT NULL,
  `model_type` varchar(191) COLLATE utf8mb4_unicode_ci NOT NULL,
  `model_id` bigint(20) NOT NULL,
  `created_at` timestamp NULL DEFAULT NULL,
  `updated_at` timestamp NULL DEFAULT NULL,
  PRIMARY KEY (`id`)
) ENGINE=InnoDB AUTO_INCREMENT=56 DEFAULT CHARSET=utf8mb4 COLLATE=utf8mb4_unicode_ci;
/*!40101 SET character_set_client = @saved_cs_client */;

--
-- Dumping data for table `configs`
--

LOCK TABLES `configs` WRITE;
/*!40000 ALTER TABLE `configs` DISABLE KEYS */;
INSERT INTO `configs` VALUES (1,'AW3aWKuOFTizww9Tn-onylqhelXMqJuiRiSWOiUkL22fOep1D6ovJcvTJqOJeqlfOcSLAn8K-tGck1BB','paypal_client_id','App\\Restorant',16,'2021-03-30 18:05:21','2021-03-30 18:05:21'),(2,'EJDV_1TQJQUbnFCCsY5Okqlo9GARtIHNXY5nM_dBchyK2yXAn02M-vRPXyDscnUsWZAARHSTX4LMw09d','paypal_secret','App\\Restorant',16,'2021-03-30 18:05:21','2021-03-30 18:05:21'),(3,'sandbox','paypal_mode','App\\Restorant',16,'2021-03-30 18:05:21','2021-03-30 18:05:21'),(4,NULL,'paypal_client_id','App\\Restorant',17,'2021-03-30 22:35:52','2021-03-30 22:35:52'),(5,NULL,'paypal_secret','App\\Restorant',17,'2021-03-30 22:35:52','2021-03-30 22:35:52'),(6,'sandbox','paypal_mode','App\\Restorant',17,'2021-03-30 22:35:52','2021-03-30 22:35:52'),(7,NULL,'paypal_client_id','App\\Restorant',18,'2021-03-30 22:41:55','2021-03-30 22:41:55'),(8,NULL,'paypal_secret','App\\Restorant',18,'2021-03-30 22:41:55','2021-03-30 22:41:55'),(9,'sandbox','paypal_mode','App\\Restorant',18,'2021-03-30 22:41:55','2021-03-30 22:41:55'),(10,NULL,'paypal_client_id','App\\Restorant',1,'2021-03-31 19:04:50','2021-03-31 19:04:50'),(11,NULL,'paypal_secret','App\\Restorant',1,'2021-03-31 19:04:50','2021-03-31 19:04:50'),(12,'sandbox','paypal_mode','App\\Restorant',1,'2021-03-31 19:04:50','2021-03-31 19:04:50'),(13,'20','time_to_prepare_order_in_minutes','App\\Restorant',5,'2021-05-03 23:20:11','2021-05-03 23:20:11'),(14,'20','delivery_interval_in_minutes','App\\Restorant',1,'2021-05-03 23:20:11','2021-07-05 20:05:12'),(15,'true','mercadopago_enable','App\\Restorant',1,'2021-05-04 17:14:58','2021-07-22 13:07:58'),(16,'TEST-430341019531564-011600-403a631815836e77724dba7174552165-48572313','mercadopago_access_token','App\\Restorant',1,'2021-05-04 17:14:58','2021-07-22 13:07:58'),(17,'10','time_to_prepare_order_in_minutes','App\\Restorant',1,'2021-05-18 16:36:30','2021-07-05 20:07:26'),(18,'0','disable_callwaiter','App\\Restorant',19,'2021-07-07 18:58:15','2021-07-07 18:58:15'),(19,'0','disable_callwaiter','App\\Restorant',20,'2021-07-07 19:04:17','2021-07-07 19:04:17'),(20,'0','disable_callwaiter','App\\Restorant',21,'2021-07-07 19:04:43','2021-07-07 19:04:43'),(21,'0','disable_callwaiter','App\\Restorant',22,'2021-07-07 19:25:09','2021-07-07 19:25:09'),(22,'0','disable_callwaiter','App\\Restorant',24,'2021-07-07 19:29:22','2021-07-07 19:29:22'),(23,'0','disable_callwaiter','App\\Restorant',25,'2021-07-07 19:31:48','2021-07-07 19:31:48'),(24,'0','disable_callwaiter','App\\Restorant',26,'2021-07-07 19:34:40','2021-07-07 19:34:40'),(25,'0','disable_callwaiter','App\\Restorant',27,'2021-07-07 19:36:12','2021-07-07 19:36:12'),(26,'0','disable_callwaiter','App\\Restorant',28,'2021-07-07 19:37:51','2021-07-07 19:37:51'),(27,'0','disable_callwaiter','App\\Restorant',29,'2021-07-07 19:41:05','2021-07-07 19:41:05'),(28,'0','disable_callwaiter','App\\Restorant',30,'2021-08-19 16:52:03','2021-08-19 16:52:03'),(29,'0','disable_callwaiter','App\\Restorant',31,'2021-08-19 17:14:44','2021-08-19 17:14:44'),(30,'0','disable_callwaiter','App\\Restorant',32,'2021-08-19 17:18:26','2021-08-19 17:18:26'),(31,'0','disable_callwaiter','App\\Restorant',33,'2021-08-19 17:23:01','2021-08-19 17:23:01'),(32,'0','time_to_prepare_order_in_minutes','App\\Restorant',33,'2021-08-19 17:30:56','2021-08-19 17:30:56'),(33,'30','delivery_interval_in_minutes','App\\Restorant',33,'2021-08-19 17:30:56','2021-08-19 17:30:56'),(34,'1','restorant_hide_ondelivery','App\\Restorant',1,'2021-08-20 20:21:58','2021-08-20 20:21:58'),(35,'1','restaurant_hide_cod','App\\Restorant',1,'2021-08-20 20:27:08','2021-08-20 20:27:08'),(36,'0','restaurant_hide_card','App\\Restorant',1,'2021-08-20 20:27:08','2021-08-20 20:30:41'),(37,'0','disable_callwaiter','App\\Restorant',34,'2021-08-25 16:08:56','2021-08-25 16:08:56'),(38,'0','restaurant_hide_ondelivery','App\\Restorant',34,'2021-08-25 16:08:56','2021-08-25 16:08:56'),(39,'1','restorant_hide_ondelivery','App\\Restorant',34,'2021-08-25 17:02:47','2021-08-25 17:02:47'),(40,'0','restaurant_hide_cod','App\\Restorant',34,'2021-08-25 17:02:47','2021-08-25 17:02:47'),(41,'0','restaurant_hide_card','App\\Restorant',34,'2021-08-25 17:02:47','2021-08-25 17:02:47'),(42,'0','time_to_prepare_order_in_minutes','App\\Restorant',34,'2021-08-25 17:02:47','2021-08-25 17:02:47'),(43,'30','delivery_interval_in_minutes','App\\Restorant',34,'2021-08-25 17:02:47','2021-08-25 17:02:47'),(44,'1','restaurant_no_coupom','App\\Restorant',34,'2021-08-25 17:02:47','2021-08-25 17:02:47'),(45,'0','restaurant_no_coupom','App\\Restorant',1,'2021-09-01 15:00:47','2021-09-02 21:02:37'),(46,'0','disable_callwaiter','App\\Restorant',35,'2021-09-28 14:10:38','2021-09-28 14:10:38'),(47,'0','restaurant_hide_ondelivery','App\\Restorant',35,'2021-09-28 14:10:38','2021-09-28 14:10:38'),(48,'0','disable_callwaiter','App\\Restorant',36,'2021-09-29 14:21:51','2021-09-29 14:21:51'),(49,'0','restaurant_hide_ondelivery','App\\Restorant',36,'2021-09-29 14:21:51','2021-09-29 14:21:51'),(50,'0','disable_callwaiter','App\\Restorant',37,'2021-09-30 12:15:59','2021-09-30 12:15:59'),(51,'0','restaurant_hide_ondelivery','App\\Restorant',37,'2021-09-30 12:15:59','2021-09-30 12:15:59'),(52,'0','disable_callwaiter','App\\Restorant',38,'2021-09-30 13:13:56','2021-09-30 13:13:56'),(53,'0','restaurant_hide_ondelivery','App\\Restorant',38,'2021-09-30 13:13:56','2021-09-30 13:13:56'),(54,'0','disable_callwaiter','App\\Restorant',39,'2021-11-19 00:11:35','2021-11-19 00:11:35'),(55,'0','restaurant_hide_ondelivery','App\\Restorant',39,'2021-11-19 00:11:35','2021-11-19 00:11:35');
/*!40000 ALTER TABLE `configs` ENABLE KEYS */;
UNLOCK TABLES;

--
-- Table structure for table `coupons`
--

DROP TABLE IF EXISTS `coupons`;
/*!40101 SET @saved_cs_client     = @@character_set_client */;
/*!40101 SET character_set_client = utf8 */;
CREATE TABLE `coupons` (
  `id` bigint(20) unsigned NOT NULL AUTO_INCREMENT,
  `name` varchar(191) COLLATE utf8mb4_unicode_ci NOT NULL,
  `code` varchar(30) COLLATE utf8mb4_unicode_ci NOT NULL,
  `restaurant_id` bigint(20) unsigned NOT NULL,
  `type` int(11) NOT NULL DEFAULT 1 COMMENT '0 - Fixed, 1 - Percentage',
  `price` double(8,2) NOT NULL,
  `active_from` date NOT NULL,
  `active_to` date NOT NULL,
  `limit_to_num_uses` int(11) NOT NULL,
  `used_count` int(11) NOT NULL,
  `client_id` bigint(20) unsigned DEFAULT NULL,
  `created_at` timestamp NULL DEFAULT NULL,
  `updated_at` timestamp NULL DEFAULT NULL,
  PRIMARY KEY (`id`),
  UNIQUE KEY `coupons_code_unique` (`code`),
  KEY `coupons_restaurant_id_foreign` (`restaurant_id`),
  KEY `coupons_client_id_foreign` (`client_id`),
  CONSTRAINT `coupons_client_id_foreign` FOREIGN KEY (`client_id`) REFERENCES `users` (`id`),
  CONSTRAINT `coupons_restaurant_id_foreign` FOREIGN KEY (`restaurant_id`) REFERENCES `restorants` (`id`)
) ENGINE=InnoDB AUTO_INCREMENT=16 DEFAULT CHARSET=utf8mb4 COLLATE=utf8mb4_unicode_ci;
/*!40101 SET character_set_client = @saved_cs_client */;

--
-- Dumping data for table `coupons`
--

LOCK TABLES `coupons` WRITE;
/*!40000 ALTER TABLE `coupons` DISABLE KEYS */;
INSERT INTO `coupons` VALUES (13,'#REWARD - 16','REWARD16',1,0,5.00,'2021-08-06','2021-07-13',1,0,16,'2021-08-06 14:22:50','2021-08-06 14:22:50'),(14,'#REWARD - 16','RWD161',1,1,5.00,'2021-08-10','2021-11-10',4,2,16,'2021-08-10 14:05:49','2021-09-01 15:56:49');
/*!40000 ALTER TABLE `coupons` ENABLE KEYS */;
UNLOCK TABLES;

--
-- Table structure for table `delivery_tax`
--

DROP TABLE IF EXISTS `delivery_tax`;
/*!40101 SET @saved_cs_client     = @@character_set_client */;
/*!40101 SET character_set_client = utf8 */;
CREATE TABLE `delivery_tax` (
  `id` bigint(20) unsigned NOT NULL AUTO_INCREMENT,
  `restaurant_id` bigint(20) unsigned NOT NULL,
  `distance` double(8,2) NOT NULL,
  `cost` double(8,2) NOT NULL,
  `created_at` timestamp NULL DEFAULT NULL,
  `updated_at` timestamp NULL DEFAULT NULL,
  PRIMARY KEY (`id`)
) ENGINE=InnoDB AUTO_INCREMENT=51 DEFAULT CHARSET=utf8mb4 COLLATE=utf8mb4_unicode_ci;
/*!40101 SET character_set_client = @saved_cs_client */;

--
-- Dumping data for table `delivery_tax`
--

LOCK TABLES `delivery_tax` WRITE;
/*!40000 ALTER TABLE `delivery_tax` DISABLE KEYS */;
INSERT INTO `delivery_tax` VALUES (33,1,9.00,9.00,'2021-04-12 23:32:10','2021-04-12 23:32:26'),(48,1,5.00,5.00,'2021-05-26 03:50:30','2021-05-26 03:50:30'),(49,1,12.00,12.00,'2021-05-26 03:50:57','2021-05-26 03:50:57'),(50,1,15.00,15.00,'2021-05-26 03:51:04','2021-05-26 03:51:04');
/*!40000 ALTER TABLE `delivery_tax` ENABLE KEYS */;
UNLOCK TABLES;

--
-- Table structure for table `expenses`
--

DROP TABLE IF EXISTS `expenses`;
/*!40101 SET @saved_cs_client     = @@character_set_client */;
/*!40101 SET character_set_client = utf8 */;
CREATE TABLE `expenses` (
  `id` bigint(20) unsigned NOT NULL AUTO_INCREMENT,
  `date` date NOT NULL,
  `reference` varchar(191) COLLATE utf8mb4_unicode_ci NOT NULL,
  `description` text COLLATE utf8mb4_unicode_ci NOT NULL,
  `amount` double(8,2) NOT NULL,
  `restaurant_id` bigint(20) unsigned DEFAULT NULL,
  `expenses_category_id` bigint(20) unsigned DEFAULT NULL,
  `expenses_vendor_id` bigint(20) unsigned DEFAULT NULL,
  `created_at` timestamp NULL DEFAULT NULL,
  `updated_at` timestamp NULL DEFAULT NULL,
  `deleted_at` timestamp NULL DEFAULT NULL,
  PRIMARY KEY (`id`),
  KEY `expenses_restaurant_id_foreign` (`restaurant_id`),
  KEY `expenses_expenses_category_id_foreign` (`expenses_category_id`),
  KEY `expenses_expenses_vendor_id_foreign` (`expenses_vendor_id`),
  CONSTRAINT `expenses_expenses_category_id_foreign` FOREIGN KEY (`expenses_category_id`) REFERENCES `expenses_category` (`id`),
  CONSTRAINT `expenses_expenses_vendor_id_foreign` FOREIGN KEY (`expenses_vendor_id`) REFERENCES `expenses_vendor` (`id`),
  CONSTRAINT `expenses_restaurant_id_foreign` FOREIGN KEY (`restaurant_id`) REFERENCES `restorants` (`id`)
) ENGINE=InnoDB DEFAULT CHARSET=utf8mb4 COLLATE=utf8mb4_unicode_ci;
/*!40101 SET character_set_client = @saved_cs_client */;

--
-- Dumping data for table `expenses`
--

LOCK TABLES `expenses` WRITE;
/*!40000 ALTER TABLE `expenses` DISABLE KEYS */;
/*!40000 ALTER TABLE `expenses` ENABLE KEYS */;
UNLOCK TABLES;

--
-- Table structure for table `expenses_category`
--

DROP TABLE IF EXISTS `expenses_category`;
/*!40101 SET @saved_cs_client     = @@character_set_client */;
/*!40101 SET character_set_client = utf8 */;
CREATE TABLE `expenses_category` (
  `id` bigint(20) unsigned NOT NULL AUTO_INCREMENT,
  `name` varchar(191) COLLATE utf8mb4_unicode_ci NOT NULL,
  `code` varchar(191) COLLATE utf8mb4_unicode_ci NOT NULL,
  `restaurant_id` bigint(20) unsigned DEFAULT NULL,
  `created_at` timestamp NULL DEFAULT NULL,
  `updated_at` timestamp NULL DEFAULT NULL,
  `deleted_at` timestamp NULL DEFAULT NULL,
  PRIMARY KEY (`id`),
  KEY `expenses_category_restaurant_id_foreign` (`restaurant_id`),
  CONSTRAINT `expenses_category_restaurant_id_foreign` FOREIGN KEY (`restaurant_id`) REFERENCES `restorants` (`id`)
) ENGINE=InnoDB DEFAULT CHARSET=utf8mb4 COLLATE=utf8mb4_unicode_ci;
/*!40101 SET character_set_client = @saved_cs_client */;

--
-- Dumping data for table `expenses_category`
--

LOCK TABLES `expenses_category` WRITE;
/*!40000 ALTER TABLE `expenses_category` DISABLE KEYS */;
/*!40000 ALTER TABLE `expenses_category` ENABLE KEYS */;
UNLOCK TABLES;

--
-- Table structure for table `expenses_vendor`
--

DROP TABLE IF EXISTS `expenses_vendor`;
/*!40101 SET @saved_cs_client     = @@character_set_client */;
/*!40101 SET character_set_client = utf8 */;
CREATE TABLE `expenses_vendor` (
  `id` bigint(20) unsigned NOT NULL AUTO_INCREMENT,
  `name` varchar(191) COLLATE utf8mb4_unicode_ci NOT NULL,
  `code` varchar(191) COLLATE utf8mb4_unicode_ci NOT NULL,
  `restaurant_id` bigint(20) unsigned DEFAULT NULL,
  `created_at` timestamp NULL DEFAULT NULL,
  `updated_at` timestamp NULL DEFAULT NULL,
  `deleted_at` timestamp NULL DEFAULT NULL,
  PRIMARY KEY (`id`),
  KEY `expenses_vendor_restaurant_id_foreign` (`restaurant_id`),
  CONSTRAINT `expenses_vendor_restaurant_id_foreign` FOREIGN KEY (`restaurant_id`) REFERENCES `restorants` (`id`)
) ENGINE=InnoDB DEFAULT CHARSET=utf8mb4 COLLATE=utf8mb4_unicode_ci;
/*!40101 SET character_set_client = @saved_cs_client */;

--
-- Dumping data for table `expenses_vendor`
--

LOCK TABLES `expenses_vendor` WRITE;
/*!40000 ALTER TABLE `expenses_vendor` DISABLE KEYS */;
/*!40000 ALTER TABLE `expenses_vendor` ENABLE KEYS */;
UNLOCK TABLES;

--
-- Table structure for table `extras`
--

DROP TABLE IF EXISTS `extras`;
/*!40101 SET @saved_cs_client     = @@character_set_client */;
/*!40101 SET character_set_client = utf8 */;
CREATE TABLE `extras` (
  `id` bigint(20) unsigned NOT NULL AUTO_INCREMENT,
  `item_id` bigint(20) unsigned NOT NULL,
  `price` double(8,2) NOT NULL,
  `name` varchar(191) COLLATE utf8mb4_unicode_ci NOT NULL,
  `created_at` timestamp NULL DEFAULT NULL,
  `updated_at` timestamp NULL DEFAULT NULL,
  `deleted_at` timestamp NULL DEFAULT NULL,
  `extra_for_all_variants` int(11) NOT NULL DEFAULT 1,
  PRIMARY KEY (`id`),
  KEY `extras_item_id_foreign` (`item_id`),
  CONSTRAINT `extras_item_id_foreign` FOREIGN KEY (`item_id`) REFERENCES `items` (`id`)
) ENGINE=InnoDB AUTO_INCREMENT=65 DEFAULT CHARSET=utf8mb4 COLLATE=utf8mb4_unicode_ci;
/*!40101 SET character_set_client = @saved_cs_client */;

--
-- Dumping data for table `extras`
--

LOCK TABLES `extras` WRITE;
/*!40000 ALTER TABLE `extras` DISABLE KEYS */;
INSERT INTO `extras` VALUES (1,1,1.20,'Extra cheese','2021-03-17 00:40:49','2021-03-17 00:40:49',NULL,1),(2,1,0.30,'Extra olives','2021-03-17 00:40:49','2021-03-17 00:40:49',NULL,1),(3,1,1.50,'Tuna','2021-03-17 00:40:49','2021-03-17 00:40:49',NULL,1),(4,2,1.20,'Extra cheese','2021-03-17 00:40:49','2021-03-17 00:40:49',NULL,1),(5,2,0.30,'Extra olives','2021-03-17 00:40:49','2021-03-17 00:40:49',NULL,1),(6,2,1.50,'Tuna','2021-03-17 00:40:49','2021-03-17 00:40:49',NULL,1),(7,3,1.20,'Extra cheese','2021-03-17 00:40:49','2021-03-17 00:40:49',NULL,1),(8,3,0.30,'Extra olives','2021-03-17 00:40:49','2021-03-17 00:40:49',NULL,1),(9,3,1.50,'Tuna','2021-03-17 00:40:49','2021-03-17 00:40:49',NULL,1),(10,4,1.20,'Extra cheese','2021-03-17 00:40:49','2021-03-17 00:40:49',NULL,1),(11,4,0.30,'Extra olives','2021-03-17 00:40:49','2021-03-17 00:40:49',NULL,1),(12,4,1.50,'Tuna','2021-03-17 00:40:49','2021-03-17 00:40:49',NULL,1),(13,5,1.20,'Extra cheese','2021-03-17 00:40:49','2021-03-17 00:40:49',NULL,1),(14,5,0.30,'Extra olives','2021-03-17 00:40:49','2021-03-17 00:40:49',NULL,1),(15,5,1.50,'Tuna','2021-03-17 00:40:49','2021-03-17 00:40:49',NULL,1),(16,6,1.20,'Extra cheese','2021-03-17 00:40:49','2021-03-17 00:40:49',NULL,1),(17,6,0.30,'Extra olives','2021-03-17 00:40:49','2021-03-17 00:40:49',NULL,1),(18,6,1.50,'Tuna','2021-03-17 00:40:49','2021-03-17 00:40:49',NULL,1),(19,7,1.00,'Olive','2021-03-17 00:40:49','2021-03-17 00:40:49',NULL,1),(20,7,0.50,'Mushroom','2021-03-17 00:40:49','2021-03-17 00:40:49',NULL,1),(21,7,2.00,'Peperoni','2021-03-17 00:40:49','2021-03-17 00:40:49',NULL,0),(22,7,1.00,'Peperoni','2021-03-17 00:40:49','2021-03-17 00:40:49',NULL,0),(23,8,1.00,'Olive','2021-03-17 00:40:49','2021-03-17 00:40:49',NULL,1),(24,8,0.50,'Mushroom','2021-03-17 00:40:49','2021-03-17 00:40:49',NULL,1),(25,8,2.00,'Peperoni','2021-03-17 00:40:49','2021-03-17 00:40:49',NULL,0),(26,8,1.00,'Peperoni','2021-03-17 00:40:49','2021-03-17 00:40:49',NULL,0),(27,9,1.00,'Olive','2021-03-17 00:40:49','2021-03-17 00:40:49',NULL,1),(28,9,0.50,'Mushroom','2021-03-17 00:40:49','2021-03-17 00:40:49',NULL,1),(29,9,2.00,'Peperoni','2021-03-17 00:40:49','2021-03-17 00:40:49',NULL,0),(30,9,1.00,'Peperoni','2021-03-17 00:40:49','2021-03-17 00:40:49',NULL,0),(31,10,1.00,'Olive','2021-03-17 00:40:49','2021-03-17 00:40:49',NULL,1),(32,10,0.50,'Mushroom','2021-03-17 00:40:49','2021-03-17 00:40:49',NULL,1),(33,10,2.00,'Peperoni','2021-03-17 00:40:50','2021-03-17 00:40:50',NULL,0),(34,10,1.00,'Peperoni','2021-03-17 00:40:50','2021-03-17 00:40:50',NULL,0),(35,11,1.00,'Olive','2021-03-17 00:40:50','2021-03-17 00:40:50',NULL,1),(36,11,0.50,'Mushroom','2021-03-17 00:40:50','2021-03-17 00:40:50',NULL,1),(37,11,2.00,'Peperoni','2021-03-17 00:40:50','2021-03-17 00:40:50',NULL,0),(38,11,1.00,'Peperoni','2021-03-17 00:40:50','2021-03-17 00:40:50',NULL,0),(39,12,1.00,'Olive','2021-03-17 00:40:50','2021-03-17 00:40:50',NULL,1),(40,12,0.50,'Mushroom','2021-03-17 00:40:50','2021-03-17 00:40:50',NULL,1),(41,12,2.00,'Peperoni','2021-03-17 00:40:50','2021-03-17 00:40:50',NULL,0),(42,12,1.00,'Peperoni','2021-03-17 00:40:50','2021-03-17 00:40:50',NULL,0),(43,13,1.00,'Olive','2021-03-17 00:40:50','2021-03-17 00:40:50',NULL,1),(44,13,0.50,'Mushroom','2021-03-17 00:40:50','2021-03-17 00:40:50',NULL,1),(45,13,2.00,'Peperoni','2021-03-17 00:40:50','2021-03-17 00:40:50',NULL,0),(46,13,1.00,'Peperoni','2021-03-17 00:40:50','2021-03-17 00:40:50',NULL,0),(47,14,1.00,'Olive','2021-03-17 00:40:50','2021-03-17 00:40:50',NULL,1),(48,14,0.50,'Mushroom','2021-03-17 00:40:50','2021-03-17 00:40:50',NULL,1),(49,14,2.00,'Peperoni','2021-03-17 00:40:50','2021-03-17 00:40:50',NULL,0),(50,14,1.00,'Peperoni','2021-03-17 00:40:50','2021-03-17 00:40:50',NULL,0),(51,15,1.00,'Olive','2021-03-17 00:40:50','2021-03-17 00:40:50',NULL,1),(52,15,0.50,'Mushroom','2021-03-17 00:40:50','2021-03-17 00:40:50',NULL,1),(53,15,2.00,'Peperoni','2021-03-17 00:40:50','2021-03-17 00:40:50',NULL,0),(54,15,1.00,'Peperoni','2021-03-17 00:40:50','2021-03-17 00:40:50',NULL,0),(55,16,1.00,'Olive','2021-03-17 00:40:50','2021-03-17 00:40:50',NULL,1),(56,16,0.50,'Mushroom','2021-03-17 00:40:50','2021-03-17 00:40:50',NULL,1),(57,16,2.00,'Peperoni','2021-03-17 00:40:50','2021-03-17 00:40:50',NULL,0),(58,16,1.00,'Peperoni','2021-03-17 00:40:50','2021-03-17 00:40:50',NULL,0),(59,17,1.00,'Olive','2021-03-17 00:40:50','2021-03-17 00:40:50',NULL,1),(60,17,0.50,'Mushroom','2021-03-17 00:40:50','2021-03-17 00:40:50',NULL,1),(61,17,2.00,'Peperoni','2021-03-17 00:40:50','2021-03-17 00:40:50',NULL,0),(62,17,1.00,'Peperoni','2021-03-17 00:40:50','2021-03-17 00:40:50',NULL,0),(63,344,8.00,'Borda Rechedada Catupiru','2021-08-09 14:01:11','2021-08-09 14:01:11',NULL,1),(64,344,12.00,'Borda Recheada Cheddar','2021-08-09 14:01:33','2021-08-09 14:01:33',NULL,1);
/*!40000 ALTER TABLE `extras` ENABLE KEYS */;
UNLOCK TABLES;

--
-- Table structure for table `fidelity_program`
--

DROP TABLE IF EXISTS `fidelity_program`;
/*!40101 SET @saved_cs_client     = @@character_set_client */;
/*!40101 SET character_set_client = utf8 */;
CREATE TABLE `fidelity_program` (
  `id` bigint(20) unsigned NOT NULL AUTO_INCREMENT,
  `restaurant_id` bigint(20) unsigned NOT NULL,
  `active` tinyint(1) NOT NULL,
  `type_target` tinyint(1) NOT NULL,
  `target_orders` int(11) NOT NULL,
  `target_value` double(8,2) NOT NULL,
  `type_reward` tinyint(1) NOT NULL,
  `reward` double(8,2) NOT NULL,
  `type_coupon` tinyint(1) NOT NULL,
  `created_at` timestamp NULL DEFAULT NULL,
  `updated_at` timestamp NULL DEFAULT NULL,
  PRIMARY KEY (`id`),
  KEY `fidelity_program_restaurant_id_foreign` (`restaurant_id`),
  CONSTRAINT `fidelity_program_restaurant_id_foreign` FOREIGN KEY (`restaurant_id`) REFERENCES `restorants` (`id`)
) ENGINE=InnoDB AUTO_INCREMENT=4 DEFAULT CHARSET=utf8mb4 COLLATE=utf8mb4_unicode_ci;
/*!40101 SET character_set_client = @saved_cs_client */;

--
-- Dumping data for table `fidelity_program`
--

LOCK TABLES `fidelity_program` WRITE;
/*!40000 ALTER TABLE `fidelity_program` DISABLE KEYS */;
INSERT INTO `fidelity_program` VALUES (1,1,1,0,4,30.00,0,5.00,1,'2021-08-10 14:03:55','2021-08-10 14:03:55'),(2,1,1,0,30,30.00,0,5.00,1,'2021-08-10 14:03:55','2021-08-10 14:03:55'),(3,1,1,0,4,25.00,0,5.00,1,'2021-09-14 01:19:52','2021-09-14 01:19:52');
/*!40000 ALTER TABLE `fidelity_program` ENABLE KEYS */;
UNLOCK TABLES;

--
-- Table structure for table `hours`
--

DROP TABLE IF EXISTS `hours`;
/*!40101 SET @saved_cs_client     = @@character_set_client */;
/*!40101 SET character_set_client = utf8 */;
CREATE TABLE `hours` (
  `id` bigint(20) unsigned NOT NULL AUTO_INCREMENT,
  `created_at` timestamp NULL DEFAULT NULL,
  `updated_at` timestamp NULL DEFAULT NULL,
  `0_from` varchar(191) COLLATE utf8mb4_unicode_ci DEFAULT NULL,
  `0_to` varchar(191) COLLATE utf8mb4_unicode_ci DEFAULT NULL,
  `1_from` varchar(191) COLLATE utf8mb4_unicode_ci DEFAULT NULL,
  `1_to` varchar(191) COLLATE utf8mb4_unicode_ci DEFAULT NULL,
  `2_from` varchar(191) COLLATE utf8mb4_unicode_ci DEFAULT NULL,
  `2_to` varchar(191) COLLATE utf8mb4_unicode_ci DEFAULT NULL,
  `3_from` varchar(191) COLLATE utf8mb4_unicode_ci DEFAULT NULL,
  `3_to` varchar(191) COLLATE utf8mb4_unicode_ci DEFAULT NULL,
  `4_from` varchar(191) COLLATE utf8mb4_unicode_ci DEFAULT NULL,
  `4_to` varchar(191) COLLATE utf8mb4_unicode_ci DEFAULT NULL,
  `5_from` varchar(191) COLLATE utf8mb4_unicode_ci DEFAULT NULL,
  `5_to` varchar(191) COLLATE utf8mb4_unicode_ci DEFAULT NULL,
  `6_from` varchar(191) COLLATE utf8mb4_unicode_ci DEFAULT NULL,
  `6_to` varchar(191) COLLATE utf8mb4_unicode_ci DEFAULT NULL,
  `restorant_id` bigint(20) unsigned NOT NULL,
  PRIMARY KEY (`id`),
  KEY `hours_restorant_id_foreign` (`restorant_id`),
  CONSTRAINT `hours_restorant_id_foreign` FOREIGN KEY (`restorant_id`) REFERENCES `restorants` (`id`)
) ENGINE=InnoDB AUTO_INCREMENT=41 DEFAULT CHARSET=utf8mb4 COLLATE=utf8mb4_unicode_ci;
/*!40101 SET character_set_client = @saved_cs_client */;

--
-- Dumping data for table `hours`
--

LOCK TABLES `hours` WRITE;
/*!40000 ALTER TABLE `hours` DISABLE KEYS */;
INSERT INTO `hours` VALUES (1,'2021-03-31 02:44:22','2021-08-30 12:03:35','05:00','23:00','01:00','23:00','00:00','23:55','01:00','23:55','00:00','23:55','09:00','17:00','09:00','23:55',1),(18,'2021-03-31 02:44:22','2021-03-31 02:44:22','09:00','17:00','09:00','23:00','09:00','23:55','09:00','23:55','09:00','23:55','09:00','17:00','09:00','23:55',18),(29,'2021-07-07 19:41:05','2021-07-07 19:41:05','09:00','23:00','09:00','17:00','09:00','17:00','09:00','17:00','09:00','17:00','09:00','17:00','09:00','17:00',29),(30,'2021-08-13 12:28:46','2021-08-13 12:28:46',NULL,NULL,NULL,NULL,NULL,NULL,NULL,NULL,NULL,NULL,NULL,NULL,NULL,NULL,1),(31,'2021-08-19 16:52:03','2021-08-19 16:52:03','09:00','17:00','09:00','17:00','09:00','17:00','09:00','17:00','09:00','17:00','09:00','17:00','09:00','17:00',30),(32,'2021-08-19 17:14:44','2021-08-19 17:14:44','09:00','17:00','09:00','17:00','09:00','17:00','09:00','17:00','09:00','17:00','09:00','17:00','09:00','17:00',31),(33,'2021-08-19 17:18:26','2021-08-19 17:18:26','09:00','17:00','09:00','17:00','09:00','17:00','09:00','17:00','09:00','17:00','09:00','17:00','09:00','17:00',32),(34,'2021-08-19 17:23:01','2021-08-19 17:23:01','09:00','17:00','09:00','17:00','09:00','17:00','09:00','17:00','09:00','17:00','09:00','17:00','09:00','17:00',33),(35,'2021-08-25 16:08:56','2021-08-25 16:08:56','09:00','17:00','09:00','17:00','09:00','17:00','09:00','17:00','09:00','17:00','09:00','17:00','09:00','17:00',34),(36,'2021-09-28 14:10:38','2021-09-28 14:10:38','09:00','17:00','09:00','17:00','09:00','17:00','09:00','17:00','09:00','17:00','09:00','17:00','09:00','17:00',35),(37,'2021-09-29 14:21:51','2021-09-29 14:21:51','09:00','17:00','09:00','17:00','09:00','17:00','09:00','17:00','09:00','17:00','09:00','17:00','09:00','17:00',36),(38,'2021-09-30 12:15:59','2021-09-30 12:15:59','09:00','17:00','09:00','17:00','09:00','17:00','09:00','17:00','09:00','17:00','09:00','17:00','09:00','17:00',37),(39,'2021-09-30 13:13:56','2021-09-30 13:13:56','09:00','17:00','09:00','17:00','09:00','17:00','09:00','17:00','09:00','17:00','09:00','17:00','09:00','17:00',38),(40,'2021-11-19 00:11:35','2021-11-19 00:11:35','09:00','17:00','09:00','17:00','09:00','17:00','09:00','17:00','09:00','17:00','09:00','17:00','09:00','17:00',39);
/*!40000 ALTER TABLE `hours` ENABLE KEYS */;
UNLOCK TABLES;

--
-- Table structure for table `items`
--

DROP TABLE IF EXISTS `items`;
/*!40101 SET @saved_cs_client     = @@character_set_client */;
/*!40101 SET character_set_client = utf8 */;
CREATE TABLE `items` (
  `id` bigint(20) unsigned NOT NULL AUTO_INCREMENT,
  `name` varchar(191) COLLATE utf8mb4_unicode_ci NOT NULL,
  `description` varchar(455) COLLATE utf8mb4_unicode_ci NOT NULL,
  `image` varchar(191) COLLATE utf8mb4_unicode_ci NOT NULL,
  `price` double(8,2) NOT NULL,
  `category_id` bigint(20) unsigned NOT NULL,
  `created_at` timestamp NULL DEFAULT NULL,
  `updated_at` timestamp NULL DEFAULT NULL,
  `available` int(11) NOT NULL DEFAULT 1,
  `has_variants` int(11) NOT NULL DEFAULT 0,
  `vat` double(8,2) DEFAULT NULL,
  `deleted_at` timestamp NULL DEFAULT NULL,
  PRIMARY KEY (`id`),
  KEY `items_category_id_foreign` (`category_id`),
  CONSTRAINT `items_category_id_foreign` FOREIGN KEY (`category_id`) REFERENCES `categories` (`id`)
) ENGINE=InnoDB AUTO_INCREMENT=345 DEFAULT CHARSET=utf8mb4 COLLATE=utf8mb4_unicode_ci;
/*!40101 SET character_set_client = @saved_cs_client */;

--
-- Dumping data for table `items`
--

LOCK TABLES `items` WRITE;
/*!40000 ALTER TABLE `items` DISABLE KEYS */;
INSERT INTO `items` VALUES (1,'Caprese Salad (350gr)','peeled tomatoes, mozzarella salad, Genovese pesto','https://foodtiger.mobidonia.com/uploads/restorants/bd5292e7-e898-479d-8921-4c47a776ba82',9.99,1,'2021-03-17 00:40:49','2021-07-07 01:37:54',1,0,21.00,NULL),(2,'Caesar Salad (400g)','iceberg, bacon, chicken breast, parmesan, Caesar sauce','https://foodtiger.mobidonia.com/uploads/restorants/25ed56dc-45cc-473f-ad00-d4b449acc71a',10.99,1,'2021-03-17 00:40:49','2021-03-17 00:40:49',1,0,21.00,NULL),(3,'Salad Napoli (350g)','iceberg, arugula, cherry tomatoes, mozzarella salad, salad dressing: (Extra Virgin olive oil, Modena balsamic vinegar, honey and mustard)','https://foodtiger.mobidonia.com/uploads/restorants/93641a19-dba6-4010-a852-0e88da83a01f',9.99,1,'2021-03-17 00:40:49','2021-03-17 00:40:49',1,0,21.00,NULL),(4,'Green tuna salad (400g)','lettuce, cucumbers, tuna, olive, corn, lemon, salad dressing: (Extra Virgin olive oil, Modena balsamic vinegar, honey and mustard)','https://foodtiger.mobidonia.com/uploads/restorants/d3379607-df34-4ed0-8f87-8bb6f73ed16d',9.99,1,'2021-03-17 00:40:49','2021-03-17 00:40:49',1,0,21.00,NULL),(5,'Green salad (350g)','lettuce, cucumbers, radishes, onions, egg, salad dressing: (Extra Virgin olive oil, Modena balsamic vinegar, honey and mustard)','https://foodtiger.mobidonia.com/uploads/restorants/2e7eb9a6-5307-4ec7-8cf8-86490d4c2363',7.99,1,'2021-03-17 00:40:49','2021-03-17 00:40:49',1,0,21.00,NULL),(6,'Greek Salad (500g)','tomatoes, cucumbers, green pepper, red onion, olive, feta cheese, extra virgin olive oil','https://foodtiger.mobidonia.com/uploads/restorants/f5a8b88d-9b94-44fc-9555-2f0fe043d624',9.99,1,'2021-03-17 00:40:49','2021-03-17 00:40:49',1,0,21.00,NULL),(7,'Mozzarella Pizza','tomato sauce, mozzarella sabelli, cherry tomatoes, olives, pesto sauce, extra virgin olive oil','https://foodtiger.mobidonia.com/uploads/restorants/f71ae2d7-f24f-4e1b-9bdd-7ab7143ce3c8',10.99,2,'2021-03-17 00:40:49','2021-03-17 00:40:49',1,1,21.00,NULL),(8,'Prosciutto crust pizza','tomato sauce, mozzarella sabelli, prosciutto, arugula, extra virgin olive oil','https://foodtiger.mobidonia.com/uploads/restorants/9b9886cb-5d4b-4bfe-a02a-dc3b94dae706',14.99,2,'2021-03-17 00:40:49','2021-03-17 00:40:49',1,1,21.00,NULL),(9,'Pepperoni Pizza','tomato sauce, mozzarella Sabelli, Calabro salad (spicy), extra virgin olive oil','https://foodtiger.mobidonia.com/uploads/restorants/4b26647d-52b8-43c5-8b62-708c99252c24',14.99,2,'2021-03-17 00:40:49','2021-03-17 00:40:49',1,1,21.00,NULL),(10,'Carriola Pizza','tomato sauce, mozzarella sabelli, bacon, red onion, olives, extra virgin olive oil','https://foodtiger.mobidonia.com/uploads/restorants/e1e5559a-ca6d-4a34-80c6-b72c31d97d96',14.99,2,'2021-03-17 00:40:49','2021-03-17 00:40:49',1,1,21.00,NULL),(11,'Perugia Pizza','tomato sauce, mozzarella sabelli, chicken fillet, red onion, fresh peppers, extra virgin olive oil','https://foodtiger.mobidonia.com/uploads/restorants/a8e8c22a-84cd-48d0-971a-2c98e695e387',14.99,2,'2021-03-17 00:40:50','2021-03-17 00:40:50',1,1,21.00,NULL),(12,'Pizza Napoli','tomato sauce, mozzarella sabelli, ham, cherry tomatoes, emmental, arugula, extra virgin olive oil','https://foodtiger.mobidonia.com/uploads/restorants/5c8fa7eb-bc11-42e1-a1a5-ffb0b3d7a6b7',14.99,2,'2021-03-17 00:40:50','2021-03-17 00:40:50',1,1,21.00,NULL),(13,'Margarita Pizza','tomato sauce, mozzarella Sabelli, extra virgin olive oil','https://foodtiger.mobidonia.com/uploads/restorants/9d180742-9fb3-4b46-8563-8c24c9004fd3',10.49,2,'2021-03-17 00:40:50','2021-03-17 00:40:50',1,1,21.00,NULL),(14,'Combo Pizza 50/50 (70cm)','','https://foodtiger.mobidonia.com/uploads/restorants/cb7372d0-73a8-4551-bc31-22035d9551c4',39.99,2,'2021-03-17 00:40:50','2021-03-17 00:40:50',1,1,21.00,NULL),(15,'Capricciosa Pizza','tomato sauce, mozzarella sabelli, ham, fresh mushrooms, extra virgin olive oil','https://foodtiger.mobidonia.com/uploads/restorants/0102bebe-b6c4-46b0-9195-ee06bca71a37',14.99,2,'2021-03-17 00:40:50','2021-03-17 00:40:50',1,1,21.00,NULL),(16,'Quattro Formaggi Pizza','cream (animal), mozzarella Sabelli, blue cheese, emmental, parmesan, extra virgin olive oil','https://foodtiger.mobidonia.com/uploads/restorants/0054144d-131c-4807-a209-cee855415182',14.99,2,'2021-03-17 00:40:50','2021-03-17 00:40:50',1,1,21.00,NULL),(17,'Marco Polo Pizza','tomato sauce, Sabelli mozzarella, chicken fillet, smoked cheese, corn, extra virgin olive oil','https://foodtiger.mobidonia.com/uploads/restorants/f77218a9-676e-434e-ac5b-4ae3dc5795b3',14.99,2,'2021-03-17 00:40:50','2021-03-17 00:40:50',1,1,21.00,NULL),(18,'Spaghetti Carbonara (450g)','fresh pasta, cream (animal), onion, pancakes (smoked bacon), egg, parmesan','https://foodtiger.mobidonia.com/uploads/restorants/b65d5389-4742-4a78-9d94-f31110984db6',11.99,3,'2021-03-17 00:40:50','2021-03-17 00:40:50',1,0,21.00,NULL),(19,'Spaghetti Formaggi (450g)','fresh pasta, cream (animal), blue cheese, emmental, parmesan','https://foodtiger.mobidonia.com/uploads/restorants/4a2067cb-f39c-4b26-83ef-9097512d3328',11.99,3,'2021-03-17 00:40:50','2021-03-17 00:40:50',1,0,21.00,NULL),(20,'Tagliatelle with mushrooms (400g)','fresh pasta, cream (animal), mushrooms, parmesan','https://foodtiger.mobidonia.com/uploads/restorants/0bae6238-dda6-4630-b300-5125fde865d4',11.99,3,'2021-03-17 00:40:50','2021-03-17 00:40:50',1,0,21.00,NULL),(21,'Chicken risotto (450g)','Arborio rice, chicken breast, onion, parmesan','https://foodtiger.mobidonia.com/uploads/restorants/033c32c1-cdae-495e-910f-66b5fa239297',11.99,3,'2021-03-17 00:40:50','2021-03-17 00:40:50',1,0,21.00,NULL),(22,'Risotto with mushrooms (450g)','Arborio rice, mushrooms, garlic, parmesan','https://foodtiger.mobidonia.com/uploads/restorants/08d82944-f947-48f4-a197-a3199bb3b6e7',11.99,3,'2021-03-17 00:40:50','2021-03-17 00:40:50',1,0,21.00,NULL),(23,'Tagliatelle with Bolognese Sauce (400g)','fresh pasta, bolognese sauce, parmesan','https://foodtiger.mobidonia.com/uploads/restorants/cc695ba9-8af3-47a4-8e41-dc1706cbf2c3',11.99,3,'2021-03-17 00:40:50','2021-03-17 00:40:50',1,0,21.00,NULL),(24,'Lasagna Classic (450g)','Bolognese sauce, mozzarella Sabelli','https://foodtiger.mobidonia.com/uploads/restorants/94d44523-ec90-4069-bd11-eb9588207c31',11.99,4,'2021-03-17 00:40:50','2021-03-17 00:40:50',1,0,21.00,NULL),(25,'Napoli Lasagna (450g)','chicken fillet, cream (animal), corn, blue cheese, mozzarella Sabelli','https://foodtiger.mobidonia.com/uploads/restorants/4c367950-992c-4711-ab56-42bed10de86c',11.99,4,'2021-03-17 00:40:50','2021-03-17 00:40:50',1,0,21.00,NULL),(26,'Lasagna Formagio (450g)','smoked cheese, blue cheese, emmental, cream (animal), mozzarella Sabelli','https://foodtiger.mobidonia.com/uploads/restorants/8bafc3ec-82e7-46f8-964a-77a13e4ddf96',11.99,4,'2021-03-17 00:40:50','2021-03-17 00:40:50',1,0,21.00,NULL),(343,'PIZZA MUSSARELA','BELO DE UM PIZZA','ab918929-3229-4235-af75-aa0a4750b464',15.90,70,'2021-03-31 02:43:32','2021-03-31 02:43:32',1,0,NULL,NULL),(344,'Pizza minha','Delicia','0c606f83-e22e-478e-a4d6-32cc7061ebea',23.00,2,'2021-08-09 13:46:58','2021-08-09 13:47:48',1,1,NULL,NULL);
/*!40000 ALTER TABLE `items` ENABLE KEYS */;
UNLOCK TABLES;

--
-- Table structure for table `languages`
--

DROP TABLE IF EXISTS `languages`;
/*!40101 SET @saved_cs_client     = @@character_set_client */;
/*!40101 SET character_set_client = utf8 */;
CREATE TABLE `languages` (
  `id` int(10) unsigned NOT NULL AUTO_INCREMENT,
  `name` varchar(191) COLLATE utf8mb4_unicode_ci DEFAULT NULL,
  `language` varchar(191) COLLATE utf8mb4_unicode_ci NOT NULL,
  `created_at` timestamp NULL DEFAULT NULL,
  `updated_at` timestamp NULL DEFAULT NULL,
  PRIMARY KEY (`id`)
) ENGINE=InnoDB DEFAULT CHARSET=utf8mb4 COLLATE=utf8mb4_unicode_ci;
/*!40101 SET character_set_client = @saved_cs_client */;

--
-- Dumping data for table `languages`
--

LOCK TABLES `languages` WRITE;
/*!40000 ALTER TABLE `languages` DISABLE KEYS */;
/*!40000 ALTER TABLE `languages` ENABLE KEYS */;
UNLOCK TABLES;

--
-- Table structure for table `localmenus`
--

DROP TABLE IF EXISTS `localmenus`;
/*!40101 SET @saved_cs_client     = @@character_set_client */;
/*!40101 SET character_set_client = utf8 */;
CREATE TABLE `localmenus` (
  `id` bigint(20) unsigned NOT NULL AUTO_INCREMENT,
  `created_at` timestamp NULL DEFAULT NULL,
  `updated_at` timestamp NULL DEFAULT NULL,
  `restaurant_id` bigint(20) unsigned NOT NULL,
  `language` varchar(3) COLLATE utf8mb4_unicode_ci NOT NULL,
  `languageName` varchar(191) COLLATE utf8mb4_unicode_ci NOT NULL,
  `default` int(11) NOT NULL DEFAULT 0 COMMENT '0 - No, 1 - Yes',
  PRIMARY KEY (`id`),
  KEY `localmenus_restaurant_id_foreign` (`restaurant_id`),
  CONSTRAINT `localmenus_restaurant_id_foreign` FOREIGN KEY (`restaurant_id`) REFERENCES `restorants` (`id`)
) ENGINE=InnoDB DEFAULT CHARSET=utf8mb4 COLLATE=utf8mb4_unicode_ci;
/*!40101 SET character_set_client = @saved_cs_client */;

--
-- Dumping data for table `localmenus`
--

LOCK TABLES `localmenus` WRITE;
/*!40000 ALTER TABLE `localmenus` DISABLE KEYS */;
/*!40000 ALTER TABLE `localmenus` ENABLE KEYS */;
UNLOCK TABLES;

--
-- Table structure for table `mercado_pago`
--

DROP TABLE IF EXISTS `mercado_pago`;
/*!40101 SET @saved_cs_client     = @@character_set_client */;
/*!40101 SET character_set_client = utf8 */;
CREATE TABLE `mercado_pago` (
  `id` bigint(20) unsigned NOT NULL AUTO_INCREMENT,
  `retorno` text COLLATE utf8mb4_unicode_ci NOT NULL,
  `processed` int(11) NOT NULL,
  `created_at` timestamp NULL DEFAULT NULL,
  `updated_at` timestamp NULL DEFAULT NULL,
  PRIMARY KEY (`id`)
) ENGINE=InnoDB AUTO_INCREMENT=2 DEFAULT CHARSET=utf8mb4 COLLATE=utf8mb4_unicode_ci;
/*!40101 SET character_set_client = @saved_cs_client */;

--
-- Dumping data for table `mercado_pago`
--

LOCK TABLES `mercado_pago` WRITE;
/*!40000 ALTER TABLE `mercado_pago` DISABLE KEYS */;
INSERT INTO `mercado_pago` VALUES (1,'{\"action\":\"payment.created\",\"api_version\":\"v1\",\"data\":{\"id\":\"1239028531\"},\"date_created\":\"2021-07-23T16:11:52Z\",\"id\":7743434415,\"live_mode\":false,\"type\":\"payment\",\"user_id\":\"48572313\"\n}',0,'2021-07-26 14:46:42','2021-07-26 14:46:42');
/*!40000 ALTER TABLE `mercado_pago` ENABLE KEYS */;
UNLOCK TABLES;

--
-- Table structure for table `migrations`
--

DROP TABLE IF EXISTS `migrations`;
/*!40101 SET @saved_cs_client     = @@character_set_client */;
/*!40101 SET character_set_client = utf8 */;
CREATE TABLE `migrations` (
  `id` int(10) unsigned NOT NULL AUTO_INCREMENT,
  `migration` varchar(191) COLLATE utf8mb4_unicode_ci NOT NULL,
  `batch` int(11) NOT NULL,
  PRIMARY KEY (`id`)
) ENGINE=InnoDB AUTO_INCREMENT=111 DEFAULT CHARSET=utf8mb4 COLLATE=utf8mb4_unicode_ci;
/*!40101 SET character_set_client = @saved_cs_client */;

--
-- Dumping data for table `migrations`
--

LOCK TABLES `migrations` WRITE;
/*!40000 ALTER TABLE `migrations` DISABLE KEYS */;
INSERT INTO `migrations` VALUES (1,'2014_10_12_000000_create_users_table',1),(2,'2014_10_12_100000_create_password_resets_table',1),(3,'2018_08_29_200844_create_languages_table',1),(4,'2018_08_29_205156_create_translations_table',1),(5,'2019_05_03_000001_create_customer_columns',1),(6,'2019_05_03_000002_create_subscriptions_table',1),(7,'2019_05_03_000003_create_subscription_items_table',1),(8,'2020_02_06_010033_create_permission_tables',1),(9,'2020_02_06_022212_create_restorants_table',1),(10,'2020_02_09_015116_create_status_table',1),(11,'2020_02_09_152551_create_categories_table',1),(12,'2020_02_09_152656_create_items_table',1),(13,'2020_02_11_052117_create_address_table',1),(14,'2020_02_11_054259_create_orders_table',1),(15,'2020_02_20_094727_create_settings_table',1),(16,'2020_03_25_134914_create_pages_table',1),(17,'2020_04_03_143518_update_settings_table',1),(18,'2020_04_10_202027_create_payments_table',1),(19,'2020_04_11_165819_update_table_orders',1),(20,'2020_04_22_105556_update_items_table',1),(21,'2020_04_23_212320_update_restorants_table',1),(22,'2020_04_23_212502_update_orders_table',1),(23,'2020_04_28_112519_update_address_table',1),(24,'2020_05_07_122727_create_hours_table',1),(25,'2020_05_09_012646_update_orders_add_delivery_table',1),(26,'2020_05_09_024507_add_options_to_settings_table',1),(27,'2020_05_20_232204_create_notifications_table',1),(28,'2020_06_03_134258_change_radius_to_delivery_area_restorants_table',1),(29,'2020_06_26_131803_create_sms_verifications_table',1),(30,'2020_07_12_182829_create_extras_table',1),(31,'2020_07_14_155509_create_plan_table',1),(32,'2020_07_23_183000_update_restorants_with_featured',1),(33,'2020_07_28_131511_update_users_sms_verification',1),(34,'2020_07_30_102916_change_json_to_string',1),(35,'2020_08_01_014851_create_variants',1),(36,'2020_08_14_003718_create_ratings_table',1),(37,'2020_08_18_035731_update_table_plans',1),(38,'2020_08_18_053012_update_user_add_plan',1),(39,'2020_09_02_131604_update_orders_time_to_prepare',1),(40,'2020_09_09_080747_create_cities_table',1),(41,'2020_09_28_131250_update_item_softdelete',1),(42,'2020_10_24_150254_create_tables_table',1),(43,'2020_10_25_021321_create_visits_table',1),(44,'2020_10_26_004421_update_orders_client_nullable',1),(45,'2020_10_26_104351_update_restorant_table',1),(46,'2020_10_26_190049_update_plan',1),(47,'2020_10_27_180123_create_stripe_payment',1),(48,'2020_11_01_190615_update_user_table',1),(49,'2020_11_05_081140_create_paths_table',1),(50,'2020_11_14_111220_create_phone_in_orders',1),(51,'2020_11_17_211252_update_logo_in_settings',1),(52,'2020_11_25_182453_create_paypal_payment',1),(53,'2020_11_25_225536_update_user_for_paypal_subsc',1),(54,'2020_11_27_102829_update_restaurants_for_delivery_pickup',1),(55,'2020_11_27_165901_create_coupons_table',1),(56,'2020_12_02_192213_update_for_whatsapp_order',1),(57,'2020_12_02_195333_update_for_mollie_payment',1),(58,'2020_12_07_142304_create_banners_table',1),(59,'2020_12_10_155335_wp_address',1),(60,'2020_12_14_195627_update_for_paystack_sub',1),(61,'2020_12_15_130511_update_paystack_verification',1),(62,'2020_12_27_155822_create_restaurant_multilanguage',1),(63,'2020_12_27_162902_update_restaurant_with_currency',1),(64,'2021_01_16_093708_update_restorant_with_pay_link',1),(65,'2021_01_22_142723_create_crud_for_whatsapp_landing',1),(66,'2021_02_16_065037_create_configs_table',2),(67,'2021_02_18_140330_allow_null_on_config_value',2),(68,'2021_02_22_135519_update_settinga_table',2),(69,'2021_02_26_113854_order_fee_update',2),(70,'2021_04_01_150200_create_delivery_tax',2),(71,'2021_04_30_102132_address_nick',2),(72,'2021_03_23_135952_update_config_table',3),(75,'2021_05_07_100208_whatsapp_message',4),(76,'2021_05_20_112201_modify_plan',5),(77,'2021_05_20_123812_restorant_has_drivers',6),(80,'2021_06_01_061145_client_rating',7),(83,'2021_06_02_200100_client_has_ratings',8),(84,'2021_04_17_002457_update_restables',9),(85,'2021_04_17_231310_update_restablesagain',9),(86,'2021_04_22_184249_update_user_with_staff',9),(87,'2021_04_26_190410_create_cart_storage_table',9),(88,'2021_05_19_032734_update_order_with_employee_id',9),(89,'2021_05_19_124342_create_simple_delivery_areas',9),(90,'2021_05_28_070715_create_expenses',9),(91,'2021_07_20_091716_money_change_order',10),(92,'2021_07_26_094617_log_returtn',11),(93,'2021_07_26_194617_log_returtn',12),(94,'2021_07_26_194627_log_returtn',13),(95,'2021_07_26_194628_log_returtn',14),(96,'2021_07_29_092603_fidelity_program',15),(99,'2021_07_30_142417_coupon_client',18),(106,'2021_07_30_192607_fideltity',19),(107,'2021_08_03_192615_rewrd',19),(108,'2021_08_06_102434_modify_code',19),(109,'2021_08_06_102843_reward_item',19),(110,'2021_08_31_195004_cupom_order',20);
/*!40000 ALTER TABLE `migrations` ENABLE KEYS */;
UNLOCK TABLES;

--
-- Table structure for table `model_has_permissions`
--

DROP TABLE IF EXISTS `model_has_permissions`;
/*!40101 SET @saved_cs_client     = @@character_set_client */;
/*!40101 SET character_set_client = utf8 */;
CREATE TABLE `model_has_permissions` (
  `permission_id` int(10) unsigned NOT NULL,
  `model_type` varchar(191) COLLATE utf8mb4_unicode_ci NOT NULL,
  `model_id` bigint(20) unsigned NOT NULL,
  PRIMARY KEY (`permission_id`,`model_id`,`model_type`),
  KEY `model_has_permissions_model_id_model_type_index` (`model_id`,`model_type`),
  CONSTRAINT `model_has_permissions_permission_id_foreign` FOREIGN KEY (`permission_id`) REFERENCES `permissions` (`id`) ON DELETE CASCADE
) ENGINE=InnoDB DEFAULT CHARSET=utf8mb4 COLLATE=utf8mb4_unicode_ci;
/*!40101 SET character_set_client = @saved_cs_client */;

--
-- Dumping data for table `model_has_permissions`
--

LOCK TABLES `model_has_permissions` WRITE;
/*!40000 ALTER TABLE `model_has_permissions` DISABLE KEYS */;
/*!40000 ALTER TABLE `model_has_permissions` ENABLE KEYS */;
UNLOCK TABLES;

--
-- Table structure for table `model_has_roles`
--

DROP TABLE IF EXISTS `model_has_roles`;
/*!40101 SET @saved_cs_client     = @@character_set_client */;
/*!40101 SET character_set_client = utf8 */;
CREATE TABLE `model_has_roles` (
  `role_id` int(10) unsigned NOT NULL,
  `model_type` varchar(191) COLLATE utf8mb4_unicode_ci NOT NULL,
  `model_id` bigint(20) unsigned NOT NULL,
  PRIMARY KEY (`role_id`,`model_id`,`model_type`),
  KEY `model_has_roles_model_id_model_type_index` (`model_id`,`model_type`),
  CONSTRAINT `model_has_roles_role_id_foreign` FOREIGN KEY (`role_id`) REFERENCES `roles` (`id`) ON DELETE CASCADE
) ENGINE=InnoDB DEFAULT CHARSET=utf8mb4 COLLATE=utf8mb4_unicode_ci;
/*!40101 SET character_set_client = @saved_cs_client */;

--
-- Dumping data for table `model_has_roles`
--

LOCK TABLES `model_has_roles` WRITE;
/*!40000 ALTER TABLE `model_has_roles` DISABLE KEYS */;
INSERT INTO `model_has_roles` VALUES (1,'App\\User',1),(2,'App\\User',2),(2,'App\\User',4),(2,'App\\User',20),(2,'App\\User',21),(2,'App\\User',22),(2,'App\\User',23),(2,'App\\User',24),(2,'App\\User',25),(2,'App\\User',26),(2,'App\\User',27),(2,'App\\User',28),(2,'App\\User',29),(2,'App\\User',30),(2,'App\\User',41),(2,'App\\User',42),(2,'App\\User',43),(2,'App\\User',44),(2,'App\\User',45),(2,'App\\User',46),(2,'App\\User',47),(2,'App\\User',49),(2,'App\\User',50),(2,'App\\User',51),(2,'App\\User',52),(2,'App\\User',54),(2,'App\\User',55),(3,'App\\User',17),(3,'App\\User',18),(3,'App\\User',19),(4,'App\\User',16),(4,'App\\User',31),(4,'App\\User',32),(4,'App\\User',33),(4,'App\\User',34),(4,'App\\User',37),(4,'App\\User',39),(4,'App\\User',40),(4,'App\\User',53);
/*!40000 ALTER TABLE `model_has_roles` ENABLE KEYS */;
UNLOCK TABLES;

--
-- Table structure for table `notifications`
--

DROP TABLE IF EXISTS `notifications`;
/*!40101 SET @saved_cs_client     = @@character_set_client */;
/*!40101 SET character_set_client = utf8 */;
CREATE TABLE `notifications` (
  `id` char(36) COLLATE utf8mb4_unicode_ci NOT NULL,
  `type` varchar(191) COLLATE utf8mb4_unicode_ci NOT NULL,
  `notifiable_type` varchar(191) COLLATE utf8mb4_unicode_ci NOT NULL,
  `notifiable_id` bigint(20) unsigned NOT NULL,
  `data` text COLLATE utf8mb4_unicode_ci NOT NULL,
  `read_at` timestamp NULL DEFAULT NULL,
  `created_at` timestamp NULL DEFAULT NULL,
  `updated_at` timestamp NULL DEFAULT NULL,
  PRIMARY KEY (`id`),
  KEY `notifications_notifiable_type_notifiable_id_index` (`notifiable_type`,`notifiable_id`)
) ENGINE=InnoDB DEFAULT CHARSET=utf8mb4 COLLATE=utf8mb4_unicode_ci;
/*!40101 SET character_set_client = @saved_cs_client */;

--
-- Dumping data for table `notifications`
--

LOCK TABLES `notifications` WRITE;
/*!40000 ALTER TABLE `notifications` DISABLE KEYS */;
INSERT INTO `notifications` VALUES ('04bc4e24-f4f6-4e16-824b-8123d1ddc97c','App\\Notifications\\OrderNotification','App\\User',4,'{\"title\":\"H\\u00e1 uma nova ordem\",\"body\":\"Voc\\u00ea acabou de receber um pedido\"}',NULL,'2021-03-30 22:49:06','2021-03-30 22:49:06'),('05d1baf5-5ce0-4011-adbb-b6bf8c9421e7','App\\Notifications\\MessageNotification','App\\User',2,'{\"title\":\"There is new order\",\"body\":\"You have just received an order\"}',NULL,'2021-05-24 20:48:45','2021-05-24 20:48:45'),('08fd6858-390c-4efa-9300-1e9b086cd9d5','App\\Notifications\\OrderNotification','App\\User',16,'{\"title\":\"Your order is ready.\",\"body\":\"Your order is ready for delivery. Expect us soon.\"}',NULL,'2021-05-20 18:55:58','2021-05-20 18:55:58'),('101cba91-ffa3-4e46-8eca-23faa2cb1390','App\\Notifications\\OrderNotification','App\\User',2,'{\"title\":\"H\\u00e1 uma nova ordem\",\"body\":\"Voc\\u00ea acabou de receber um pedido\"}',NULL,'2021-08-05 13:39:14','2021-08-05 13:39:14'),('13ef0740-b114-4733-baa8-78f8e7fd517a','App\\Notifications\\MessageNotification','App\\User',2,'{\"title\":\"There is new order\",\"body\":\"You have just received an order\"}',NULL,'2021-05-24 20:30:39','2021-05-24 20:30:39'),('22c0c896-8cc9-4cdf-bb1e-4ed59aa901bb','App\\Notifications\\OrderNotification','App\\User',2,'{\"title\":\"H\\u00e1 uma nova ordem\",\"body\":\"Voc\\u00ea acabou de receber um pedido\"}',NULL,'2021-08-05 13:41:51','2021-08-05 13:41:51'),('2f643465-aeb7-4a0d-87fd-a0a53a082563','App\\Notifications\\MessageNotification','App\\User',2,'{\"title\":\"There is new order\",\"body\":\"You have just received an order\"}',NULL,'2021-05-24 21:01:18','2021-05-24 21:01:18'),('313bcb37-4981-44bd-80c5-0f041dd64258','App\\Notifications\\MessageNotification','App\\User',2,'{\"title\":\"There is new order\",\"body\":\"You have just received an order\"}',NULL,'2021-05-25 03:09:45','2021-05-25 03:09:45'),('3ae1c9ff-17a5-4a53-b23a-335abea00d39','App\\Notifications\\MessageNotification','App\\User',2,'{\"title\":\"There is new order\",\"body\":\"You have just received an order\"}',NULL,'2021-05-24 20:57:40','2021-05-24 20:57:40'),('3b84c51c-ae68-4cce-96ba-5192e0b65e83','App\\Notifications\\MessageNotification','App\\User',2,'{\"title\":\"There is new order\",\"body\":\"You have just received an order\"}',NULL,'2021-05-24 20:57:42','2021-05-24 20:57:42'),('4127c317-e019-4009-8054-487d0aebbc69','App\\Notifications\\OrderNotification','App\\User',2,'{\"title\":\"H\\u00e1 uma nova ordem\",\"body\":\"Voc\\u00ea acabou de receber um pedido\"}',NULL,'2021-08-05 13:32:30','2021-08-05 13:32:30'),('4830cff3-75a6-4cc6-9ba4-1fdcad39ff85','App\\Notifications\\OrderNotification','App\\User',16,'{\"title\":\"Your order is ready.\",\"body\":\"Your order is ready for delivery. Expect us soon.\"}',NULL,'2021-05-19 16:34:26','2021-05-19 16:34:26'),('4916cb25-4610-45b1-aecb-055e48d8147c','App\\Notifications\\OrderNotification','App\\User',16,'{\"title\":\"Seu pedido foi aceito\",\"body\":\"ordem#644 Agora estamos trabalhando nisso!\"}',NULL,'2021-08-13 16:28:42','2021-08-13 16:28:42'),('4d90e5af-7011-479a-8fe5-89f33fdbf1df','App\\Notifications\\OrderNotification','App\\User',16,'{\"title\":\"Seu pedido est\\u00e1 pronto.\",\"body\":\"Seu pedido est\\u00e1 pronto para entrega. Espere por n\\u00f3s em breve.\"}',NULL,'2021-07-08 11:53:56','2021-07-08 11:53:56'),('57f08e23-1411-4dde-80c4-59651e50311a','App\\Notifications\\OrderNotification','App\\User',1,'{\"title\":\"H\\u00e1 uma nova ordem\",\"body\":\"Voc\\u00ea acabou de receber um pedido\"}',NULL,'2021-07-06 18:22:10','2021-07-06 18:22:10'),('69316917-a2b8-4824-b080-aabcc4b56a86','App\\Notifications\\MessageNotification','App\\User',2,'{\"title\":\"There is new order\",\"body\":\"You have just received an order\"}',NULL,'2021-05-24 20:44:28','2021-05-24 20:44:28'),('70d163ff-fff3-48e9-96d9-c61c3eca1eaf','App\\Notifications\\OrderNotification','App\\User',16,'{\"title\":\"Your order has been accepted\",\"body\":\"order#5 We are now working on it!\"}',NULL,'2021-05-28 23:26:16','2021-05-28 23:26:16'),('7178a550-2532-431f-9504-0468257fa93c','App\\Notifications\\MessageNotification','App\\User',2,'{\"title\":\"There is new order\",\"body\":\"You have just received an order\"}',NULL,'2021-05-24 20:25:14','2021-05-24 20:25:14'),('7691ffa7-8719-4524-8d7d-e4538260a9f6','App\\Notifications\\OrderNotification','App\\User',2,'{\"title\":\"There is new order\",\"body\":\"You have just received an order\"}',NULL,'2021-03-17 13:51:54','2021-03-17 13:51:54'),('8100066d-9f86-4d4a-be9e-bbbda348288e','App\\Notifications\\OrderNotification','App\\User',16,'{\"title\":\"Your order has been accepted\",\"body\":\"order#2 We are now working on it!\"}',NULL,'2021-05-18 16:55:57','2021-05-18 16:55:57'),('851c8f86-4146-4ef7-9c55-03c67fbe1fd4','App\\Notifications\\OrderNotification','App\\User',16,'{\"title\":\"Your order is ready.\",\"body\":\"Your order is ready for delivery. Expect us soon.\"}',NULL,'2021-05-28 23:26:40','2021-05-28 23:26:40'),('8c68c8e3-1e9c-417c-8e45-3bd29b4835ec','App\\Notifications\\OrderNotification','App\\User',16,'{\"title\":\"Seu pedido est\\u00e1 pronto.\",\"body\":\"Seu pedido est\\u00e1 pronto para entrega. Espere por n\\u00f3s em breve.\"}',NULL,'2021-08-13 16:29:44','2021-08-13 16:29:44'),('8d8433e1-f945-4a12-bb9f-34ace68cea08','App\\Notifications\\MessageNotification','App\\User',2,'{\"title\":\"There is new order\",\"body\":\"You have just received an order\"}',NULL,'2021-05-25 03:08:08','2021-05-25 03:08:08'),('90c0b060-c1dd-4f06-8485-30d90be010b1','App\\Notifications\\MessageNotification','App\\User',2,'{\"title\":\"There is new order\",\"body\":\"You have just received an order\"}',NULL,'2021-05-24 20:48:45','2021-05-24 20:48:45'),('959553d6-74b9-4377-a2c5-3434b990a289','App\\Notifications\\OrderNotification','App\\User',2,'{\"title\":\"H\\u00e1 uma nova ordem\",\"body\":\"Voc\\u00ea acabou de receber um pedido\"}',NULL,'2021-08-05 13:36:42','2021-08-05 13:36:42'),('99979bb7-0d83-4f68-9366-3fdd578e43b1','App\\Notifications\\OrderNotification','App\\User',16,'{\"title\":\"Seu pedido foi aceito\",\"body\":\"ordem#10 Agora estamos trabalhando nisso!\"}',NULL,'2021-07-06 19:03:45','2021-07-06 19:03:45'),('9acc4b79-6e61-4184-bd1b-0c77a8715d10','App\\Notifications\\OrderNotification','App\\User',16,'{\"title\":\"Your order has been accepted\",\"body\":\"order#5 We are now working on it!\"}',NULL,'2021-05-28 23:24:43','2021-05-28 23:24:43'),('9aea1638-a143-4389-af4d-ced54f940537','App\\Notifications\\OrderNotification','App\\User',2,'{\"title\":\"H\\u00e1 uma nova ordem\",\"body\":\"Voc\\u00ea acabou de receber um pedido\"}',NULL,'2021-08-05 12:52:08','2021-08-05 12:52:08'),('9d0fbbd2-eda4-41c9-968f-bd43d5572b8c','App\\Notifications\\OrderNotification','App\\User',2,'{\"title\":\"H\\u00e1 uma nova ordem\",\"body\":\"Voc\\u00ea acabou de receber um pedido\"}',NULL,'2021-08-05 13:00:43','2021-08-05 13:00:43'),('a4618961-f2e1-4862-9a8a-1b71fa3a558a','App\\Notifications\\MessageNotification','App\\User',2,'{\"title\":\"There is new order\",\"body\":\"You have just received an order\"}',NULL,'2021-05-24 20:48:12','2021-05-24 20:48:12'),('b1898996-7b70-4081-9189-698493cec61a','App\\Notifications\\MessageNotification','App\\User',2,'{\"title\":\"There is new order\",\"body\":\"You have just received an order\"}',NULL,'2021-05-25 03:08:47','2021-05-25 03:08:47'),('b957354a-6e3d-4fc9-b5b4-a07ace5ded93','App\\Notifications\\OrderNotification','App\\User',16,'{\"title\":\"Your order has been accepted\",\"body\":\"order#3 We are now working on it!\"}',NULL,'2021-05-19 16:34:15','2021-05-19 16:34:15'),('bd02d7a2-ada9-46c2-865f-a80fbcce0ce1','App\\Notifications\\MessageNotification','App\\User',2,'[]',NULL,'2021-05-24 20:21:20','2021-05-24 20:21:20'),('c0099ac7-3d15-4baa-93bd-745af2dfd3d7','App\\Notifications\\MessageNotification','App\\User',2,'[]',NULL,'2021-05-24 20:22:41','2021-05-24 20:22:41'),('c2fad5a4-2ba7-4e6b-a6ce-7524fccc8e6a','App\\Notifications\\MessageNotification','App\\User',2,'{\"title\":\"There is new order\",\"body\":\"You have just received an order\"}',NULL,'2021-05-24 20:49:30','2021-05-24 20:49:30'),('c89b2cd2-de66-44c7-8cec-966dd81d26dd','App\\Notifications\\MessageNotification','App\\User',2,'{\"title\":\"There is new order\",\"body\":\"You have just received an order\"}',NULL,'2021-05-25 03:08:49','2021-05-25 03:08:49'),('d336b13d-0457-4396-8b1e-97473abb8f40','App\\Notifications\\MessageNotification','App\\User',2,'{\"title\":\"There is new order\",\"body\":\"You have just received an order\"}',NULL,'2021-05-24 21:01:20','2021-05-24 21:01:20'),('d5eb04df-8870-4ef4-ba44-783fc62dd86d','App\\Notifications\\MessageNotification','App\\User',2,'{\"title\":\"There is new order\",\"body\":\"You have just received an order\"}',NULL,'2021-05-24 20:24:52','2021-05-24 20:24:52'),('d7c6f88c-222d-4229-a4ee-9a4394f221d8','App\\Notifications\\MessageNotification','App\\User',2,'{\"title\":\"There is new order\",\"body\":\"You have just received an order\"}',NULL,'2021-05-25 03:09:43','2021-05-25 03:09:43'),('d7fa6d1a-0a82-4994-9fa7-9649d27416f1','App\\Notifications\\OrderNotification','App\\User',16,'{\"title\":\"Seu pedido est\\u00e1 pronto.\",\"body\":\"Seu pedido est\\u00e1 pronto para entrega. Espere por n\\u00f3s em breve.\"}',NULL,'2021-07-06 19:07:58','2021-07-06 19:07:58'),('e1b4e764-749d-40ba-a122-c173587c62a1','App\\Notifications\\OrderNotification','App\\User',2,'{\"title\":\"H\\u00e1 uma nova ordem\",\"body\":\"Voc\\u00ea acabou de receber um pedido\"}',NULL,'2021-08-05 12:25:07','2021-08-05 12:25:07'),('e30ffa08-899a-40f2-bb23-adf3360f8143','App\\Notifications\\OrderNotification','App\\User',16,'{\"title\":\"Seu pedido foi aceito\",\"body\":\"ordem#9 Agora estamos trabalhando nisso!\"}',NULL,'2021-07-08 11:53:17','2021-07-08 11:53:17'),('e411ac9e-fd9e-4b2a-907e-2930d67614f9','App\\Notifications\\OrderNotification','App\\User',16,'{\"title\":\"Seu pedido est\\u00e1 pronto.\",\"body\":\"Seu pedido est\\u00e1 pronto para entrega. Espere por n\\u00f3s em breve.\"}',NULL,'2021-09-09 17:39:21','2021-09-09 17:39:21'),('f022461e-0783-48b2-8e67-f6fc7f88b715','App\\Notifications\\MessageNotification','App\\User',2,'{\"title\":\"There is new order\",\"body\":\"You have just received an order\"}',NULL,'2021-05-24 20:49:30','2021-05-24 20:49:30'),('f0b33d93-4dd9-4957-8360-294dae50665c','App\\Notifications\\OrderNotification','App\\User',16,'{\"title\":\"Your order is ready.\",\"body\":\"Your order is ready for delivery. Expect us soon.\"}',NULL,'2021-05-18 16:57:33','2021-05-18 16:57:33'),('f5215-45b9-43ef-b4e7-731ff1a86265','App\\Notifications\\OrderNotification','App\\User',2,'{\"title\":\"H\\u00e1 uma nova ordem\",\"body\":\"Voc\\u00ea acabou de receber um pedido\"}',NULL,'2021-03-30 18:20:29','2021-03-30 18:20:29'),('f5c10215-45b9-43ef-b4e7-731ff1a86265','App\\Notifications\\OrderNotification','App\\User',2,'{\"title\":\"H\\u00e1 uma nova ordem\",\"body\":\"Voc\\u00ea acabou de receber um pedido\"}',NULL,'2021-03-30 18:20:29','2021-03-30 18:20:29'),('fe0ef477-baa7-459a-91eb-06fb19d66e8e','App\\Notifications\\OrderNotification','App\\User',1,'{\"title\":\"H\\u00e1 uma nova ordem\",\"body\":\"Voc\\u00ea acabou de receber um pedido\"}',NULL,'2021-07-09 19:42:04','2021-07-09 19:42:04');
/*!40000 ALTER TABLE `notifications` ENABLE KEYS */;
UNLOCK TABLES;

--
-- Table structure for table `options`
--

DROP TABLE IF EXISTS `options`;
/*!40101 SET @saved_cs_client     = @@character_set_client */;
/*!40101 SET character_set_client = utf8 */;
CREATE TABLE `options` (
  `id` bigint(20) unsigned NOT NULL AUTO_INCREMENT,
  `item_id` bigint(20) unsigned NOT NULL,
  `name` varchar(191) COLLATE utf8mb4_unicode_ci NOT NULL,
  `options` varchar(500) COLLATE utf8mb4_unicode_ci NOT NULL,
  `created_at` timestamp NULL DEFAULT NULL,
  `updated_at` timestamp NULL DEFAULT NULL,
  `deleted_at` timestamp NULL DEFAULT NULL,
  PRIMARY KEY (`id`),
  KEY `options_item_id_foreign` (`item_id`),
  CONSTRAINT `options_item_id_foreign` FOREIGN KEY (`item_id`) REFERENCES `items` (`id`)
) ENGINE=InnoDB AUTO_INCREMENT=25 DEFAULT CHARSET=utf8mb4 COLLATE=utf8mb4_unicode_ci;
/*!40101 SET character_set_client = @saved_cs_client */;

--
-- Dumping data for table `options`
--

LOCK TABLES `options` WRITE;
/*!40000 ALTER TABLE `options` DISABLE KEYS */;
INSERT INTO `options` VALUES (1,7,'Size','Small,Medium,Large,Family','2021-03-17 00:40:49','2021-03-17 00:40:49',NULL),(2,7,'Crust','Hand-Tosset,Thin Crust,Double Decker','2021-03-17 00:40:49','2021-03-17 00:40:49',NULL),(3,8,'Size','Small,Medium,Large,Family','2021-03-17 00:40:49','2021-03-17 00:40:49',NULL),(4,8,'Crust','Hand-Tosset,Thin Crust,Double Decker','2021-03-17 00:40:49','2021-03-17 00:40:49',NULL),(5,9,'Size','Small,Medium,Large,Family','2021-03-17 00:40:49','2021-03-17 00:40:49',NULL),(6,9,'Crust','Hand-Tosset,Thin Crust,Double Decker','2021-03-17 00:40:49','2021-03-17 00:40:49',NULL),(7,10,'Size','Small,Medium,Large,Family','2021-03-17 00:40:50','2021-03-17 00:40:50',NULL),(8,10,'Crust','Hand-Tosset,Thin Crust,Double Decker','2021-03-17 00:40:50','2021-03-17 00:40:50',NULL),(9,11,'Size','Small,Medium,Large,Family','2021-03-17 00:40:50','2021-03-17 00:40:50',NULL),(10,11,'Crust','Hand-Tosset,Thin Crust,Double Decker','2021-03-17 00:40:50','2021-03-17 00:40:50',NULL),(11,12,'Size','Small,Medium,Large,Family','2021-03-17 00:40:50','2021-03-17 00:40:50',NULL),(12,12,'Crust','Hand-Tosset,Thin Crust,Double Decker','2021-03-17 00:40:50','2021-03-17 00:40:50',NULL),(13,13,'Size','Small,Medium,Large,Family','2021-03-17 00:40:50','2021-03-17 00:40:50',NULL),(14,13,'Crust','Hand-Tosset,Thin Crust,Double Decker','2021-03-17 00:40:50','2021-03-17 00:40:50',NULL),(15,14,'Size','Small,Medium,Large,Family','2021-03-17 00:40:50','2021-03-17 00:40:50',NULL),(16,14,'Crust','Hand-Tosset,Thin Crust,Double Decker','2021-03-17 00:40:50','2021-03-17 00:40:50',NULL),(17,15,'Size','Small,Medium,Large,Family','2021-03-17 00:40:50','2021-03-17 00:40:50',NULL),(18,15,'Crust','Hand-Tosset,Thin Crust,Double Decker','2021-03-17 00:40:50','2021-03-17 00:40:50',NULL),(19,16,'Size','Small,Medium,Large,Family','2021-03-17 00:40:50','2021-03-17 00:40:50',NULL),(20,16,'Crust','Hand-Tosset,Thin Crust,Double Decker','2021-03-17 00:40:50','2021-03-17 00:40:50',NULL),(21,17,'Size','Small,Medium,Large,Family','2021-03-17 00:40:50','2021-03-17 00:40:50',NULL),(22,17,'Crust','Hand-Tosset,Thin Crust,Double Decker','2021-03-17 00:40:50','2021-03-17 00:40:50',NULL),(23,344,'Tamanho','P,M,G,FA,EX','2021-08-09 13:48:35','2021-08-09 13:48:35',NULL),(24,344,'Borda Recheada','Simples,Catupiry,Cheddar,Chocolate','2021-08-09 13:52:40','2021-08-09 13:57:28','2021-08-09 13:57:28');
/*!40000 ALTER TABLE `options` ENABLE KEYS */;
UNLOCK TABLES;

--
-- Table structure for table `order_has_items`
--

DROP TABLE IF EXISTS `order_has_items`;
/*!40101 SET @saved_cs_client     = @@character_set_client */;
/*!40101 SET character_set_client = utf8 */;
CREATE TABLE `order_has_items` (
  `id` bigint(20) unsigned NOT NULL AUTO_INCREMENT,
  `created_at` timestamp NULL DEFAULT NULL,
  `updated_at` timestamp NULL DEFAULT NULL,
  `order_id` bigint(20) unsigned NOT NULL,
  `item_id` bigint(20) unsigned NOT NULL,
  `qty` int(11) NOT NULL DEFAULT 1,
  `extras` varchar(800) COLLATE utf8mb4_unicode_ci DEFAULT '',
  `vat` double(8,2) DEFAULT 0.00,
  `vatvalue` double(8,2) DEFAULT 0.00,
  `variant_price` double(8,2) DEFAULT NULL,
  `variant_name` varchar(191) COLLATE utf8mb4_unicode_ci NOT NULL DEFAULT '',
  PRIMARY KEY (`id`),
  KEY `order_has_items_order_id_foreign` (`order_id`),
  KEY `order_has_items_item_id_foreign` (`item_id`),
  CONSTRAINT `order_has_items_item_id_foreign` FOREIGN KEY (`item_id`) REFERENCES `items` (`id`),
  CONSTRAINT `order_has_items_order_id_foreign` FOREIGN KEY (`order_id`) REFERENCES `orders` (`id`)
) ENGINE=InnoDB AUTO_INCREMENT=65 DEFAULT CHARSET=utf8mb4 COLLATE=utf8mb4_unicode_ci;
/*!40101 SET character_set_client = @saved_cs_client */;

--
-- Dumping data for table `order_has_items`
--

LOCK TABLES `order_has_items` WRITE;
/*!40000 ALTER TABLE `order_has_items` DISABLE KEYS */;
INSERT INTO `order_has_items` VALUES (1,NULL,NULL,1,11,1,'[\"Peperoni + $1.00\",\"Olive + $1.00\",\"Mushroom + $0.50\"]',21.00,5.14,24.49,'large,thin-crust'),(2,NULL,NULL,2,5,1,'[\"Extra cheese + $1.20\",\"Extra olives + $0.30\",\"Tuna + $1.50\"]',21.00,2.31,10.99,''),(3,NULL,NULL,3,10,1,'[\"Olive + $1.00\"]',21.00,4.83,22.99,'large,thin-crust'),(4,NULL,NULL,4,9,1,'[\"Mushroom + $0.50\"]',21.00,5.35,25.49,'family,thin-crust'),(5,NULL,NULL,5,7,1,'[\"Olive + \\u20ac1.00\"]',21.00,3.99,18.99,'large,thin-crust'),(9,NULL,NULL,9,7,1,'[\"Mushroom + R$0.50\"]',21.00,3.25,15.49,'medium,thin-crust'),(10,NULL,NULL,9,7,1,'[]',21.00,3.78,17.99,'large,thin-crust'),(11,NULL,NULL,10,12,1,'[]',21.00,4.62,21.99,'large,thin-crust'),(12,NULL,NULL,11,4,1,'[\"Extra olives + R$0.30\"]',21.00,2.16,10.29,''),(13,NULL,NULL,12,26,1,'[]',21.00,2.52,11.99,''),(14,NULL,NULL,13,9,1,'[]',21.00,4.62,21.99,'large,thin-crust'),(16,NULL,NULL,15,1,2,'[]',21.00,4.20,9.99,''),(17,NULL,NULL,16,1,2,'[]',21.00,4.20,9.99,''),(18,NULL,NULL,17,1,2,'[]',21.00,4.20,9.99,''),(22,NULL,NULL,21,6,3,'[]',21.00,6.29,9.99,''),(23,NULL,NULL,22,5,3,'[\"Extra olives + R$0.30\"]',21.00,5.22,8.29,''),(24,NULL,NULL,23,5,3,'[\"Extra olives + R$0.30\"]',21.00,5.22,8.29,''),(25,NULL,NULL,24,5,3,'[\"Extra olives + R$0.30\"]',21.00,5.22,8.29,''),(26,NULL,NULL,25,5,3,'[\"Extra olives + R$0.30\"]',21.00,5.22,8.29,''),(27,NULL,NULL,26,5,3,'[\"Extra olives + R$0.30\"]',21.00,5.22,8.29,''),(28,NULL,NULL,27,5,3,'[\"Extra olives + R$0.30\"]',21.00,5.22,8.29,''),(29,NULL,NULL,28,5,3,'[\"Extra olives + R$0.30\"]',21.00,5.22,8.29,''),(30,NULL,NULL,29,4,3,'[]',21.00,6.29,9.99,''),(31,NULL,NULL,30,2,3,'[]',21.00,6.92,10.99,''),(33,NULL,NULL,32,4,3,'[]',21.00,6.29,9.99,''),(34,NULL,NULL,33,11,1,'[]',21.00,3.78,17.99,'medium,hand-tosset'),(35,NULL,NULL,34,1,1,'[\"Extra cheese + R$1.20\"]',21.00,2.35,11.19,''),(37,NULL,NULL,36,9,1,'[]',21.00,5.04,23.99,'family,hand-tosset'),(38,NULL,NULL,637,3,2,'[]',21.00,4.20,9.99,''),(40,NULL,NULL,639,3,2,'[]',21.00,4.20,9.99,''),(41,NULL,NULL,640,1,2,'[\"Extra olives + R$0.30\"]',21.00,4.32,10.29,''),(42,NULL,NULL,641,5,3,'[\"Extra olives + R$0.30\"]',21.00,5.22,8.29,''),(43,NULL,NULL,642,11,1,'[\"Olive + R$1.00\"]',21.00,4.20,19.99,'medium,thin-crust'),(44,NULL,NULL,643,8,1,'[]',21.00,5.04,23.99,'family,hand-tosset'),(45,NULL,NULL,644,12,1,'[]',21.00,3.78,17.99,'medium,hand-tosset'),(47,NULL,NULL,646,4,2,'[]',21.00,4.20,9.99,''),(48,NULL,NULL,647,19,1,'[]',21.00,2.52,11.99,''),(49,NULL,NULL,648,8,1,'[]',21.00,3.99,18.99,'medium,thin-crust'),(50,NULL,NULL,649,12,1,'[]',21.00,3.78,17.99,'medium,hand-tosset'),(51,NULL,NULL,650,12,1,'[]',21.00,3.78,17.99,'medium,hand-tosset'),(52,NULL,NULL,651,16,1,'[]',21.00,3.78,17.99,'medium,hand-tosset'),(53,NULL,NULL,652,12,1,'[]',21.00,3.99,18.99,'medium,thin-crust'),(54,NULL,NULL,653,12,1,'[]',21.00,3.99,18.99,'medium,thin-crust'),(55,NULL,NULL,654,12,1,'[]',21.00,3.99,18.99,'medium,thin-crust'),(56,NULL,NULL,655,12,1,'[]',21.00,3.99,18.99,'medium,thin-crust'),(57,NULL,NULL,656,8,1,'[\"Olive + R$1.00\"]',21.00,4.83,22.99,'large,thin-crust'),(58,NULL,NULL,656,8,1,'[]',21.00,3.78,17.99,'medium,hand-tosset'),(59,NULL,NULL,656,19,1,'[]',21.00,2.52,11.99,''),(60,NULL,NULL,656,6,1,'[]',21.00,2.10,9.99,''),(61,NULL,NULL,656,6,1,'[]',21.00,2.10,9.99,''),(62,NULL,NULL,656,3,1,'[]',21.00,2.10,9.99,''),(63,NULL,NULL,656,6,1,'[]',21.00,2.10,9.99,''),(64,NULL,NULL,657,2,1,'[]',21.00,2.31,10.99,'');
/*!40000 ALTER TABLE `order_has_items` ENABLE KEYS */;
UNLOCK TABLES;

--
-- Table structure for table `order_has_status`
--

DROP TABLE IF EXISTS `order_has_status`;
/*!40101 SET @saved_cs_client     = @@character_set_client */;
/*!40101 SET character_set_client = utf8 */;
CREATE TABLE `order_has_status` (
  `id` bigint(20) unsigned NOT NULL AUTO_INCREMENT,
  `created_at` timestamp NULL DEFAULT NULL,
  `updated_at` timestamp NULL DEFAULT NULL,
  `order_id` bigint(20) unsigned NOT NULL,
  `status_id` bigint(20) unsigned NOT NULL,
  `user_id` bigint(20) unsigned NOT NULL,
  `comment` varchar(500) COLLATE utf8mb4_unicode_ci NOT NULL,
  PRIMARY KEY (`id`),
  KEY `order_has_status_order_id_foreign` (`order_id`),
  KEY `order_has_status_status_id_foreign` (`status_id`),
  KEY `order_has_status_user_id_foreign` (`user_id`),
  CONSTRAINT `order_has_status_order_id_foreign` FOREIGN KEY (`order_id`) REFERENCES `orders` (`id`),
  CONSTRAINT `order_has_status_status_id_foreign` FOREIGN KEY (`status_id`) REFERENCES `status` (`id`),
  CONSTRAINT `order_has_status_user_id_foreign` FOREIGN KEY (`user_id`) REFERENCES `users` (`id`)
) ENGINE=InnoDB AUTO_INCREMENT=78 DEFAULT CHARSET=utf8mb4 COLLATE=utf8mb4_unicode_ci;
/*!40101 SET character_set_client = @saved_cs_client */;

--
-- Dumping data for table `order_has_status`
--

LOCK TABLES `order_has_status` WRITE;
/*!40000 ALTER TABLE `order_has_status` DISABLE KEYS */;
INSERT INTO `order_has_status` VALUES (2,'2021-04-30 15:42:18',NULL,2,1,14,''),(3,'2021-04-30 23:57:30',NULL,443,1,15,''),(4,'2021-05-04 00:25:33',NULL,444,1,14,''),(5,'2021-05-04 17:55:12',NULL,445,1,14,''),(6,'2021-05-04 18:03:10',NULL,446,1,14,''),(7,'2021-05-04 18:12:09',NULL,447,1,14,''),(8,'2021-05-04 18:15:31',NULL,448,1,14,''),(9,'2021-05-04 18:50:39',NULL,449,1,14,''),(10,'2021-05-04 18:55:14',NULL,450,1,14,''),(11,'2021-05-13 12:28:31',NULL,451,1,14,''),(12,'2021-05-14 20:12:10',NULL,1,1,16,''),(18,'2021-05-18 16:52:05',NULL,2,2,1,''),(19,'2021-05-18 16:53:20',NULL,2,2,1,''),(20,'2021-05-18 16:55:57',NULL,2,3,2,''),(28,'2021-05-20 18:55:16',NULL,4,1,16,''),(29,'2021-05-20 18:55:58',NULL,2,5,2,''),(30,'2021-05-28 23:21:56',NULL,5,1,16,''),(32,'2021-05-28 23:26:16',NULL,5,3,2,''),(33,'2021-05-28 23:26:40',NULL,5,5,2,''),(35,'2021-07-03 02:33:49',NULL,9,1,16,''),(36,'2021-07-06 18:22:07',NULL,10,1,16,''),(37,'2021-07-06 19:03:45',NULL,10,3,2,''),(38,'2021-07-06 19:07:58',NULL,10,5,2,''),(39,'2021-07-08 11:50:20',NULL,10,7,2,''),(40,'2021-07-08 11:51:02',NULL,10,11,2,''),(41,'2021-07-08 11:53:17',NULL,9,3,2,''),(42,'2021-07-08 11:53:56',NULL,9,5,2,''),(43,'2021-07-09 19:42:02',NULL,11,1,16,''),(44,'2021-07-13 13:03:30',NULL,12,1,16,''),(45,'2021-07-13 17:37:40',NULL,13,1,16,''),(47,'2021-07-19 14:55:32',NULL,17,1,16,''),(48,'2021-07-19 20:52:57',NULL,21,1,16,''),(49,'2021-07-20 13:44:23',NULL,28,1,16,''),(50,'2021-07-20 13:50:15',NULL,29,1,16,''),(51,'2021-07-20 14:12:27',NULL,30,1,16,''),(52,'2021-07-20 14:35:25',NULL,32,1,16,''),(53,'2021-07-21 18:54:12',NULL,33,1,37,''),(54,'2021-07-21 18:58:57',NULL,34,1,37,''),(55,'2021-07-22 14:19:55',NULL,36,1,16,''),(56,'2021-08-05 12:25:05',NULL,637,1,16,''),(57,'2021-08-05 12:52:06',NULL,639,1,16,''),(58,'2021-08-05 13:00:41',NULL,640,1,16,''),(59,'2021-08-05 13:32:28',NULL,641,1,16,''),(60,'2021-08-05 13:36:40',NULL,642,1,16,''),(61,'2021-08-05 13:39:12',NULL,643,1,16,''),(62,'2021-08-05 13:41:49',NULL,644,1,16,''),(63,'2021-08-13 16:28:43',NULL,644,3,2,''),(64,'2021-08-13 16:29:44',NULL,644,5,2,''),(65,'2021-08-17 17:59:07',NULL,646,1,16,''),(66,'2021-08-18 18:53:56',NULL,647,1,16,''),(67,'2021-08-23 17:13:23',NULL,648,1,16,''),(68,'2021-08-30 15:06:06',NULL,649,1,16,''),(69,'2021-08-30 15:08:27',NULL,650,1,16,''),(70,'2021-08-30 15:24:40',NULL,651,1,16,''),(71,'2021-08-30 15:24:40',NULL,654,1,16,''),(72,'2021-09-01 15:02:58',NULL,655,1,16,''),(73,'2021-09-01 15:36:52',NULL,654,3,2,''),(74,'2021-09-01 15:52:04',NULL,656,1,16,''),(75,'2021-09-01 15:54:56',NULL,657,1,16,''),(76,'2021-09-01 15:56:49',NULL,657,3,2,''),(77,'2021-09-09 17:39:21',NULL,657,7,2,'');
/*!40000 ALTER TABLE `order_has_status` ENABLE KEYS */;
UNLOCK TABLES;

--
-- Table structure for table `orders`
--

DROP TABLE IF EXISTS `orders`;
/*!40101 SET @saved_cs_client     = @@character_set_client */;
/*!40101 SET character_set_client = utf8 */;
CREATE TABLE `orders` (
  `id` bigint(20) unsigned NOT NULL AUTO_INCREMENT,
  `created_at` timestamp NULL DEFAULT NULL,
  `updated_at` timestamp NULL DEFAULT NULL,
  `address_id` bigint(20) unsigned DEFAULT NULL,
  `client_id` bigint(20) unsigned DEFAULT NULL,
  `coupom_id` bigint(20) unsigned DEFAULT NULL,
  `restorant_id` bigint(20) unsigned NOT NULL,
  `driver_id` bigint(20) unsigned DEFAULT NULL,
  `delivery_price` double(8,2) NOT NULL,
  `order_price` double(8,2) NOT NULL,
  `payment_method` varchar(191) COLLATE utf8mb4_unicode_ci DEFAULT NULL,
  `money_change` int(11) NOT NULL,
  `payment_status` varchar(191) COLLATE utf8mb4_unicode_ci DEFAULT NULL,
  `comment` varchar(500) COLLATE utf8mb4_unicode_ci NOT NULL,
  `lat` varchar(191) COLLATE utf8mb4_unicode_ci DEFAULT NULL,
  `lng` varchar(191) COLLATE utf8mb4_unicode_ci DEFAULT NULL,
  `srtipe_payment_id` varchar(191) COLLATE utf8mb4_unicode_ci DEFAULT NULL,
  `fee` double(8,2) NOT NULL DEFAULT 0.00,
  `fee_value` double NOT NULL DEFAULT 0,
  `static_fee` double(8,2) NOT NULL DEFAULT 0.00,
  `delivery_method` int(11) NOT NULL DEFAULT 1 COMMENT '1- Delivery, 2- Pickup',
  `delivery_pickup_interval` varchar(191) COLLATE utf8mb4_unicode_ci NOT NULL DEFAULT '',
  `vatvalue` double(8,2) DEFAULT 0.00,
  `payment_processor_fee` double(8,2) NOT NULL DEFAULT 0.00,
  `time_to_prepare` int(11) DEFAULT NULL,
  `table_id` bigint(20) unsigned DEFAULT NULL,
  `phone` varchar(191) COLLATE utf8mb4_unicode_ci DEFAULT NULL,
  `whatsapp_address` varchar(191) COLLATE utf8mb4_unicode_ci DEFAULT NULL,
  `payment_link` varchar(191) COLLATE utf8mb4_unicode_ci NOT NULL,
  `employee_id` bigint(20) unsigned DEFAULT NULL,
  PRIMARY KEY (`id`),
  KEY `orders_address_id_foreign` (`address_id`),
  KEY `orders_client_id_foreign` (`client_id`),
  KEY `orders_restorant_id_foreign` (`restorant_id`),
  KEY `orders_driver_id_foreign` (`driver_id`),
  KEY `orders_employee_id_foreign` (`employee_id`),
  KEY `orders_coupom_id_foreign` (`coupom_id`),
  CONSTRAINT `orders_address_id_foreign` FOREIGN KEY (`address_id`) REFERENCES `address` (`id`),
  CONSTRAINT `orders_client_id_foreign` FOREIGN KEY (`client_id`) REFERENCES `users` (`id`),
  CONSTRAINT `orders_coupom_id_foreign` FOREIGN KEY (`coupom_id`) REFERENCES `coupons` (`id`),
  CONSTRAINT `orders_driver_id_foreign` FOREIGN KEY (`driver_id`) REFERENCES `users` (`id`),
  CONSTRAINT `orders_employee_id_foreign` FOREIGN KEY (`employee_id`) REFERENCES `users` (`id`),
  CONSTRAINT `orders_restorant_id_foreign` FOREIGN KEY (`restorant_id`) REFERENCES `restorants` (`id`)
) ENGINE=InnoDB AUTO_INCREMENT=658 DEFAULT CHARSET=utf8mb4 COLLATE=utf8mb4_unicode_ci;
/*!40101 SET character_set_client = @saved_cs_client */;

--
-- Dumping data for table `orders`
--

LOCK TABLES `orders` WRITE;
/*!40000 ALTER TABLE `orders` DISABLE KEYS */;
INSERT INTO `orders` VALUES (1,'2018-05-14 20:12:09','2021-05-14 20:12:10',1,16,NULL,1,NULL,9.00,24.49,'cod',0,'unpaid',' ',NULL,NULL,NULL,0.00,0,0.00,1,'990_1020',5.14,0.00,NULL,NULL,NULL,NULL,'',NULL),(2,'2021-05-14 20:46:08','2021-05-14 20:46:09',1,16,NULL,1,NULL,9.00,10.99,'cod',0,'unpaid',' ',NULL,NULL,NULL,0.00,0,0.00,1,'1020_1050',2.31,0.00,NULL,NULL,NULL,NULL,'',NULL),(3,'2021-05-19 16:33:07','2021-05-19 16:34:59',1,16,NULL,18,NULL,9.00,22.99,'cod',0,'paid',' ',NULL,NULL,NULL,0.00,0,0.00,1,'780_810',4.83,0.00,NULL,NULL,NULL,NULL,'',NULL),(4,'2021-05-20 18:55:14','2021-05-20 18:55:16',2,16,NULL,1,NULL,4.00,25.49,'cod',0,'unpaid',' ',NULL,NULL,NULL,0.00,0,0.00,1,'900_930',5.35,0.00,NULL,NULL,NULL,NULL,'',NULL),(5,'2021-05-28 23:21:55','2021-05-28 23:21:56',2,16,NULL,1,NULL,9.00,18.99,'cod',0,'unpaid',' ',NULL,NULL,NULL,0.00,0,0.00,1,'1170_1200',3.99,0.00,NULL,NULL,NULL,NULL,'',NULL),(9,'2021-07-27 12:07:49','2021-07-03 02:33:49',2,16,NULL,1,NULL,0.00,33.48,'mercadopago',0,'unpaid',' ',NULL,NULL,NULL,0.00,0,0.00,1,'1380_1410',7.03,0.00,NULL,NULL,NULL,NULL,'http://127.0.0.1:8000/mercadopago/pay/9',NULL),(10,'2021-07-06 18:22:06','2021-07-06 18:46:32',3,16,NULL,1,NULL,9.00,21.99,'mercadopago',0,'paid',' ',NULL,NULL,NULL,0.00,0,0.00,1,'870_900',4.62,0.00,NULL,NULL,NULL,NULL,'http://127.0.0.1:8000/mercadopago/pay/10',NULL),(11,'2021-07-09 19:42:00','2021-07-09 20:42:28',3,16,NULL,1,NULL,9.00,10.29,'mercadopago',0,'paid',' ',NULL,NULL,NULL,0.00,0,0.00,1,'960_990',2.16,0.00,NULL,NULL,NULL,NULL,'http://127.0.0.1:8000/mercadopago/pay/11',NULL),(12,'2021-07-13 13:03:28','2021-07-13 13:03:30',3,16,NULL,1,NULL,9.00,11.99,'mercadopago',0,'unpaid',' ',NULL,NULL,NULL,0.00,0,0.00,1,'540_570',2.52,0.00,NULL,NULL,NULL,NULL,'http://127.0.0.1:8000/mercadopago/pay/12',NULL),(13,'2021-07-13 17:37:38','2021-07-27 13:10:01',3,16,NULL,1,NULL,9.00,21.99,'card',0,'unpaid',' ',NULL,NULL,NULL,0.00,0,0.00,1,'840_870',4.62,0.00,NULL,NULL,NULL,NULL,'',NULL),(15,'2021-07-19 14:43:41','2021-07-19 14:43:42',3,16,NULL,1,NULL,9.00,19.98,'card',0,'unpaid',' ',NULL,NULL,NULL,0.00,0,0.00,1,'630_660',4.20,0.00,NULL,NULL,NULL,NULL,'',NULL),(16,'2021-07-19 14:48:06','2021-07-19 14:48:07',3,16,NULL,1,NULL,9.00,19.98,'card',0,'unpaid',' ',NULL,NULL,NULL,0.00,0,0.00,1,'630_660',4.20,0.00,NULL,NULL,NULL,NULL,'',NULL),(17,'2021-07-19 14:55:31','2021-07-19 14:55:32',3,16,NULL,1,NULL,9.00,19.98,'card',0,'unpaid',' ',NULL,NULL,NULL,0.00,0,0.00,1,'630_660',4.20,0.00,NULL,NULL,NULL,NULL,'',NULL),(21,'2021-07-19 20:52:56','2021-07-26 16:08:59',3,16,NULL,1,NULL,9.00,29.97,'mercadopago',0,'paid',' ',NULL,NULL,NULL,0.00,0,0.00,1,'1020_1050',6.29,0.00,NULL,NULL,NULL,NULL,'http://127.0.0.1:8000/mercadopago/pay/21',NULL),(22,'2021-07-20 13:34:09','2021-07-20 13:34:11',3,16,NULL,1,NULL,9.00,24.87,'cod',0,'unpaid',' ',NULL,NULL,NULL,0.00,0,0.00,1,'600_630',5.22,0.00,NULL,NULL,NULL,NULL,'',NULL),(23,'2021-07-20 13:35:23','2021-07-20 13:35:24',3,16,NULL,1,NULL,9.00,24.87,'cod',0,'unpaid',' ',NULL,NULL,NULL,0.00,0,0.00,1,'600_630',5.22,0.00,NULL,NULL,NULL,NULL,'',NULL),(24,'2021-07-20 13:39:53','2021-07-20 13:39:54',3,16,NULL,1,NULL,9.00,24.87,'cod',0,'unpaid',' ',NULL,NULL,NULL,0.00,0,0.00,1,'600_630',5.22,0.00,NULL,NULL,NULL,NULL,'',NULL),(25,'2021-07-20 13:40:46','2021-07-20 13:40:47',3,16,NULL,1,NULL,9.00,24.87,'cod',0,'unpaid',' ',NULL,NULL,NULL,0.00,0,0.00,1,'600_630',5.22,0.00,NULL,NULL,NULL,NULL,'',NULL),(26,'2021-07-20 13:42:53','2021-07-20 13:42:54',3,16,NULL,1,NULL,9.00,24.87,'cod',0,'unpaid',' ',NULL,NULL,NULL,0.00,0,0.00,1,'600_630',5.22,0.00,NULL,NULL,NULL,NULL,'',NULL),(27,'2021-07-20 13:44:14','2021-07-20 13:44:15',3,16,NULL,1,NULL,9.00,24.87,'cod',0,'unpaid',' ',NULL,NULL,NULL,0.00,0,0.00,1,'600_630',5.22,0.00,NULL,NULL,NULL,NULL,'',NULL),(28,'2021-07-20 13:44:22','2021-07-20 13:44:23',3,16,NULL,1,NULL,9.00,24.87,'cod',0,'unpaid',' ',NULL,NULL,NULL,0.00,0,0.00,1,'600_630',5.22,0.00,NULL,NULL,NULL,NULL,'',NULL),(29,'2021-07-20 13:50:14','2021-07-20 13:50:15',3,16,NULL,1,NULL,9.00,29.97,'cod',34,'unpaid',' ',NULL,NULL,NULL,0.00,0,0.00,1,'600_630',6.29,0.00,NULL,NULL,NULL,NULL,'',NULL),(30,'2021-07-20 14:12:26','2021-07-20 14:12:27',3,16,NULL,1,NULL,9.00,32.97,'cod',50,'unpaid',' ',NULL,NULL,NULL,0.00,0,0.00,1,'630_660',6.92,0.00,NULL,NULL,NULL,NULL,'',NULL),(32,'2021-07-20 14:35:24','2021-07-20 14:35:25',3,16,NULL,1,NULL,9.00,29.97,'card',0,'unpaid',' ',NULL,NULL,NULL,0.00,0,0.00,1,'660_690',6.29,0.00,NULL,NULL,NULL,NULL,'',NULL),(33,'2021-07-21 18:54:10','2021-07-21 18:54:12',4,37,NULL,1,NULL,9.00,17.99,'cod',0,'unpaid',' ',NULL,NULL,NULL,0.00,0,0.00,1,'900_930',3.78,0.00,NULL,NULL,NULL,NULL,'',NULL),(34,'2021-07-21 18:58:56','2021-07-21 18:58:57',4,37,NULL,1,NULL,9.00,11.19,'card',0,'unpaid',' ',NULL,NULL,NULL,0.00,0,0.00,1,'900_930',2.35,0.00,NULL,NULL,NULL,NULL,'',NULL),(36,'2021-07-22 14:19:54','2021-07-26 15:46:31',3,16,NULL,1,NULL,9.00,23.99,'mercadopago',0,'paid',' ',NULL,NULL,NULL,0.00,0,0.00,1,'630_660',5.04,0.00,NULL,NULL,NULL,NULL,'http://127.0.0.1:8000/mercadopago/pay/36',NULL),(636,'2021-07-21 18:54:10','2021-07-26 15:46:32',4,37,NULL,1,NULL,9.00,17.99,'mercadopago',0,'paid',' ',NULL,NULL,NULL,0.00,0,0.00,1,'900_930',3.78,0.00,NULL,NULL,NULL,NULL,'',NULL),(637,'2021-08-05 12:25:03','2021-08-05 12:25:05',3,16,NULL,1,NULL,9.00,19.98,'card',0,'unpaid',' ',NULL,NULL,NULL,0.00,0,0.00,1,'510_540',4.20,0.00,NULL,NULL,NULL,NULL,'',NULL),(639,'2021-08-05 12:52:04','2021-08-05 12:52:06',3,16,NULL,1,NULL,9.00,19.98,'card',0,'unpaid',' ',NULL,NULL,NULL,0.00,0,0.00,1,'540_570',4.20,0.00,NULL,NULL,NULL,NULL,'',NULL),(640,'2021-08-05 13:00:40','2021-08-05 13:00:41',3,16,NULL,1,NULL,9.00,20.58,'card',0,'unpaid',' ',NULL,NULL,NULL,0.00,0,0.00,1,'570_600',4.32,0.00,NULL,NULL,NULL,NULL,'',NULL),(641,'2021-08-05 13:32:27','2021-08-05 13:32:28',3,16,NULL,1,NULL,9.00,24.87,'card',0,'unpaid',' ',NULL,NULL,NULL,0.00,0,0.00,1,'600_630',5.22,0.00,NULL,NULL,NULL,NULL,'',NULL),(642,'2021-08-05 13:36:39','2021-08-05 13:36:40',3,16,NULL,1,NULL,9.00,19.99,'card',0,'unpaid',' ',NULL,NULL,NULL,0.00,0,0.00,1,'600_630',4.20,0.00,NULL,NULL,NULL,NULL,'',NULL),(643,'2021-08-05 13:39:11','2021-08-05 13:39:12',3,16,NULL,1,NULL,9.00,23.99,'card',0,'unpaid',' ',NULL,NULL,NULL,0.00,0,0.00,1,'600_630',5.04,0.00,NULL,NULL,NULL,NULL,'',NULL),(644,'2021-08-05 13:41:48','2021-08-05 13:41:49',3,16,NULL,1,NULL,9.00,17.99,'card',0,'unpaid',' ',NULL,NULL,NULL,0.00,0,0.00,1,'600_630',3.78,0.00,NULL,NULL,NULL,NULL,'',NULL),(646,'2021-08-17 17:59:06','2021-08-17 17:59:07',10,16,NULL,1,NULL,9.00,19.98,'cod',25,'unpaid',' ',NULL,NULL,NULL,0.00,0,0.00,1,'840_870',4.20,0.00,NULL,NULL,NULL,NULL,'',NULL),(647,'2021-08-18 18:53:55','2021-08-18 18:53:56',10,16,NULL,1,NULL,9.00,11.99,'cod',23,'unpaid',' ',NULL,NULL,NULL,0.00,0,0.00,1,'900_930',2.52,0.00,NULL,NULL,NULL,NULL,'',NULL),(648,'2021-08-23 17:13:21','2021-08-23 17:13:23',1,16,NULL,1,NULL,5.00,18.99,'cod',43,'unpaid',' ',NULL,NULL,NULL,0.00,0,0.00,1,'810_840',3.99,0.00,NULL,NULL,NULL,NULL,'',NULL),(649,'2021-08-30 15:05:49','2021-08-30 15:06:06',9,16,NULL,1,NULL,5.00,17.99,'cod',0,'unpaid',' ',NULL,NULL,NULL,0.00,0,0.00,1,'690_720',3.78,0.00,NULL,NULL,NULL,NULL,'',NULL),(650,'2021-08-30 15:08:25','2021-08-30 15:08:27',9,16,NULL,1,NULL,5.00,17.99,'cod',0,'unpaid',' ',NULL,NULL,NULL,0.00,0,0.00,1,'690_720',3.78,0.00,NULL,NULL,NULL,NULL,'',NULL),(651,'2021-08-30 15:24:35','2021-08-30 15:24:40',9,16,NULL,1,NULL,5.00,17.99,'cod',50,'unpaid',' ',NULL,NULL,NULL,0.00,0,0.00,1,'690_720',3.78,0.00,NULL,NULL,NULL,NULL,'',NULL),(652,'2021-09-01 00:29:35','2021-09-01 00:29:35',NULL,16,NULL,1,NULL,0.00,18.99,'cod',25,'unpaid',' ',NULL,NULL,NULL,0.00,0,0.00,1,'',3.99,0.00,NULL,NULL,NULL,NULL,'',NULL),(653,'2021-09-01 00:30:36','2021-09-01 00:52:17',NULL,16,14,1,NULL,0.00,18.99,'cod',25,'unpaid',' ',NULL,NULL,NULL,0.00,0,0.00,1,'',3.99,0.00,NULL,NULL,NULL,NULL,'',NULL),(654,'2021-09-01 00:31:19','2021-09-01 00:31:19',NULL,16,14,1,NULL,5.00,18.99,'cod',25,'unpaid',' ',NULL,NULL,NULL,0.00,0,0.00,1,'',3.99,0.00,NULL,NULL,NULL,NULL,'',NULL),(655,'2021-09-01 15:02:56','2021-09-01 15:02:58',9,16,NULL,1,NULL,5.00,18.99,'cod',30,'unpaid',' ',NULL,NULL,NULL,0.00,0,0.00,1,'690_720',3.99,0.00,NULL,NULL,NULL,NULL,'',NULL),(656,'2021-09-01 15:52:03','2021-09-01 15:52:04',10,16,NULL,1,NULL,5.00,92.93,'cod',100,'unpaid',' ',NULL,NULL,NULL,0.00,0,0.00,1,'720_750',19.53,0.00,NULL,NULL,NULL,NULL,'',NULL),(657,'2021-09-01 15:54:54','2021-09-01 15:55:07',10,16,14,1,NULL,5.00,10.99,'cod',45,'unpaid',' ',NULL,NULL,NULL,0.00,0,0.00,1,'720_750',2.31,0.00,NULL,NULL,NULL,NULL,'',NULL);
/*!40000 ALTER TABLE `orders` ENABLE KEYS */;
UNLOCK TABLES;

--
-- Table structure for table `pages`
--

DROP TABLE IF EXISTS `pages`;
/*!40101 SET @saved_cs_client     = @@character_set_client */;
/*!40101 SET character_set_client = utf8 */;
CREATE TABLE `pages` (
  `id` bigint(20) unsigned NOT NULL AUTO_INCREMENT,
  `created_at` timestamp NULL DEFAULT NULL,
  `updated_at` timestamp NULL DEFAULT NULL,
  `title` varchar(191) COLLATE utf8mb4_unicode_ci NOT NULL,
  `content` text COLLATE utf8mb4_unicode_ci NOT NULL,
  `showAsLink` tinyint(1) NOT NULL DEFAULT 0,
  PRIMARY KEY (`id`)
) ENGINE=InnoDB AUTO_INCREMENT=3 DEFAULT CHARSET=utf8mb4 COLLATE=utf8mb4_unicode_ci;
/*!40101 SET character_set_client = @saved_cs_client */;

--
-- Dumping data for table `pages`
--

LOCK TABLES `pages` WRITE;
/*!40000 ALTER TABLE `pages` DISABLE KEYS */;
INSERT INTO `pages` VALUES (1,'2021-03-16 20:40:49','2021-03-16 20:40:49','Terms and conditions','<p><strong>foodtiger website Terms of Use</strong><br />\n                            <br />\n                            These Terms of Use govern your use of the foodtiger website and, unless otherwise stated, to your use of any other website or mobile application owned or operated by foodtiger Bulgaria or operated on behalf of foodtiger (collectively the &ldquo;Websites&rdquo;). Please read these Terms of Use carefully before using the Websites.<br />\n                            <br />\n                            <strong>Agreement to Terms</strong><br />\n                            <br />\n                            By using the Websites, you agree to these Terms of Use and the foodtiger General Online Privacy Policy (for visitors who are eighteen years of age or over) or the foodtiger Children&rsquo;s Online Privacy Policy (for visitors who are under eighteen (18) years of age) which are incorporated herein by reference. Each time you use the Websites, you reaffirm your acceptance of the then-current Terms of Use. If you do not wish to be bound by these Terms of Use, your only remedy is to discontinue using the Websites.<br />\n                            <br />\n                            foodtiger may change these Terms of Use at any time and in its sole discretion. The modified Terms of Use will be effective immediately upon posting and you agree to the new posted Terms of Use by continuing your use of the Websites. You are responsible for staying informed of any changes. If you do not agree with the modified Terms of Use, your only remedy is to discontinue using the Websites.<br />\n                            <br />\n                            <strong>Accounts</strong><br />\n                            <br />\n                            You may be required to create an account and specify a password to use certain features on the Websites. You agree to provide, maintain and update true, accurate, current and complete information about yourself as prompted by the registration processes. You may not impersonate any person or entity or misrepresent your identity or affiliation with any person or entity, including using another person&rsquo;s username, password, or other account information.<br />\n                            <br />\n                            You are entirely responsible for maintaining the confidentiality of your password and your account. And you are entirely responsible for all activity made by you or anyone that uses your account. You agree to safeguard your password from access by others. If you believe that your account has been compromised, you must immediately contact us by mail at:&nbsp;support@foodtiger.com or send a message to our live-chat service. You agree to indemnify and hold harmless foodtiger for losses incurred by foodtiger or another party due to someone else using your account as a result of your failure to use reasonable care to safeguard your password.<br />\n                            <br />\n                            <strong>Cancellation</strong><br />\n                            <br />\n                            You have the right to cancel your order up to five minutes after your order is placed on the foodtiger platform. After this point, the restaurant would have started to prepare the food and therefore no refunds would be possible. For the avoidance of doubt, timing will be assessed based on the point you place your call with our call-center, or send a message to our live-chat service. In the event of a cash-on-delivery order, your order will be delivered as instructed and cash must be collected by the rider. In the event that a customer refuses to pay the cash to our rider, foodtiger reserves the right to limit his/her future cash payments.<br />\n                            <br />\n                            <strong>Content Posted by Other Users</strong><br />\n                            <br />\n                            foodtiger is not responsible for, and does not endorse, Content in any posting made by other users on the Websites. Under no circumstances shall foodtiger be held liable, directly or indirectly, for any loss or damage caused or alleged to have been caused to you in connection with any Content posted by a third party on the Websites. If you become aware of misuse of the Websites by any person, please contact foodtiger by mail at:&nbsp;support@foodtiger.com or send a message to our live-chat service.<br />\n                            <br />\n                            If you feel threatened or believe someone else is in danger, you should contact the local law enforcement agency immediately.<br />\n                            <br />\n                            <br />\n                            <strong>Activities Prohibited on the Websites</strong><br />\n                            <br />\n                            The following is a partial list of the kinds of conduct that are illegal or prohibited on the Websites. foodtiger reserves the right to investigate and take appropriate legal action against anyone who, in foodtiger sole discretion, engages in any of the prohibited activities. Prohibited activities include &mdash; but are not limited to &mdash; the following:<br />\n                            <br />\n                            - Using the Websites for any purpose in violation of local, state, or federal laws or regulations;<br />\n                            - Posting Content that infringes the intellectual property rights, privacy rights, publicity rights, trade secret rights, or any other rights of any party;<br />\n                            - Posting Content that is unlawful, obscene, defamatory, threatening, harassing, abusive, slanderous, hateful, or embarrassing to any other person or entity as determined by foodtiger in its sole discretion or pursuant to local community standards;<br />\n                            - Posting Content that constitutes cyber-bullying, as determined by foodtiger in its sole discretion;<br />\n                            - Posting Content that depicts any dangerous, life-threatening, or otherwise risky behavior;<br />\n                            - Posting telephone numbers, street addresses, or last names of any person;<br />\n                            - Posting URLs to external websites or any form of HTML or programming code;<br />\n                            - Posting anything that may be &ldquo;spam,&rdquo; as determined by foodtiger in its sole discretion;<br />\n                            - Impersonating another person when posting Content;<br />\n                            - Harvesting or otherwise collecting information about others, including e-mail addresses, without their consent;<br />\n                            - Allowing any other person or entity to use your identification for posting or viewing comments;<br />\n                            - Harassing, threatening, stalking, or abusing any person;<br />\n                            - Engaging in any other conduct that restricts or inhibits any other person from using or enjoying the Websites, or which, in the sole discretion of foodtiger, exposes foodtiger or any of its customers, suppliers, or any other parties to any liability or detriment of any type; or<br />\n                            - Encouraging other people to engage in any prohibited activities as described herein.<br />\n                            foodtiger reserves the right -- but is not obligated -- to do any or all of the following:<br />\n                            <br />\n                            - Investigate an allegation that any Content posted on the Websites does not conform to these Terms of Use and determine in its sole discretion to remove or request the removal of the Content;<br />\n                            - Remove Content which is abusive, illegal, or disruptive, or that otherwise fails to conform with these Terms of Use;<br />\n                            - Terminate a user&rsquo;s access to the Websites upon any breach of these Terms of Use;<br />\n                            - Monitor, edit, or disclose any Content on the Websites; and<br />\n                            - Edit or delete any Content posted on the Websites, regardless of whether such Content violates these standards.<br />\n                            - foodtiger Trademarks and Copyrights<br />\n                            <br />\n                            All trademarks, logos, and service marks displayed on the Website are registered and unregistered Trademarks of foodtiger and/or third parties who have authorized their use (collectively the &ldquo;Trademarks&rdquo;)<br />\n                            <br />\n                            You may not use, copy, reproduce, republish, upload, post, transmit, distribute, or modify these Trademarks in any way. The use of foodtiger&#39;s trademarks on any other website is strictly prohibited. All of the materials contained on the Websites are copyrighted except where explicitly noted otherwise. foodtiger will aggressively enforce its intellectual property rights to the fullest extent of the law, including the seeking of criminal prosecution. foodtiger neither warrants nor represents that your use of materials displayed on the Websites will not infringe rights of third parties not owned by or affiliated with foodtiger. Use of any materials on the Websites is at your own risk.<br />\n                            <br />\n                            <strong>Hyperlinks</strong><br />\n                            <br />\n                            This Websites may contain hyperlinks to third-party websites. foodtiger does not control or endorse these third-party websites or any goods or services sold on those websites. Some of these websites may contain materials that are objectionable, unlawful, or inaccurate. You acknowledge and agree that foodtiger is not responsible or liable for any Content or other materials on these third party websites.<br />\n                            <br />\n                            <strong>Governing Law and Severability</strong><br />\n                            <br />\n                            These Terms of Use shall be governed by and construed in accordance with the laws of Bulgaria, without regard to its conflict of laws rules. You expressly agree that the exclusive jurisdiction for any claim or dispute under the Terms of Use and or your use of the Websites resides in the courts of Bulgaria, and you further expressly agree to submit to the personal jurisdiction of such courts for the purpose of litigating any such claim or action.<br />\n                            <br />\n                            If any provision of these Terms of Use is found to be invalid by any court having competent jurisdiction, the invalidity of such provision shall not affect the validity of the remaining provisions of these Terms of Use, which shall remain in full force and effect. No waiver of any provision in these Terms of Use shall be deemed a further or continuing waiver of such provision or any other provision.<br />\n                            <br />\n                            <strong>Payment</strong><br />\n                            <br />\n                            Payments are processed by Emerging Markets Online Food Delivery S.&agrave; r.l., a limited liability company (soci&eacute;t&eacute; &agrave; responsabilit&eacute; limit&eacute;e) incorporated and existing under the laws of the Grand Duchy of Luxembourg, which is the ultimate holding of the local company in Bulgaria. Cross-border subrcharges may be applicable.<br />\n                            The end customer can choose between different payment methods provided on the platforms, which are currently the following: [credit card and immediate transfer.] The provider reserves the right to provide other payment methods or to no longer offer certain payment methods. The end customer bindingly chooses the payment method when placing the respective order. Provided that the end customer chooses an online payment method, the payment might be processed by an external payment provider cooperating with the provider. Card data will in this case be stored for future orders by the payment provider, on the condition that the end customer chooses the respective storage of such and hereby gives consent to it. Due to the COVID-19 emergency in the Republic of Bulgaria, all orders paid online will be delivered without physical contact.<br />\n                            <br />\n                            <strong>Warranties</strong><br />\n                            <br />\n                            The Websites and the Content are provided on an &ldquo;as is&rdquo; basis. To the fullest extent permitted by law, foodtiger, its parent, subsidiaries, and affiliates (the foodtiger entities), and each of their agents, representatives and service providers, disclaim all warranties, either expressed or implied, statutory or otherwise, including but not limited to the implied warranties of merchantibility, non-infringement of third parties rights, and fitness for particular purpose. Applicable law may not allow the exclusion of implied warranties, so the above exclusion may not apply to you. The foodtiger Entities, their agents, representatives and service providers cannot and do not guarantee or warrant that: (a) the Websites will be reliable, accurate, complete, or updated on a timely basis; (b) the Websites will be free of human and machine errors, omissions, delays, interruptions or losses, including loss of data; (c) any files available for downloading from the Websites will be free of infection by viruses, worms, Trojan horses, or other codes that manifest contaminating or destructive properties; (d) any Content you post on the Websites will remain on the Websites; or (e) the functions or services performed on the Websites will be uninterrupted or error-free or that defects in the Websites will be corrected.<br />\n                            <br />\n                            <strong>Limitation of Liability</strong><br />\n                            <br />\n                            The foodtiger entities, their agents, representatives, and service providers, entire liability and your exclusive remedy with respect to your use of the websites is to discontinue your use of the websites. The foodtiger entities, their agents, representatives, and service providers shall not be liable for any indirect, special, incidental, consequential, or exemplary damages arising from your use of the websites or for any other claim related in any way to your use of the websites. These exclusions for indirect, special, consequential, and exemplary damages include, without limitation, damages for lost profits, lost data, loss of goodwill, work stoppage, work stoppage, computer failure, or malfunction, or any other commercial damages or losses, even if the foodtiger entities, their agents, representatives, and service providers have been advised of the possibility thereof and regardless of the legal or equitable theory upon which the claim is based. Because some states or jurisdictions do not allow the exclusion or the limitation of liability for consequential or incidental damages, in such states or jurisdictions, the foodtiger entities, their agents, representatives and service providers&#39; liability shall be limited to the extent permitted by law.<br />\n                            <br />\n                            <strong>Termination</strong><br />\n                            <br />\n                            foodtiger has the right to terminate your account and access to the Websites for any reason, including, without limitation, if foodtiger, in its sole discretion, considers your use to be unacceptable, or in the event of any breach by you of the Terms of Use. foodtiger may, but shall be under no obligation to, provide you a warning prior to termination of your use of the Websites.<br />\n                            <br />\n                            <strong>Vouchers</strong><br />\n                            <br />\n                            Unless otherwise stated,<br />\n                            <br />\n                            - Vouchers are only applicable to food orders, excluding delivery fees and containers<br />\n                            - Valid only for online payment<br />\n                            - foodtiger reserves the right to cancel orders and accounts if fraud activities are detected<br />\n                            - foodtiger reserves the right to stop this voucher to be used on certain restaurants without prior notice<br />\n                            - Individual restaurants terms &amp; conditions apply<br />\n                            <br />\n                            <strong>Contact Us</strong><br />\n                            <br />\n                            Questions? Comments? Please send an email to us at&nbsp;contact@foodtiger.com<br />\n                            <br />\n                            &copy; 2020 foodtiger. All rights reserved.</p>',1),(2,'2021-03-16 20:40:49','2021-03-16 20:40:49','How it works','<p>foodtiger is simple and easy way to order food online. Enjoy the variety of choices and cuisines which could be delivered to your home or office.</p>\n\n                        <p>&nbsp;</p>\n\n                        <p><strong>Here is how foodtiger works:</strong><br />\n                        &nbsp;</p>\n\n                        <p>&nbsp;</p>\n\n                        <p><strong>Find a restaurant:</strong></p>\n\n                        <p>Enter you address or choose from the map on the front page to set your location. Take a review on the restaurants which deliver to your address. Choose a restaurant and dive in its tasty menu.</p>\n\n                        <p>&nbsp;</p>\n\n                        <p><strong>Choose a dish:</strong></p>\n\n                        <p>Choose from the displayed dishes. If there is an option to add products or sauce, for pizza for example, you will be asked for your choice right after you click on the dish. Your order will be dispayed on the right side of the page.</p>\n\n                        <p>&nbsp;</p>\n\n                        <p><strong>Finish your order and choose type of payment:</strong></p>\n\n                        <p>When you complete the order with delicious food, click &quot;Buy&quot;. Now you only have to write your address and choose type of payment as you follow the instructions on the page.</p>\n\n                        <p>&nbsp;</p>\n\n                        <p><strong>Delivery:</strong></p>\n\n                        <p>You will receive SMS as confirmation for your order and information about the delivery time and.....</p>\n\n                        <p>That&#39;s all!</p>\n\n                        <p>&nbsp;</p>',1);
/*!40000 ALTER TABLE `pages` ENABLE KEYS */;
UNLOCK TABLES;

--
-- Table structure for table `password_resets`
--

DROP TABLE IF EXISTS `password_resets`;
/*!40101 SET @saved_cs_client     = @@character_set_client */;
/*!40101 SET character_set_client = utf8 */;
CREATE TABLE `password_resets` (
  `email` varchar(191) COLLATE utf8mb4_unicode_ci NOT NULL,
  `token` varchar(191) COLLATE utf8mb4_unicode_ci NOT NULL,
  `created_at` timestamp NULL DEFAULT NULL,
  KEY `password_resets_email_index` (`email`)
) ENGINE=InnoDB DEFAULT CHARSET=utf8mb4 COLLATE=utf8mb4_unicode_ci;
/*!40101 SET character_set_client = @saved_cs_client */;

--
-- Dumping data for table `password_resets`
--

LOCK TABLES `password_resets` WRITE;
/*!40000 ALTER TABLE `password_resets` DISABLE KEYS */;
/*!40000 ALTER TABLE `password_resets` ENABLE KEYS */;
UNLOCK TABLES;

--
-- Table structure for table `paths`
--

DROP TABLE IF EXISTS `paths`;
/*!40101 SET @saved_cs_client     = @@character_set_client */;
/*!40101 SET character_set_client = utf8 */;
CREATE TABLE `paths` (
  `id` bigint(20) unsigned NOT NULL AUTO_INCREMENT,
  `created_at` timestamp NULL DEFAULT NULL,
  `updated_at` timestamp NULL DEFAULT NULL,
  `lat` varchar(191) COLLATE utf8mb4_unicode_ci DEFAULT NULL,
  `lng` varchar(191) COLLATE utf8mb4_unicode_ci DEFAULT NULL,
  `user_id` bigint(20) unsigned NOT NULL,
  PRIMARY KEY (`id`)
) ENGINE=InnoDB DEFAULT CHARSET=utf8mb4 COLLATE=utf8mb4_unicode_ci;
/*!40101 SET character_set_client = @saved_cs_client */;

--
-- Dumping data for table `paths`
--

LOCK TABLES `paths` WRITE;
/*!40000 ALTER TABLE `paths` DISABLE KEYS */;
/*!40000 ALTER TABLE `paths` ENABLE KEYS */;
UNLOCK TABLES;

--
-- Table structure for table `payments`
--

DROP TABLE IF EXISTS `payments`;
/*!40101 SET @saved_cs_client     = @@character_set_client */;
/*!40101 SET character_set_client = utf8 */;
CREATE TABLE `payments` (
  `id` bigint(20) unsigned NOT NULL AUTO_INCREMENT,
  `name` varchar(191) COLLATE utf8mb4_unicode_ci NOT NULL,
  `stripe_id` varchar(191) COLLATE utf8mb4_unicode_ci DEFAULT NULL,
  `user_id` bigint(20) unsigned NOT NULL,
  `amount` double(8,2) NOT NULL,
  `currency` varchar(191) COLLATE utf8mb4_unicode_ci NOT NULL,
  `country` varchar(191) COLLATE utf8mb4_unicode_ci NOT NULL,
  `provider` varchar(191) COLLATE utf8mb4_unicode_ci NOT NULL,
  `created_at` timestamp NULL DEFAULT NULL,
  `updated_at` timestamp NULL DEFAULT NULL,
  PRIMARY KEY (`id`),
  KEY `payments_user_id_foreign` (`user_id`),
  CONSTRAINT `payments_user_id_foreign` FOREIGN KEY (`user_id`) REFERENCES `users` (`id`)
) ENGINE=InnoDB DEFAULT CHARSET=utf8mb4 COLLATE=utf8mb4_unicode_ci;
/*!40101 SET character_set_client = @saved_cs_client */;

--
-- Dumping data for table `payments`
--

LOCK TABLES `payments` WRITE;
/*!40000 ALTER TABLE `payments` DISABLE KEYS */;
/*!40000 ALTER TABLE `payments` ENABLE KEYS */;
UNLOCK TABLES;

--
-- Table structure for table `permissions`
--

DROP TABLE IF EXISTS `permissions`;
/*!40101 SET @saved_cs_client     = @@character_set_client */;
/*!40101 SET character_set_client = utf8 */;
CREATE TABLE `permissions` (
  `id` int(10) unsigned NOT NULL AUTO_INCREMENT,
  `name` varchar(191) COLLATE utf8mb4_unicode_ci NOT NULL,
  `guard_name` varchar(191) COLLATE utf8mb4_unicode_ci NOT NULL,
  `created_at` timestamp NULL DEFAULT NULL,
  `updated_at` timestamp NULL DEFAULT NULL,
  PRIMARY KEY (`id`)
) ENGINE=InnoDB AUTO_INCREMENT=9 DEFAULT CHARSET=utf8mb4 COLLATE=utf8mb4_unicode_ci;
/*!40101 SET character_set_client = @saved_cs_client */;

--
-- Dumping data for table `permissions`
--

LOCK TABLES `permissions` WRITE;
/*!40000 ALTER TABLE `permissions` DISABLE KEYS */;
INSERT INTO `permissions` VALUES (1,'manage restorants','web','2021-03-16 20:40:49','2021-03-16 20:40:49'),(2,'manage drivers','web','2021-03-16 20:40:49','2021-03-16 20:40:49'),(3,'manage orders','web','2021-03-16 20:40:49','2021-03-16 20:40:49'),(4,'edit settings','web','2021-03-16 20:40:49','2021-03-16 20:40:49'),(5,'view orders','web','2021-03-16 20:40:49','2021-03-16 20:40:49'),(6,'edit restorant','web','2021-03-16 20:40:49','2021-03-16 20:40:49'),(7,'edit orders','web','2021-03-16 20:40:49','2021-03-16 20:40:49'),(8,'access backedn','web','2021-03-16 20:40:49','2021-03-16 20:40:49');
/*!40000 ALTER TABLE `permissions` ENABLE KEYS */;
UNLOCK TABLES;

--
-- Table structure for table `plan`
--

DROP TABLE IF EXISTS `plan`;
/*!40101 SET @saved_cs_client     = @@character_set_client */;
/*!40101 SET character_set_client = utf8 */;
CREATE TABLE `plan` (
  `id` bigint(20) unsigned NOT NULL AUTO_INCREMENT,
  `name` varchar(191) COLLATE utf8mb4_unicode_ci NOT NULL,
  `limit_items` int(11) NOT NULL DEFAULT 0 COMMENT '0 is unlimited',
  `limit_orders` int(11) NOT NULL DEFAULT 0 COMMENT '0 is unlimited',
  `price` double(8,2) NOT NULL,
  `period` int(11) NOT NULL DEFAULT 1 COMMENT '1 - monthly, 2-anually',
  `paddle_id` varchar(191) COLLATE utf8mb4_unicode_ci NOT NULL,
  `created_at` timestamp NULL DEFAULT NULL,
  `updated_at` timestamp NULL DEFAULT NULL,
  `deleted_at` timestamp NULL DEFAULT NULL,
  `description` varchar(555) COLLATE utf8mb4_unicode_ci NOT NULL DEFAULT '',
  `features` varchar(555) COLLATE utf8mb4_unicode_ci NOT NULL DEFAULT '',
  `limit_views` int(11) NOT NULL DEFAULT 0 COMMENT '0 is unlimited',
  `enable_ordering` int(11) NOT NULL DEFAULT 1,
  `driver_own` int(11) NOT NULL,
  `local_table` int(11) NOT NULL,
  `stripe_id` varchar(191) COLLATE utf8mb4_unicode_ci NOT NULL,
  `paypal_id` varchar(191) COLLATE utf8mb4_unicode_ci DEFAULT NULL,
  `mollie_id` varchar(191) COLLATE utf8mb4_unicode_ci DEFAULT NULL,
  `paystack_id` varchar(191) COLLATE utf8mb4_unicode_ci DEFAULT NULL,
  PRIMARY KEY (`id`)
) ENGINE=InnoDB AUTO_INCREMENT=9 DEFAULT CHARSET=utf8mb4 COLLATE=utf8mb4_unicode_ci;
/*!40101 SET character_set_client = @saved_cs_client */;

--
-- Dumping data for table `plan`
--

LOCK TABLES `plan` WRITE;
/*!40000 ALTER TABLE `plan` DISABLE KEYS */;
INSERT INTO `plan` VALUES (1,'teste1',0,0,33.00,1,'','2021-05-20 15:43:36','2021-09-03 15:45:40',NULL,'rerere','bla bla',0,1,0,0,'',NULL,NULL,NULL),(2,'dfjsufhusdhu',0,0,432432.00,1,'','2021-05-20 15:45:39','2021-09-03 15:28:48',NULL,'fdfsdfs','fsdfsfsd',0,1,1,0,'',NULL,NULL,NULL);
/*!40000 ALTER TABLE `plan` ENABLE KEYS */;
UNLOCK TABLES;

--
-- Table structure for table `posts`
--

DROP TABLE IF EXISTS `posts`;
/*!40101 SET @saved_cs_client     = @@character_set_client */;
/*!40101 SET character_set_client = utf8 */;
CREATE TABLE `posts` (
  `id` bigint(20) unsigned NOT NULL AUTO_INCREMENT,
  `created_at` timestamp NULL DEFAULT NULL,
  `updated_at` timestamp NULL DEFAULT NULL,
  `post_type` varchar(191) COLLATE utf8mb4_unicode_ci DEFAULT NULL,
  `title` varchar(191) COLLATE utf8mb4_unicode_ci DEFAULT NULL,
  `subtitle` varchar(191) COLLATE utf8mb4_unicode_ci DEFAULT NULL,
  `description` varchar(500) COLLATE utf8mb4_unicode_ci DEFAULT NULL,
  `image` varchar(191) COLLATE utf8mb4_unicode_ci DEFAULT NULL,
  `link` varchar(191) COLLATE utf8mb4_unicode_ci DEFAULT NULL,
  `link_name` varchar(191) COLLATE utf8mb4_unicode_ci DEFAULT NULL,
  PRIMARY KEY (`id`)
) ENGINE=InnoDB DEFAULT CHARSET=utf8mb4 COLLATE=utf8mb4_unicode_ci;
/*!40101 SET character_set_client = @saved_cs_client */;

--
-- Dumping data for table `posts`
--

LOCK TABLES `posts` WRITE;
/*!40000 ALTER TABLE `posts` DISABLE KEYS */;
/*!40000 ALTER TABLE `posts` ENABLE KEYS */;
UNLOCK TABLES;

--
-- Table structure for table `ratings`
--

DROP TABLE IF EXISTS `ratings`;
/*!40101 SET @saved_cs_client     = @@character_set_client */;
/*!40101 SET character_set_client = utf8 */;
CREATE TABLE `ratings` (
  `id` int(10) unsigned NOT NULL AUTO_INCREMENT,
  `created_at` timestamp NULL DEFAULT NULL,
  `updated_at` timestamp NULL DEFAULT NULL,
  `rating` int(11) NOT NULL,
  `rateable_type` varchar(191) COLLATE utf8mb4_unicode_ci NOT NULL,
  `rateable_id` bigint(20) unsigned NOT NULL,
  `user_id` bigint(20) unsigned NOT NULL,
  `order_id` bigint(20) unsigned NOT NULL,
  `comment` varchar(500) COLLATE utf8mb4_unicode_ci NOT NULL,
  PRIMARY KEY (`id`),
  KEY `ratings_rateable_type_rateable_id_index` (`rateable_type`,`rateable_id`),
  KEY `ratings_rateable_id_index` (`rateable_id`),
  KEY `ratings_rateable_type_index` (`rateable_type`),
  KEY `ratings_user_id_foreign` (`user_id`),
  KEY `ratings_order_id_foreign` (`order_id`),
  CONSTRAINT `ratings_order_id_foreign` FOREIGN KEY (`order_id`) REFERENCES `orders` (`id`),
  CONSTRAINT `ratings_user_id_foreign` FOREIGN KEY (`user_id`) REFERENCES `users` (`id`)
) ENGINE=InnoDB AUTO_INCREMENT=2 DEFAULT CHARSET=utf8mb4 COLLATE=utf8mb4_unicode_ci;
/*!40101 SET character_set_client = @saved_cs_client */;

--
-- Dumping data for table `ratings`
--

LOCK TABLES `ratings` WRITE;
/*!40000 ALTER TABLE `ratings` DISABLE KEYS */;
INSERT INTO `ratings` VALUES (1,NULL,NULL,4,'4',1,16,657,'Boa Pizza');
/*!40000 ALTER TABLE `ratings` ENABLE KEYS */;
UNLOCK TABLES;

--
-- Table structure for table `restoareas`
--

DROP TABLE IF EXISTS `restoareas`;
/*!40101 SET @saved_cs_client     = @@character_set_client */;
/*!40101 SET character_set_client = utf8 */;
CREATE TABLE `restoareas` (
  `id` bigint(20) unsigned NOT NULL AUTO_INCREMENT,
  `name` varchar(191) COLLATE utf8mb4_unicode_ci NOT NULL,
  `restaurant_id` bigint(20) unsigned NOT NULL,
  `created_at` timestamp NULL DEFAULT NULL,
  `updated_at` timestamp NULL DEFAULT NULL,
  `deleted_at` timestamp NULL DEFAULT NULL,
  PRIMARY KEY (`id`),
  KEY `restoareas_restaurant_id_foreign` (`restaurant_id`),
  CONSTRAINT `restoareas_restaurant_id_foreign` FOREIGN KEY (`restaurant_id`) REFERENCES `restorants` (`id`)
) ENGINE=InnoDB DEFAULT CHARSET=utf8mb4 COLLATE=utf8mb4_unicode_ci;
/*!40101 SET character_set_client = @saved_cs_client */;

--
-- Dumping data for table `restoareas`
--

LOCK TABLES `restoareas` WRITE;
/*!40000 ALTER TABLE `restoareas` DISABLE KEYS */;
/*!40000 ALTER TABLE `restoareas` ENABLE KEYS */;
UNLOCK TABLES;

--
-- Table structure for table `restorant_has_drivers`
--

DROP TABLE IF EXISTS `restorant_has_drivers`;
/*!40101 SET @saved_cs_client     = @@character_set_client */;
/*!40101 SET character_set_client = utf8 */;
CREATE TABLE `restorant_has_drivers` (
  `id` bigint(20) unsigned NOT NULL AUTO_INCREMENT,
  `restorant_id` bigint(20) unsigned NOT NULL,
  `driver_id` bigint(20) unsigned NOT NULL,
  `created_at` timestamp NULL DEFAULT NULL,
  `updated_at` timestamp NULL DEFAULT NULL,
  PRIMARY KEY (`id`)
) ENGINE=InnoDB AUTO_INCREMENT=3 DEFAULT CHARSET=utf8mb4 COLLATE=utf8mb4_unicode_ci;
/*!40101 SET character_set_client = @saved_cs_client */;

--
-- Dumping data for table `restorant_has_drivers`
--

LOCK TABLES `restorant_has_drivers` WRITE;
/*!40000 ALTER TABLE `restorant_has_drivers` DISABLE KEYS */;
INSERT INTO `restorant_has_drivers` VALUES (1,1,19,'2021-05-20 17:19:56','2021-05-20 17:19:56');
/*!40000 ALTER TABLE `restorant_has_drivers` ENABLE KEYS */;
UNLOCK TABLES;

--
-- Table structure for table `restorants`
--

DROP TABLE IF EXISTS `restorants`;
/*!40101 SET @saved_cs_client     = @@character_set_client */;
/*!40101 SET character_set_client = utf8 */;
CREATE TABLE `restorants` (
  `id` bigint(20) unsigned NOT NULL AUTO_INCREMENT,
  `created_at` timestamp NULL DEFAULT NULL,
  `updated_at` timestamp NULL DEFAULT NULL,
  `name` varchar(191) COLLATE utf8mb4_unicode_ci NOT NULL,
  `subdomain` varchar(191) COLLATE utf8mb4_unicode_ci DEFAULT NULL,
  `logo` varchar(191) COLLATE utf8mb4_unicode_ci NOT NULL DEFAULT '',
  `cover` varchar(191) COLLATE utf8mb4_unicode_ci NOT NULL DEFAULT '',
  `active` tinyint(1) NOT NULL DEFAULT 1,
  `user_id` bigint(20) unsigned NOT NULL,
  `lat` varchar(191) COLLATE utf8mb4_unicode_ci NOT NULL,
  `lng` varchar(191) COLLATE utf8mb4_unicode_ci NOT NULL,
  `address` varchar(191) COLLATE utf8mb4_unicode_ci NOT NULL,
  `phone` varchar(191) COLLATE utf8mb4_unicode_ci NOT NULL,
  `minimum` varchar(191) COLLATE utf8mb4_unicode_ci NOT NULL DEFAULT '0',
  `description` varchar(500) COLLATE utf8mb4_unicode_ci NOT NULL DEFAULT '',
  `fee` double(8,2) NOT NULL DEFAULT 0.00,
  `static_fee` double(8,2) NOT NULL DEFAULT 0.00,
  `radius` varchar(800) COLLATE utf8mb4_unicode_ci NOT NULL DEFAULT '',
  `is_featured` tinyint(1) NOT NULL DEFAULT 0,
  `city_id` int(11) DEFAULT NULL,
  `views` int(11) NOT NULL DEFAULT 0,
  `can_pickup` int(11) NOT NULL DEFAULT 1,
  `can_deliver` int(11) NOT NULL DEFAULT 1,
  `self_deliver` int(11) NOT NULL DEFAULT 0,
  `free_deliver` int(11) NOT NULL DEFAULT 0,
  `whatsapp_phone` varchar(191) COLLATE utf8mb4_unicode_ci DEFAULT NULL,
  `fb_username` varchar(191) COLLATE utf8mb4_unicode_ci DEFAULT NULL,
  `do_covertion` int(11) NOT NULL DEFAULT 1,
  `currency` varchar(191) COLLATE utf8mb4_unicode_ci NOT NULL,
  `payment_info` varchar(191) COLLATE utf8mb4_unicode_ci NOT NULL,
  `mollie_payment_key` varchar(191) COLLATE utf8mb4_unicode_ci NOT NULL,
  PRIMARY KEY (`id`),
  UNIQUE KEY `restorants_name_unique` (`name`),
  UNIQUE KEY `restorants_subdomain_unique` (`subdomain`),
  KEY `restorants_user_id_foreign` (`user_id`),
  CONSTRAINT `restorants_user_id_foreign` FOREIGN KEY (`user_id`) REFERENCES `users` (`id`)
) ENGINE=InnoDB AUTO_INCREMENT=40 DEFAULT CHARSET=utf8mb4 COLLATE=utf8mb4_unicode_ci;
/*!40101 SET character_set_client = @saved_cs_client */;

--
-- Dumping data for table `restorants`
--

LOCK TABLES `restorants` WRITE;
/*!40000 ALTER TABLE `restorants` DISABLE KEYS */;
INSERT INTO `restorants` VALUES (1,'2021-03-17 00:40:49','2021-09-30 13:43:31','ALESANDRA NOGUEIRA YOLANDA NOGUEIRA LIMA','0grau---sao-vicente','1b5505f3-1b50-4c33-8a41-1e6850320e1f','bbb6ff3f-f50b-417f-80a5-001b4a1cec9f',1,2,'2.8209797','-60.7160889','Rua Rio Grande do Norte  2332,Estados -Boa Vista','(95) 98111-0695','10','italian, pasta, pizza',0.00,0.00,'[]',0,2,719,1,1,0,0,'(95) 98116-5819',NULL,0,'','(95) 98116-5819','test_W7vgVS4bUTVarzBm39wjUk7SRV3Aek'),(18,'2021-03-31 02:40:17','2021-04-15 22:01:49','TESTE RESTAURANTE','teste-restaurante','','',1,4,'0','0','R. Monte Libano, 244 - Padre Eustaquio - Belo Horizonte-MG','(21)3072-7544','0','TESTE RESTAURANTE',0.00,0.00,'{}',0,NULL,4,0,0,0,0,'+553191332917',NULL,1,'BRL','',''),(29,'2021-07-07 19:41:05','2021-07-07 19:41:05','Fernanda Fialho','fernanda-fialho','','',1,30,'0','0','','95981110695','0','',0.00,0.00,'{}',0,NULL,0,1,1,0,0,NULL,NULL,1,'','',''),(30,'2021-08-19 16:52:03','2021-08-19 16:52:03','teste de restaurante','teste-de-restaurante','','',1,41,'0','0','','(44) 44444-4444','0','',0.00,0.00,'{}',0,NULL,0,1,1,0,0,NULL,NULL,1,'','',''),(32,'2021-08-19 17:18:26','2021-08-19 17:18:26','Rio','rio','','',1,44,'2.8061008','-60.6931008','Rua das Trs Marias 122 ,Pricum, Boa Vista - RR','(33) 33333-3333','0','',0.00,0.00,'{}',0,NULL,0,1,1,0,0,NULL,NULL,1,'','',''),(33,'2021-08-19 17:23:01','2021-08-19 17:38:02','Rio2','rio2','','',1,45,'2.8637558','-60.657376','Rua Darra 141 ,Paraviana, Boa Vista - RR / Ap 2','(55) 55555-5555','0','TEste de pasta',0.00,0.00,'{}',0,NULL,3,1,1,0,0,'(55) 55555-5445',NULL,0,'','',''),(34,'2021-08-25 16:08:56','2021-08-25 17:20:51','Riu3','riu3','','',1,46,'2.8373091','-60.6631101','Rua dos Beneditinos 432 ,Nossa Senhora Aparecida, Boa Vista - RR /','(23) 32333-3333','0','fdfsdfsfd',0.00,0.00,'{}',0,NULL,0,1,1,0,0,'(22) 22222-2222',NULL,0,'','',''),(35,'2021-09-28 14:10:37','2021-09-28 14:10:38','marcel','marcel','','',1,49,'2.8214594','-60.7184756','Rua Tia Joaca 343 ,Caimb, Boa Vista - RR / ','(43) 24235-3534','0','',0.00,0.00,'{}',0,NULL,0,1,1,0,0,NULL,NULL,1,'','',''),(36,'2021-09-29 14:21:49','2021-09-29 14:21:51','maaa','maaa','','',1,50,'-29.1677399','-51.1530862','Rua Ernesto Marsiaj 434 ,Petrpolis, Caxias do Sul - RS / ','(42) 34234-5344','0','',0.00,0.00,'{}',0,NULL,0,1,1,0,0,NULL,NULL,1,'','',''),(37,'2021-09-30 12:15:57','2021-09-30 12:15:59','max-food3','max-food3','','',1,51,'-14.1968932','-49.3377299','Avenida Getlio Vargas 75-A 321 ,Setor Central, Alto Horizonte - GO / ','(34) 35442-1324','0','',0.00,0.00,'{}',0,NULL,0,1,1,0,0,NULL,NULL,1,'','',''),(38,'2021-09-30 13:13:55','2021-09-30 13:13:56','martter','martter','','',1,52,'-23.3291722','-46.7063134','Rua Guilherme de Almeida 342 ,Vila Machado, Franco da Rocha - SP / ','(42) 45234-3233','0','',0.00,0.00,'{}',0,NULL,0,1,1,0,0,NULL,NULL,1,'','',''),(39,'2021-11-19 00:11:31','2021-11-19 00:11:35','teste4','teste4','','',1,55,'2.8387395','-60.6621686','Rua dos Beneditinos 243 ,Nossa Senhora Aparecida, Boa Vista - RR / ','(43) 24253-3544','0','',0.00,0.00,'{}',0,NULL,0,1,1,0,0,NULL,NULL,1,'','','');
/*!40000 ALTER TABLE `restorants` ENABLE KEYS */;
UNLOCK TABLES;

--
-- Table structure for table `reward`
--

DROP TABLE IF EXISTS `reward`;
/*!40101 SET @saved_cs_client     = @@character_set_client */;
/*!40101 SET character_set_client = utf8 */;
CREATE TABLE `reward` (
  `id` bigint(20) unsigned NOT NULL AUTO_INCREMENT,
  `program_id` bigint(20) unsigned NOT NULL,
  `client_id` bigint(20) unsigned NOT NULL,
  `created_at` timestamp NULL DEFAULT NULL,
  `updated_at` timestamp NULL DEFAULT NULL,
  PRIMARY KEY (`id`),
  KEY `reward_program_id_foreign` (`program_id`),
  KEY `reward_client_id_foreign` (`client_id`),
  CONSTRAINT `reward_client_id_foreign` FOREIGN KEY (`client_id`) REFERENCES `users` (`id`),
  CONSTRAINT `reward_program_id_foreign` FOREIGN KEY (`program_id`) REFERENCES `fidelity_program` (`id`)
) ENGINE=InnoDB AUTO_INCREMENT=3 DEFAULT CHARSET=utf8mb4 COLLATE=utf8mb4_unicode_ci;
/*!40101 SET character_set_client = @saved_cs_client */;

--
-- Dumping data for table `reward`
--

LOCK TABLES `reward` WRITE;
/*!40000 ALTER TABLE `reward` DISABLE KEYS */;
INSERT INTO `reward` VALUES (2,1,16,'2021-08-10 14:08:29','2021-08-10 14:08:29');
/*!40000 ALTER TABLE `reward` ENABLE KEYS */;
UNLOCK TABLES;

--
-- Table structure for table `reward_item`
--

DROP TABLE IF EXISTS `reward_item`;
/*!40101 SET @saved_cs_client     = @@character_set_client */;
/*!40101 SET character_set_client = utf8 */;
CREATE TABLE `reward_item` (
  `id` bigint(20) unsigned NOT NULL AUTO_INCREMENT,
  `restaurant_id` bigint(20) unsigned NOT NULL,
  `item_id` bigint(20) unsigned NOT NULL,
  `program_id` bigint(20) unsigned NOT NULL,
  `created_at` timestamp NULL DEFAULT NULL,
  `updated_at` timestamp NULL DEFAULT NULL,
  PRIMARY KEY (`id`),
  KEY `reward_item_restaurant_id_foreign` (`restaurant_id`),
  KEY `reward_item_program_id_foreign` (`program_id`),
  KEY `reward_item_item_id_foreign` (`item_id`),
  CONSTRAINT `reward_item_item_id_foreign` FOREIGN KEY (`item_id`) REFERENCES `fidelity_program` (`id`),
  CONSTRAINT `reward_item_program_id_foreign` FOREIGN KEY (`program_id`) REFERENCES `items` (`id`),
  CONSTRAINT `reward_item_restaurant_id_foreign` FOREIGN KEY (`restaurant_id`) REFERENCES `restorants` (`id`)
) ENGINE=InnoDB DEFAULT CHARSET=utf8mb4 COLLATE=utf8mb4_unicode_ci;
/*!40101 SET character_set_client = @saved_cs_client */;

--
-- Dumping data for table `reward_item`
--

LOCK TABLES `reward_item` WRITE;
/*!40000 ALTER TABLE `reward_item` DISABLE KEYS */;
/*!40000 ALTER TABLE `reward_item` ENABLE KEYS */;
UNLOCK TABLES;

--
-- Table structure for table `role_has_permissions`
--

DROP TABLE IF EXISTS `role_has_permissions`;
/*!40101 SET @saved_cs_client     = @@character_set_client */;
/*!40101 SET character_set_client = utf8 */;
CREATE TABLE `role_has_permissions` (
  `permission_id` int(10) unsigned NOT NULL,
  `role_id` int(10) unsigned NOT NULL,
  PRIMARY KEY (`permission_id`,`role_id`),
  KEY `role_has_permissions_role_id_foreign` (`role_id`),
  CONSTRAINT `role_has_permissions_permission_id_foreign` FOREIGN KEY (`permission_id`) REFERENCES `permissions` (`id`) ON DELETE CASCADE,
  CONSTRAINT `role_has_permissions_role_id_foreign` FOREIGN KEY (`role_id`) REFERENCES `roles` (`id`) ON DELETE CASCADE
) ENGINE=InnoDB DEFAULT CHARSET=utf8mb4 COLLATE=utf8mb4_unicode_ci;
/*!40101 SET character_set_client = @saved_cs_client */;

--
-- Dumping data for table `role_has_permissions`
--

LOCK TABLES `role_has_permissions` WRITE;
/*!40000 ALTER TABLE `role_has_permissions` DISABLE KEYS */;
INSERT INTO `role_has_permissions` VALUES (1,1),(2,1),(3,1),(4,1),(5,2),(6,2),(7,3),(8,1),(8,2),(8,3);
/*!40000 ALTER TABLE `role_has_permissions` ENABLE KEYS */;
UNLOCK TABLES;

--
-- Table structure for table `roles`
--

DROP TABLE IF EXISTS `roles`;
/*!40101 SET @saved_cs_client     = @@character_set_client */;
/*!40101 SET character_set_client = utf8 */;
CREATE TABLE `roles` (
  `id` int(10) unsigned NOT NULL AUTO_INCREMENT,
  `name` varchar(191) COLLATE utf8mb4_unicode_ci NOT NULL,
  `guard_name` varchar(191) COLLATE utf8mb4_unicode_ci NOT NULL,
  `created_at` timestamp NULL DEFAULT NULL,
  `updated_at` timestamp NULL DEFAULT NULL,
  PRIMARY KEY (`id`)
) ENGINE=InnoDB AUTO_INCREMENT=5 DEFAULT CHARSET=utf8mb4 COLLATE=utf8mb4_unicode_ci;
/*!40101 SET character_set_client = @saved_cs_client */;

--
-- Dumping data for table `roles`
--

LOCK TABLES `roles` WRITE;
/*!40000 ALTER TABLE `roles` DISABLE KEYS */;
INSERT INTO `roles` VALUES (1,'admin','web','2021-03-17 00:40:49','2021-03-17 00:40:49'),(2,'owner','web','2021-03-17 00:40:49','2021-03-17 00:40:49'),(3,'driver','web','2021-03-17 00:40:49','2021-03-17 00:40:49'),(4,'client','web','2021-03-17 00:40:49','2021-03-17 00:40:49');
/*!40000 ALTER TABLE `roles` ENABLE KEYS */;
UNLOCK TABLES;

--
-- Table structure for table `settings`
--

DROP TABLE IF EXISTS `settings`;
/*!40101 SET @saved_cs_client     = @@character_set_client */;
/*!40101 SET character_set_client = utf8 */;
CREATE TABLE `settings` (
  `id` bigint(20) unsigned NOT NULL AUTO_INCREMENT,
  `created_at` timestamp NULL DEFAULT NULL,
  `updated_at` timestamp NULL DEFAULT NULL,
  `site_name` varchar(191) COLLATE utf8mb4_unicode_ci NOT NULL,
  `site_logo` varchar(191) COLLATE utf8mb4_unicode_ci NOT NULL,
  `search` varchar(191) COLLATE utf8mb4_unicode_ci NOT NULL,
  `restorant_details_image` varchar(191) COLLATE utf8mb4_unicode_ci NOT NULL DEFAULT '',
  `restorant_details_cover_image` varchar(191) COLLATE utf8mb4_unicode_ci NOT NULL DEFAULT '',
  `description` varchar(191) COLLATE utf8mb4_unicode_ci NOT NULL,
  `header_title` varchar(191) COLLATE utf8mb4_unicode_ci NOT NULL,
  `header_subtitle` varchar(191) COLLATE utf8mb4_unicode_ci NOT NULL,
  `currency` varchar(191) COLLATE utf8mb4_unicode_ci NOT NULL DEFAULT 'USD',
  `facebook` varchar(191) COLLATE utf8mb4_unicode_ci NOT NULL DEFAULT '',
  `instagram` varchar(191) COLLATE utf8mb4_unicode_ci NOT NULL DEFAULT '',
  `playstore` varchar(191) COLLATE utf8mb4_unicode_ci NOT NULL DEFAULT '',
  `appstore` varchar(191) COLLATE utf8mb4_unicode_ci NOT NULL DEFAULT '',
  `maps_api_key` varchar(191) COLLATE utf8mb4_unicode_ci DEFAULT '',
  `delivery` double(8,2) NOT NULL DEFAULT 0.00,
  `typeform` varchar(191) COLLATE utf8mb4_unicode_ci NOT NULL DEFAULT '',
  `mobile_info_title` varchar(191) COLLATE utf8mb4_unicode_ci NOT NULL DEFAULT '',
  `mobile_info_subtitle` varchar(191) COLLATE utf8mb4_unicode_ci NOT NULL DEFAULT '',
  `order_options` varchar(191) COLLATE utf8mb4_unicode_ci NOT NULL DEFAULT '{}',
  `site_logo_dark` varchar(191) COLLATE utf8mb4_unicode_ci DEFAULT NULL,
  `order_fields` text COLLATE utf8mb4_unicode_ci DEFAULT '',
  PRIMARY KEY (`id`)
) ENGINE=InnoDB AUTO_INCREMENT=2 DEFAULT CHARSET=utf8mb4 COLLATE=utf8mb4_unicode_ci;
/*!40101 SET character_set_client = @saved_cs_client */;

--
-- Dumping data for table `settings`
--

LOCK TABLES `settings` WRITE;
/*!40000 ALTER TABLE `settings` DISABLE KEYS */;
INSERT INTO `settings` VALUES (1,'2021-03-17 00:40:49','2021-05-04 01:14:30','BORAPEDI','5bdff034-f111-496d-9e51-838fe9e6cbdb','/default/cover.jpg','7edd5742-b386-42d6-a6e4-6b15f231cc79','/default/cover.jpg','Food Delivery from best restaurants','testetet','teettettete','USD','','','','','AIzaSyCZhq0g1x1ttXPa1QB3ylcDQPTAzp_KUgA',0.00,'','pega pega','','{}','2db3e92e-7bd1-446b-9964-329bf21db88d',NULL);
/*!40000 ALTER TABLE `settings` ENABLE KEYS */;
UNLOCK TABLES;

--
-- Table structure for table `simple_delivery_areas`
--

DROP TABLE IF EXISTS `simple_delivery_areas`;
/*!40101 SET @saved_cs_client     = @@character_set_client */;
/*!40101 SET character_set_client = utf8 */;
CREATE TABLE `simple_delivery_areas` (
  `id` bigint(20) unsigned NOT NULL AUTO_INCREMENT,
  `name` varchar(191) COLLATE utf8mb4_unicode_ci NOT NULL,
  `cost` double(8,2) NOT NULL,
  `restaurant_id` bigint(20) unsigned DEFAULT NULL,
  `created_at` timestamp NULL DEFAULT NULL,
  `updated_at` timestamp NULL DEFAULT NULL,
  PRIMARY KEY (`id`),
  KEY `simple_delivery_areas_restaurant_id_foreign` (`restaurant_id`),
  CONSTRAINT `simple_delivery_areas_restaurant_id_foreign` FOREIGN KEY (`restaurant_id`) REFERENCES `restorants` (`id`)
) ENGINE=InnoDB AUTO_INCREMENT=3 DEFAULT CHARSET=utf8mb4 COLLATE=utf8mb4_unicode_ci;
/*!40101 SET character_set_client = @saved_cs_client */;

--
-- Dumping data for table `simple_delivery_areas`
--

LOCK TABLES `simple_delivery_areas` WRITE;
/*!40000 ALTER TABLE `simple_delivery_areas` DISABLE KEYS */;
/*!40000 ALTER TABLE `simple_delivery_areas` ENABLE KEYS */;
UNLOCK TABLES;

--
-- Table structure for table `sms_verifications`
--

DROP TABLE IF EXISTS `sms_verifications`;
/*!40101 SET @saved_cs_client     = @@character_set_client */;
/*!40101 SET character_set_client = utf8 */;
CREATE TABLE `sms_verifications` (
  `id` bigint(20) unsigned NOT NULL AUTO_INCREMENT,
  `contact_number` varchar(191) COLLATE utf8mb4_unicode_ci NOT NULL,
  `code` varchar(191) COLLATE utf8mb4_unicode_ci NOT NULL,
  `user_id` bigint(20) unsigned NOT NULL,
  `status` varchar(191) COLLATE utf8mb4_unicode_ci NOT NULL DEFAULT 'pending',
  `created_at` timestamp NULL DEFAULT NULL,
  `updated_at` timestamp NULL DEFAULT NULL,
  PRIMARY KEY (`id`),
  KEY `sms_verifications_user_id_foreign` (`user_id`),
  CONSTRAINT `sms_verifications_user_id_foreign` FOREIGN KEY (`user_id`) REFERENCES `users` (`id`)
) ENGINE=InnoDB DEFAULT CHARSET=utf8mb4 COLLATE=utf8mb4_unicode_ci;
/*!40101 SET character_set_client = @saved_cs_client */;

--
-- Dumping data for table `sms_verifications`
--

LOCK TABLES `sms_verifications` WRITE;
/*!40000 ALTER TABLE `sms_verifications` DISABLE KEYS */;
/*!40000 ALTER TABLE `sms_verifications` ENABLE KEYS */;
UNLOCK TABLES;

--
-- Table structure for table `status`
--

DROP TABLE IF EXISTS `status`;
/*!40101 SET @saved_cs_client     = @@character_set_client */;
/*!40101 SET character_set_client = utf8 */;
CREATE TABLE `status` (
  `id` bigint(20) unsigned NOT NULL AUTO_INCREMENT,
  `name` varchar(191) COLLATE utf8mb4_unicode_ci NOT NULL,
  `alias` varchar(191) COLLATE utf8mb4_unicode_ci NOT NULL,
  PRIMARY KEY (`id`),
  UNIQUE KEY `status_name_unique` (`name`),
  UNIQUE KEY `status_alias_unique` (`alias`)
) ENGINE=InnoDB AUTO_INCREMENT=14 DEFAULT CHARSET=utf8mb4 COLLATE=utf8mb4_unicode_ci;
/*!40101 SET character_set_client = @saved_cs_client */;

--
-- Dumping data for table `status`
--

LOCK TABLES `status` WRITE;
/*!40000 ALTER TABLE `status` DISABLE KEYS */;
INSERT INTO `status` VALUES (1,'Just created','just_created'),(2,'Accepted by admin','accepted_by_admin'),(3,'Accepted by restaurant','accepted_by_restaurant'),(4,'Assigned to driver','assigned_to_driver'),(5,'Prepared','prepared'),(6,'Picked up','picked_up'),(7,'Delivered','delivered'),(8,'Rejected by admin','rejected_by_admin'),(9,'Rejected by restaurant','rejected_by_restaurant'),(10,'Updated','updated'),(11,'Closed','closed'),(12,'Rejected by driver','rejected_by_driver'),(13,'Accepted by driver','accepted_by_driver');
/*!40000 ALTER TABLE `status` ENABLE KEYS */;
UNLOCK TABLES;

--
-- Table structure for table `subscription_items`
--

DROP TABLE IF EXISTS `subscription_items`;
/*!40101 SET @saved_cs_client     = @@character_set_client */;
/*!40101 SET character_set_client = utf8 */;
CREATE TABLE `subscription_items` (
  `id` bigint(20) unsigned NOT NULL AUTO_INCREMENT,
  `subscription_id` bigint(20) unsigned NOT NULL,
  `stripe_id` varchar(191) COLLATE utf8mb4_unicode_ci NOT NULL,
  `stripe_plan` varchar(191) COLLATE utf8mb4_unicode_ci NOT NULL,
  `quantity` int(11) NOT NULL,
  `created_at` timestamp NULL DEFAULT NULL,
  `updated_at` timestamp NULL DEFAULT NULL,
  PRIMARY KEY (`id`),
  UNIQUE KEY `subscription_items_subscription_id_stripe_plan_unique` (`subscription_id`,`stripe_plan`),
  KEY `subscription_items_stripe_id_index` (`stripe_id`)
) ENGINE=InnoDB DEFAULT CHARSET=utf8mb4 COLLATE=utf8mb4_unicode_ci;
/*!40101 SET character_set_client = @saved_cs_client */;

--
-- Dumping data for table `subscription_items`
--

LOCK TABLES `subscription_items` WRITE;
/*!40000 ALTER TABLE `subscription_items` DISABLE KEYS */;
/*!40000 ALTER TABLE `subscription_items` ENABLE KEYS */;
UNLOCK TABLES;

--
-- Table structure for table `subscriptions`
--

DROP TABLE IF EXISTS `subscriptions`;
/*!40101 SET @saved_cs_client     = @@character_set_client */;
/*!40101 SET character_set_client = utf8 */;
CREATE TABLE `subscriptions` (
  `id` bigint(20) unsigned NOT NULL AUTO_INCREMENT,
  `user_id` bigint(20) unsigned NOT NULL,
  `name` varchar(191) COLLATE utf8mb4_unicode_ci NOT NULL,
  `stripe_id` varchar(191) COLLATE utf8mb4_unicode_ci NOT NULL,
  `stripe_status` varchar(191) COLLATE utf8mb4_unicode_ci NOT NULL,
  `stripe_plan` varchar(191) COLLATE utf8mb4_unicode_ci NOT NULL,
  `quantity` int(11) NOT NULL,
  `trial_ends_at` timestamp NULL DEFAULT NULL,
  `ends_at` timestamp NULL DEFAULT NULL,
  `created_at` timestamp NULL DEFAULT NULL,
  `updated_at` timestamp NULL DEFAULT NULL,
  PRIMARY KEY (`id`),
  KEY `subscriptions_user_id_stripe_status_index` (`user_id`,`stripe_status`)
) ENGINE=InnoDB DEFAULT CHARSET=utf8mb4 COLLATE=utf8mb4_unicode_ci;
/*!40101 SET character_set_client = @saved_cs_client */;

--
-- Dumping data for table `subscriptions`
--

LOCK TABLES `subscriptions` WRITE;
/*!40000 ALTER TABLE `subscriptions` DISABLE KEYS */;
/*!40000 ALTER TABLE `subscriptions` ENABLE KEYS */;
UNLOCK TABLES;

--
-- Table structure for table `tables`
--

DROP TABLE IF EXISTS `tables`;
/*!40101 SET @saved_cs_client     = @@character_set_client */;
/*!40101 SET character_set_client = utf8 */;
CREATE TABLE `tables` (
  `id` bigint(20) unsigned NOT NULL AUTO_INCREMENT,
  `name` varchar(191) COLLATE utf8mb4_unicode_ci NOT NULL,
  `size` int(11) NOT NULL DEFAULT 4,
  `restoarea_id` bigint(20) unsigned DEFAULT NULL,
  `restaurant_id` bigint(20) unsigned NOT NULL,
  `created_at` timestamp NULL DEFAULT NULL,
  `updated_at` timestamp NULL DEFAULT NULL,
  `deleted_at` timestamp NULL DEFAULT NULL,
  `x` double(8,2) DEFAULT NULL,
  `y` double(8,2) DEFAULT NULL,
  `w` double(8,2) DEFAULT NULL,
  `h` double(8,2) DEFAULT NULL,
  `rounded` varchar(191) COLLATE utf8mb4_unicode_ci DEFAULT 'no',
  PRIMARY KEY (`id`),
  KEY `tables_restoarea_id_foreign` (`restoarea_id`),
  KEY `tables_restaurant_id_foreign` (`restaurant_id`),
  CONSTRAINT `tables_restaurant_id_foreign` FOREIGN KEY (`restaurant_id`) REFERENCES `restorants` (`id`),
  CONSTRAINT `tables_restoarea_id_foreign` FOREIGN KEY (`restoarea_id`) REFERENCES `restoareas` (`id`)
) ENGINE=InnoDB AUTO_INCREMENT=16 DEFAULT CHARSET=utf8mb4 COLLATE=utf8mb4_unicode_ci;
/*!40101 SET character_set_client = @saved_cs_client */;

--
-- Dumping data for table `tables`
--

LOCK TABLES `tables` WRITE;
/*!40000 ALTER TABLE `tables` DISABLE KEYS */;
INSERT INTO `tables` VALUES (1,'Table 1',4,1,1,NULL,NULL,NULL,NULL,NULL,NULL,NULL,'no'),(2,'Table 2',4,1,1,NULL,NULL,NULL,NULL,NULL,NULL,NULL,'no'),(3,'Table 3',4,1,1,NULL,NULL,NULL,NULL,NULL,NULL,NULL,'no'),(4,'Table 4',4,1,1,NULL,NULL,NULL,NULL,NULL,NULL,NULL,'no'),(5,'Table 5',4,1,1,NULL,NULL,NULL,NULL,NULL,NULL,NULL,'no'),(6,'Table 6',4,1,1,NULL,NULL,NULL,NULL,NULL,NULL,NULL,'no'),(7,'Table 7',4,1,1,NULL,NULL,NULL,NULL,NULL,NULL,NULL,'no'),(8,'Table 8',4,1,1,NULL,NULL,NULL,NULL,NULL,NULL,NULL,'no'),(9,'Table 9',4,1,1,NULL,NULL,NULL,NULL,NULL,NULL,NULL,'no'),(10,'Table 10',4,1,1,NULL,NULL,NULL,NULL,NULL,NULL,NULL,'no'),(11,'Table 1',4,2,1,NULL,NULL,NULL,NULL,NULL,NULL,NULL,'no'),(12,'Table 2',4,2,1,NULL,NULL,NULL,NULL,NULL,NULL,NULL,'no'),(13,'Table 3',4,2,1,NULL,NULL,NULL,NULL,NULL,NULL,NULL,'no'),(14,'Table 4',4,2,1,NULL,NULL,NULL,NULL,NULL,NULL,NULL,'no'),(15,'Table 5',4,2,1,NULL,NULL,NULL,NULL,NULL,NULL,NULL,'no');
/*!40000 ALTER TABLE `tables` ENABLE KEYS */;
UNLOCK TABLES;

--
-- Table structure for table `translations`
--

DROP TABLE IF EXISTS `translations`;
/*!40101 SET @saved_cs_client     = @@character_set_client */;
/*!40101 SET character_set_client = utf8 */;
CREATE TABLE `translations` (
  `id` int(10) unsigned NOT NULL AUTO_INCREMENT,
  `language_id` int(10) unsigned NOT NULL,
  `group` varchar(191) COLLATE utf8mb4_unicode_ci DEFAULT NULL,
  `key` text COLLATE utf8mb4_unicode_ci NOT NULL,
  `value` text COLLATE utf8mb4_unicode_ci DEFAULT NULL,
  `created_at` timestamp NULL DEFAULT NULL,
  `updated_at` timestamp NULL DEFAULT NULL,
  PRIMARY KEY (`id`),
  KEY `translations_language_id_foreign` (`language_id`),
  CONSTRAINT `translations_language_id_foreign` FOREIGN KEY (`language_id`) REFERENCES `languages` (`id`)
) ENGINE=InnoDB DEFAULT CHARSET=utf8mb4 COLLATE=utf8mb4_unicode_ci;
/*!40101 SET character_set_client = @saved_cs_client */;

--
-- Dumping data for table `translations`
--

LOCK TABLES `translations` WRITE;
/*!40000 ALTER TABLE `translations` DISABLE KEYS */;
/*!40000 ALTER TABLE `translations` ENABLE KEYS */;
UNLOCK TABLES;

--
-- Table structure for table `users`
--

DROP TABLE IF EXISTS `users`;
/*!40101 SET @saved_cs_client     = @@character_set_client */;
/*!40101 SET character_set_client = utf8 */;
CREATE TABLE `users` (
  `id` bigint(20) unsigned NOT NULL AUTO_INCREMENT,
  `google_id` char(191) COLLATE utf8mb4_unicode_ci DEFAULT NULL,
  `fb_id` char(191) COLLATE utf8mb4_unicode_ci DEFAULT NULL,
  `name` varchar(191) COLLATE utf8mb4_unicode_ci NOT NULL,
  `email` varchar(191) COLLATE utf8mb4_unicode_ci NOT NULL,
  `email_verified_at` timestamp NULL DEFAULT NULL,
  `password` varchar(191) COLLATE utf8mb4_unicode_ci DEFAULT NULL,
  `api_token` varchar(191) COLLATE utf8mb4_unicode_ci NOT NULL,
  `phone` varchar(191) COLLATE utf8mb4_unicode_ci DEFAULT NULL,
  `remember_token` varchar(100) COLLATE utf8mb4_unicode_ci DEFAULT NULL,
  `created_at` timestamp NULL DEFAULT NULL,
  `updated_at` timestamp NULL DEFAULT NULL,
  `active` tinyint(1) NOT NULL DEFAULT 1,
  `stripe_id` varchar(191) COLLATE utf8mb4_unicode_ci DEFAULT NULL,
  `card_brand` varchar(191) COLLATE utf8mb4_unicode_ci DEFAULT NULL,
  `card_last_four` varchar(4) COLLATE utf8mb4_unicode_ci DEFAULT NULL,
  `trial_ends_at` timestamp NULL DEFAULT NULL,
  `verification_code` varchar(191) COLLATE utf8mb4_unicode_ci DEFAULT NULL,
  `phone_verified_at` timestamp NULL DEFAULT NULL,
  `plan_id` bigint(20) unsigned DEFAULT NULL,
  `plan_status` varchar(191) COLLATE utf8mb4_unicode_ci NOT NULL DEFAULT '',
  `cancel_url` varchar(555) COLLATE utf8mb4_unicode_ci NOT NULL DEFAULT '',
  `update_url` varchar(555) COLLATE utf8mb4_unicode_ci NOT NULL DEFAULT '',
  `checkout_id` varchar(555) COLLATE utf8mb4_unicode_ci NOT NULL DEFAULT '',
  `subscription_plan_id` varchar(555) COLLATE utf8mb4_unicode_ci NOT NULL DEFAULT '',
  `stripe_account` varchar(191) COLLATE utf8mb4_unicode_ci NOT NULL DEFAULT '',
  `birth_date` varchar(191) COLLATE utf8mb4_unicode_ci NOT NULL DEFAULT '',
  `lat` varchar(191) COLLATE utf8mb4_unicode_ci DEFAULT NULL,
  `lng` varchar(191) COLLATE utf8mb4_unicode_ci DEFAULT NULL,
  `working` int(11) NOT NULL DEFAULT 1,
  `onorder` int(11) DEFAULT NULL,
  `numorders` int(11) NOT NULL DEFAULT 0,
  `rejectedorders` int(11) NOT NULL,
  `paypal_subscribtion_id` varchar(191) COLLATE utf8mb4_unicode_ci DEFAULT NULL,
  `mollie_customer_id` varchar(191) COLLATE utf8mb4_unicode_ci DEFAULT NULL,
  `mollie_mandate_id` varchar(191) COLLATE utf8mb4_unicode_ci DEFAULT NULL,
  `tax_percentage` decimal(6,4) NOT NULL DEFAULT 0.0000,
  `extra_billing_information` text COLLATE utf8mb4_unicode_ci DEFAULT NULL,
  `mollie_subscribtion_id` varchar(191) COLLATE utf8mb4_unicode_ci DEFAULT NULL,
  `paystack_subscribtion_id` varchar(191) COLLATE utf8mb4_unicode_ci DEFAULT NULL,
  `paystack_trans_id` varchar(191) COLLATE utf8mb4_unicode_ci DEFAULT NULL,
  `restaurant_id` bigint(20) unsigned DEFAULT NULL,
  PRIMARY KEY (`id`),
  UNIQUE KEY `users_email_unique` (`email`),
  UNIQUE KEY `users_api_token_unique` (`api_token`),
  UNIQUE KEY `users_verification_code_unique` (`verification_code`),
  KEY `users_stripe_id_index` (`stripe_id`),
  KEY `users_restaurant_id_foreign` (`restaurant_id`),
  CONSTRAINT `users_restaurant_id_foreign` FOREIGN KEY (`restaurant_id`) REFERENCES `restorants` (`id`)
) ENGINE=InnoDB AUTO_INCREMENT=56 DEFAULT CHARSET=utf8mb4 COLLATE=utf8mb4_unicode_ci;
/*!40101 SET character_set_client = @saved_cs_client */;

--
-- Dumping data for table `users`
--

LOCK TABLES `users` WRITE;
/*!40000 ALTER TABLE `users` DISABLE KEYS */;
INSERT INTO `users` VALUES (1,NULL,NULL,'Admin Admin','vinicius@4sconnect.com.br','2021-03-17 04:40:49','$2y$10$27zKCNU.S9F5HawlNscruOFbkkv9/yw/eEE28VQy7vEoX/APO8CBi','CPsU2WjigdDFfYMiXyVpoDkpsGzQTEhJBjIR2C3EeUNatQ3PBgch1FErd6DmizPjMG7RHyIMpDMPWUms','','367nZvEiRPVfoWE7Xz2Jxgrrt4suLb5ErtruzqfylTwqDW9GiDq8FDpTgUDz','2021-03-17 04:40:49','2021-04-01 03:42:00',1,NULL,NULL,NULL,NULL,NULL,NULL,NULL,'','','','','','','',NULL,NULL,1,NULL,0,0,NULL,NULL,NULL,0.0000,NULL,NULL,NULL,NULL,NULL),(2,NULL,NULL,'Demo Owner','suporte@4sconnect.com.br','2021-03-17 04:40:49','$2y$10$Cdm1pgfHVw1zGM9c7ZOpkO567iHH.tMfvYOkLbs5prW9hARUbdey2','dTev0JP8r34DsrgINBQoMhMrBs8yZD5nZlECAlftwXEsN662UH4LH3un2kcse5StCRthphN0n84waC0u','(88) 88888-8888','EXGzcsmRuUukoyegFDpBs0cpZ6IsZkNm441RL5LZ3HMUFcMQC0vXw0y4mMxm','2021-03-17 04:40:49','2021-09-03 15:32:02',1,NULL,NULL,NULL,NULL,NULL,NULL,2,'','','','','','','',NULL,NULL,1,NULL,0,0,NULL,NULL,NULL,0.0000,NULL,NULL,NULL,NULL,NULL),(4,NULL,NULL,'TESTE CLIENTE','cliente@borapedi.com',NULL,'$2y$10$IG2tpUchWyFLLcRlvhfHiuuNIvwPtNXdaU9Rfqax6lCIkp6HU9h4u','2eeZLqbzKCzOpj7Wr8CJpyEN3OfjNa09igbVvg7n61ykV36HqK9DWinlSex3sFCN6Hqx4geFlSoQvZMn','(21)3072-7544','fcSd7R5eNvfx48NxJ79P93dYfwnlcahhu8DZW89X6ee9oyjlKKwBKudA6mzP','2021-03-31 06:40:17','2021-03-31 06:40:17',1,NULL,NULL,NULL,NULL,NULL,NULL,NULL,'','','','','','','',NULL,NULL,1,NULL,0,0,NULL,NULL,NULL,0.0000,NULL,NULL,NULL,NULL,NULL),(16,NULL,NULL,'mam ams mamma','mkj@m.com',NULL,'$2y$10$Cdm1pgfHVw1zGM9c7ZOpkO567iHH.tMfvYOkLbs5prW9hARUbdey2','CdkWwL16gJ9FSsV2lvujfwcwa9zLHAEVvhmGs1fkY5hHdeJZCBJEwmCZxEfNDor6Cwww1piy1xDa2obo','(95) 98111-0695',NULL,'2021-05-14 20:11:23','2021-09-02 19:39:26',1,NULL,NULL,NULL,NULL,NULL,NULL,NULL,'','','','','','','',NULL,NULL,1,NULL,0,0,NULL,NULL,NULL,0.0000,NULL,NULL,NULL,NULL,NULL),(17,NULL,NULL,'Jose e solsa','souza@hotmail.com',NULL,'$2y$10$Cdm1pgfHVw1zGM9c7ZOpkO567iHH.tMfvYOkLbs5prW9hARUbdey2','opQFfDy10i9ihJWYknr2Ftcxr0p7sq0fLzi1iz4KsuNtKhw6Jd43RrlS8wTSm75E5xJzip7hS0CSQY35','31213123123',NULL,'2021-05-20 16:47:55','2021-05-20 16:47:55',1,NULL,NULL,NULL,NULL,NULL,NULL,NULL,'','','','','','','',NULL,NULL,1,NULL,0,0,NULL,NULL,NULL,0.0000,NULL,NULL,NULL,NULL,NULL),(18,NULL,NULL,'luca loco','loco@hotmail.com',NULL,'$2y$10$.W1wNfaKe3lncTW6Nj/pyeLSPBrk2N.hLTtfDOp1lkevmyupyUP4S','dBDRv1j0aHTHlhOvNhWH39mX06q7OdwhxXRzmw9yMWZMqzEYX6OdW034hyfjpuZygCcEJ2ekSjcx7SJS','42342342342',NULL,'2021-05-20 17:18:02','2021-05-20 17:18:02',1,NULL,NULL,NULL,NULL,NULL,NULL,NULL,'','','','','','','',NULL,NULL,1,NULL,0,0,NULL,NULL,NULL,0.0000,NULL,NULL,NULL,NULL,NULL),(30,NULL,NULL,'mar','marcel.nagm@gmail.com2',NULL,'$2y$10$k05dkPkiszCxV9DI56zZfOwrHU.RWWt1TXNC2P0ba3FUqzuP.y5za','GHHiFDCIfxgJWCx0UfGr9Hqq9ZTKqVwyeYxXCc5e4BLmagkSwiYXulBoGUqri0DEpKoYzIb37udXdmSI','95981110695',NULL,'2021-07-07 19:41:05','2021-07-07 19:41:05',1,NULL,NULL,NULL,NULL,NULL,NULL,NULL,'','','','','','','',NULL,NULL,1,NULL,0,0,NULL,NULL,NULL,0.0000,NULL,NULL,NULL,NULL,NULL),(37,NULL,NULL,'mamammama','muuu@m.com',NULL,NULL,'','(11) 11111-1111',NULL,'2021-07-21 18:38:20','2021-07-21 18:54:57',1,NULL,NULL,NULL,NULL,NULL,NULL,NULL,'','','','','','','',NULL,NULL,1,NULL,0,0,NULL,NULL,NULL,0.0000,NULL,NULL,NULL,NULL,NULL),(39,NULL,NULL,'lelelelele','h9owFDmG@9kGeTnay.com',NULL,NULL,'4kJqFKTmw1RTIICxZzY4mTJqkhIo1XXanl7eg6NQDOV2FbMuF1yuimNRswMDLrPzecn7XfmP2uyMnqG2','(22) 22222-2222',NULL,'2021-07-21 19:07:03','2021-07-21 19:14:36',1,NULL,NULL,NULL,NULL,NULL,NULL,NULL,'','','','','','','',NULL,NULL,1,NULL,0,0,NULL,NULL,NULL,0.0000,NULL,NULL,NULL,NULL,NULL),(40,NULL,NULL,'','tNs17GBV@ke000O3f.com',NULL,NULL,'z7tDiUIpxHAH2UuDWF2wms76r33JtSDodNns99KsngjQmFrxcioh2G276AqZF70aRWVvtmAgHSwGh1YZ','(33) 33333-3333',NULL,'2021-08-13 16:37:11','2021-08-13 16:37:11',1,NULL,NULL,NULL,NULL,NULL,NULL,NULL,'','','','','','','',NULL,NULL,1,NULL,0,0,NULL,NULL,NULL,0.0000,NULL,NULL,NULL,NULL,NULL),(44,NULL,NULL,'Lourdes de Pinho','mimmi@m.com',NULL,'$2y$10$cO2GpKwNrQG4wlJMLd.w4u02LnxkhkZU6QRzuYi2HWrZ.9LOhrMpa','hXqPaCboW6a7DEBzzqKwQZAsZga3H9EjyYcha1GVHTBUN33eBTZ6Eq1ECszt5E7K4yAaX6aqv0G1IZkJ','(33) 33333-3333',NULL,'2021-08-19 17:18:24','2021-08-19 17:18:26',1,NULL,NULL,NULL,NULL,NULL,NULL,NULL,'','','','','','','',NULL,NULL,1,NULL,0,0,NULL,NULL,NULL,0.0000,NULL,NULL,NULL,NULL,NULL),(45,NULL,NULL,'Marcel Fadel Nagm','marcel.nagm@gmail.com',NULL,'$2y$10$RPDvveUREsvmaqp3sLAzJ.kp8x4QH0DHdJad9qqKUW34FkspnNNHG','JFUiyG5lsRb8WluUSNFtOmgUimvoa2ClMXRhN7RWBSlxJYVhpJJ3WXeXSMRYZDWirld3bwA8g6czuR0p','(55) 55555-5555',NULL,'2021-08-19 17:23:00','2021-08-19 17:23:01',1,NULL,NULL,NULL,NULL,NULL,NULL,NULL,'','','','','','','',NULL,NULL,1,NULL,0,0,NULL,NULL,NULL,0.0000,NULL,NULL,NULL,NULL,NULL),(46,NULL,NULL,'Ronald Bolado','bolado@hotmail.com',NULL,'$2y$10$q78bS5iswiGx3w/Mi2gKlOCJKTE9K7jSiqY/8hQxJfPL79mJwUH4i','nStsPZirAXw59kiz60qUib0RvnzunNuk7ubyp52BDd3TPGmUKbKSmFQcNlnJg4W3mDojHfDjjI1sRJpy','(23) 32333-3333',NULL,'2021-08-25 16:08:54','2021-08-25 16:08:56',1,NULL,NULL,NULL,NULL,NULL,NULL,NULL,'','','','','','','',NULL,NULL,1,NULL,0,0,NULL,NULL,NULL,0.0000,NULL,NULL,NULL,NULL,NULL),(49,NULL,NULL,'max food','matoles912@btkylj.com',NULL,'5BJMc64xIQVuZEJ','ueaWCQ6LIBp0FPMtJSBWaTJaPYYafiju2OWfaCgiybyHKdotvIMRfhybFHkPXvBW35NyVJGvtimLWlXb','(43) 24235-3534',NULL,'2021-09-28 14:10:35','2021-09-28 14:10:35',0,NULL,NULL,NULL,NULL,NULL,NULL,NULL,'','','','','','','',NULL,NULL,1,NULL,0,0,NULL,NULL,NULL,0.0000,NULL,NULL,NULL,NULL,NULL),(50,NULL,NULL,'Marcel','redana3994@bio123.net',NULL,'nydBKwFynE8uFU0','low0YjM9LJfchlrawswxfVreU54loBcrmdYbWwaceLAWnwkTgYlmcAboTTMtd8bi9bFRFN3n9868RgjO','(42) 34234-5344',NULL,'2021-09-29 14:21:45','2021-09-29 14:21:45',0,NULL,NULL,NULL,NULL,NULL,NULL,NULL,'','','','','','','',NULL,NULL,1,NULL,0,0,NULL,NULL,NULL,0.0000,NULL,NULL,NULL,NULL,NULL),(51,NULL,NULL,'max foood','hipak99564@ergowiki.com',NULL,'2I3mtOzIjq1T6jR','hMYGirrOvrfs4KA4VuN1dnn21CZsgk0HEA1zNMJ2CdlV8C3mJjyg46x8Zgy4ezCtsI8ub0RPHEw4tlBJ','(34) 35442-1324',NULL,'2021-09-30 12:15:55','2021-09-30 12:15:55',0,NULL,NULL,NULL,NULL,NULL,NULL,NULL,'','','','','','','',NULL,NULL,1,NULL,0,0,NULL,NULL,NULL,0.0000,NULL,NULL,NULL,NULL,NULL),(52,NULL,NULL,'marceel','jibol77535@btkylj.com',NULL,'yetw1BtkCzxJDD0','Eu1hTG5fzQwlYhAYuVt3IoTUSPNjHOCyp3V67uxESIntjey3SBRKKbPbj1CB02qU8EI619Fj50g4aR4d','(42) 45234-3233',NULL,'2021-09-30 13:13:53','2021-09-30 13:13:53',0,NULL,NULL,NULL,NULL,NULL,NULL,NULL,'','','','','','','',NULL,NULL,1,NULL,0,0,NULL,NULL,NULL,0.0000,NULL,NULL,NULL,NULL,NULL),(53,NULL,NULL,'Marcel teste cliente','rehilab573@ergowiki.com',NULL,NULL,'AHuzbxbNE3FBGK6LnaHVYzta1bfALybzZg8qoDDBmImIeWdfbfNw52iva0FFiWdyaSRaXTFvjBzDSv8z','(45) 45454-5454',NULL,'2021-09-30 13:44:06','2021-09-30 13:48:04',1,NULL,NULL,NULL,NULL,NULL,NULL,NULL,'','','','','','','',NULL,NULL,1,NULL,0,0,NULL,NULL,NULL,0.0000,NULL,NULL,NULL,NULL,NULL),(55,NULL,NULL,'marcel','momos84814@erpipo.com',NULL,'$2y$10$mTM.UIz3ylp409MJc8KoL.et1C9Xo13wWspRRGMlAgnbsBtoeHJBi','Z0uNxeTWHcslghj2Z6X1qQUOMOclDHEYm5d3My5ScU1BRW8cbAVTVQx1sbylXdRBU3TNjcDkaECLKP9o','(43) 24253-3544',NULL,'2021-11-19 00:11:29','2021-11-19 00:11:29',0,NULL,NULL,NULL,NULL,NULL,NULL,1,'','','','','','','',NULL,NULL,1,NULL,0,0,NULL,NULL,NULL,0.0000,NULL,NULL,NULL,NULL,NULL);
/*!40000 ALTER TABLE `users` ENABLE KEYS */;
UNLOCK TABLES;

--
-- Table structure for table `variants`
--

DROP TABLE IF EXISTS `variants`;
/*!40101 SET @saved_cs_client     = @@character_set_client */;
/*!40101 SET character_set_client = utf8 */;
CREATE TABLE `variants` (
  `id` bigint(20) unsigned NOT NULL AUTO_INCREMENT,
  `price` double(8,2) NOT NULL,
  `options` varchar(500) COLLATE utf8mb4_unicode_ci NOT NULL,
  `image` varchar(191) COLLATE utf8mb4_unicode_ci NOT NULL,
  `qty` int(11) NOT NULL DEFAULT 0,
  `enable_qty` int(11) NOT NULL DEFAULT 0,
  `order` int(11) NOT NULL DEFAULT 0,
  `item_id` bigint(20) unsigned NOT NULL,
  `created_at` timestamp NULL DEFAULT NULL,
  `updated_at` timestamp NULL DEFAULT NULL,
  `deleted_at` timestamp NULL DEFAULT NULL,
  PRIMARY KEY (`id`),
  KEY `variants_item_id_foreign` (`item_id`),
  CONSTRAINT `variants_item_id_foreign` FOREIGN KEY (`item_id`) REFERENCES `items` (`id`)
) ENGINE=InnoDB AUTO_INCREMENT=139 DEFAULT CHARSET=utf8mb4 COLLATE=utf8mb4_unicode_ci;
/*!40101 SET character_set_client = @saved_cs_client */;

--
-- Dumping data for table `variants`
--

LOCK TABLES `variants` WRITE;
/*!40000 ALTER TABLE `variants` DISABLE KEYS */;
INSERT INTO `variants` VALUES (1,10.99,'{\"1\":\"small\",\"2\":\"hand-tosset\"}','',0,0,0,7,'2021-03-17 00:40:49','2021-03-17 00:40:49',NULL),(2,11.99,'{\"1\":\"small\",\"2\":\"thin-crust\"}','',0,0,0,7,'2021-03-17 00:40:49','2021-03-17 00:40:49',NULL),(3,12.99,'{\"1\":\"small\",\"2\":\"double-decker\"}','',0,0,0,7,'2021-03-17 00:40:49','2021-03-17 00:40:49',NULL),(4,13.99,'{\"1\":\"medium\",\"2\":\"hand-tosset\"}','',0,0,0,7,'2021-03-17 00:40:49','2021-03-17 00:40:49',NULL),(5,14.99,'{\"1\":\"medium\",\"2\":\"thin-crust\"}','',0,0,0,7,'2021-03-17 00:40:49','2021-03-17 00:40:49',NULL),(6,15.99,'{\"1\":\"medium\",\"2\":\"double-decker\"}','',0,0,0,7,'2021-03-17 00:40:49','2021-03-17 00:40:49',NULL),(7,16.99,'{\"1\":\"large\",\"2\":\"hand-tosset\"}','',0,0,0,7,'2021-03-17 00:40:49','2021-03-17 00:40:49',NULL),(8,17.99,'{\"1\":\"large\",\"2\":\"thin-crust\"}','',0,0,0,7,'2021-03-17 00:40:49','2021-03-17 00:40:49',NULL),(9,18.99,'{\"1\":\"large\",\"2\":\"double-decker\"}','',0,0,0,7,'2021-03-17 00:40:49','2021-03-17 00:40:49',NULL),(10,19.99,'{\"1\":\"family\",\"2\":\"hand-tosset\"}','',0,0,0,7,'2021-03-17 00:40:49','2021-03-17 00:40:49',NULL),(11,20.99,'{\"1\":\"family\",\"2\":\"thin-crust\"}','',0,0,0,7,'2021-03-17 00:40:49','2021-03-17 00:40:49',NULL),(12,21.99,'{\"1\":\"family\",\"2\":\"double-decker\"}','',0,0,0,7,'2021-03-17 00:40:49','2021-03-17 00:40:49',NULL),(13,14.99,'{\"3\":\"small\",\"4\":\"hand-tosset\"}','',0,0,0,8,'2021-03-17 00:40:49','2021-03-17 00:40:49',NULL),(14,15.99,'{\"3\":\"small\",\"4\":\"thin-crust\"}','',0,0,0,8,'2021-03-17 00:40:49','2021-03-17 00:40:49',NULL),(15,16.99,'{\"3\":\"small\",\"4\":\"double-decker\"}','',0,0,0,8,'2021-03-17 00:40:49','2021-03-17 00:40:49',NULL),(16,17.99,'{\"3\":\"medium\",\"4\":\"hand-tosset\"}','',0,0,0,8,'2021-03-17 00:40:49','2021-03-17 00:40:49',NULL),(17,18.99,'{\"3\":\"medium\",\"4\":\"thin-crust\"}','',0,0,0,8,'2021-03-17 00:40:49','2021-03-17 00:40:49',NULL),(18,19.99,'{\"3\":\"medium\",\"4\":\"double-decker\"}','',0,0,0,8,'2021-03-17 00:40:49','2021-03-17 00:40:49',NULL),(19,20.99,'{\"3\":\"large\",\"4\":\"hand-tosset\"}','',0,0,0,8,'2021-03-17 00:40:49','2021-03-17 00:40:49',NULL),(20,21.99,'{\"3\":\"large\",\"4\":\"thin-crust\"}','',0,0,0,8,'2021-03-17 00:40:49','2021-03-17 00:40:49',NULL),(21,22.99,'{\"3\":\"large\",\"4\":\"double-decker\"}','',0,0,0,8,'2021-03-17 00:40:49','2021-03-17 00:40:49',NULL),(22,23.99,'{\"3\":\"family\",\"4\":\"hand-tosset\"}','',0,0,0,8,'2021-03-17 00:40:49','2021-03-17 00:40:49',NULL),(23,24.99,'{\"3\":\"family\",\"4\":\"thin-crust\"}','',0,0,0,8,'2021-03-17 00:40:49','2021-03-17 00:40:49',NULL),(24,25.99,'{\"3\":\"family\",\"4\":\"double-decker\"}','',0,0,0,8,'2021-03-17 00:40:49','2021-03-17 00:40:49',NULL),(25,14.99,'{\"5\":\"small\",\"6\":\"hand-tosset\"}','',0,0,0,9,'2021-03-17 00:40:49','2021-03-17 00:40:49',NULL),(26,15.99,'{\"5\":\"small\",\"6\":\"thin-crust\"}','',0,0,0,9,'2021-03-17 00:40:49','2021-03-17 00:40:49',NULL),(27,16.99,'{\"5\":\"small\",\"6\":\"double-decker\"}','',0,0,0,9,'2021-03-17 00:40:49','2021-03-17 00:40:49',NULL),(28,17.99,'{\"5\":\"medium\",\"6\":\"hand-tosset\"}','',0,0,0,9,'2021-03-17 00:40:49','2021-03-17 00:40:49',NULL),(29,18.99,'{\"5\":\"medium\",\"6\":\"thin-crust\"}','',0,0,0,9,'2021-03-17 00:40:49','2021-03-17 00:40:49',NULL),(30,19.99,'{\"5\":\"medium\",\"6\":\"double-decker\"}','',0,0,0,9,'2021-03-17 00:40:49','2021-03-17 00:40:49',NULL),(31,20.99,'{\"5\":\"large\",\"6\":\"hand-tosset\"}','',0,0,0,9,'2021-03-17 00:40:49','2021-03-17 00:40:49',NULL),(32,21.99,'{\"5\":\"large\",\"6\":\"thin-crust\"}','',0,0,0,9,'2021-03-17 00:40:49','2021-03-17 00:40:49',NULL),(33,22.99,'{\"5\":\"large\",\"6\":\"double-decker\"}','',0,0,0,9,'2021-03-17 00:40:49','2021-03-17 00:40:49',NULL),(34,23.99,'{\"5\":\"family\",\"6\":\"hand-tosset\"}','',0,0,0,9,'2021-03-17 00:40:49','2021-03-17 00:40:49',NULL),(35,24.99,'{\"5\":\"family\",\"6\":\"thin-crust\"}','',0,0,0,9,'2021-03-17 00:40:49','2021-03-17 00:40:49',NULL),(36,25.99,'{\"5\":\"family\",\"6\":\"double-decker\"}','',0,0,0,9,'2021-03-17 00:40:49','2021-03-17 00:40:49',NULL),(37,14.99,'{\"7\":\"small\",\"8\":\"hand-tosset\"}','',0,0,0,10,'2021-03-17 00:40:50','2021-03-17 00:40:50',NULL),(38,15.99,'{\"7\":\"small\",\"8\":\"thin-crust\"}','',0,0,0,10,'2021-03-17 00:40:50','2021-03-17 00:40:50',NULL),(39,16.99,'{\"7\":\"small\",\"8\":\"double-decker\"}','',0,0,0,10,'2021-03-17 00:40:50','2021-03-17 00:40:50',NULL),(40,17.99,'{\"7\":\"medium\",\"8\":\"hand-tosset\"}','',0,0,0,10,'2021-03-17 00:40:50','2021-03-17 00:40:50',NULL),(41,18.99,'{\"7\":\"medium\",\"8\":\"thin-crust\"}','',0,0,0,10,'2021-03-17 00:40:50','2021-03-17 00:40:50',NULL),(42,19.99,'{\"7\":\"medium\",\"8\":\"double-decker\"}','',0,0,0,10,'2021-03-17 00:40:50','2021-03-17 00:40:50',NULL),(43,20.99,'{\"7\":\"large\",\"8\":\"hand-tosset\"}','',0,0,0,10,'2021-03-17 00:40:50','2021-03-17 00:40:50',NULL),(44,21.99,'{\"7\":\"large\",\"8\":\"thin-crust\"}','',0,0,0,10,'2021-03-17 00:40:50','2021-03-17 00:40:50',NULL),(45,22.99,'{\"7\":\"large\",\"8\":\"double-decker\"}','',0,0,0,10,'2021-03-17 00:40:50','2021-03-17 00:40:50',NULL),(46,23.99,'{\"7\":\"family\",\"8\":\"hand-tosset\"}','',0,0,0,10,'2021-03-17 00:40:50','2021-03-17 00:40:50',NULL),(47,24.99,'{\"7\":\"family\",\"8\":\"thin-crust\"}','',0,0,0,10,'2021-03-17 00:40:50','2021-03-17 00:40:50',NULL),(48,25.99,'{\"7\":\"family\",\"8\":\"double-decker\"}','',0,0,0,10,'2021-03-17 00:40:50','2021-03-17 00:40:50',NULL),(49,14.99,'{\"9\":\"small\",\"10\":\"hand-tosset\"}','',0,0,0,11,'2021-03-17 00:40:50','2021-03-17 00:40:50',NULL),(50,15.99,'{\"9\":\"small\",\"10\":\"thin-crust\"}','',0,0,0,11,'2021-03-17 00:40:50','2021-03-17 00:40:50',NULL),(51,16.99,'{\"9\":\"small\",\"10\":\"double-decker\"}','',0,0,0,11,'2021-03-17 00:40:50','2021-03-17 00:40:50',NULL),(52,17.99,'{\"9\":\"medium\",\"10\":\"hand-tosset\"}','',0,0,0,11,'2021-03-17 00:40:50','2021-03-17 00:40:50',NULL),(53,18.99,'{\"9\":\"medium\",\"10\":\"thin-crust\"}','',0,0,0,11,'2021-03-17 00:40:50','2021-03-17 00:40:50',NULL),(54,19.99,'{\"9\":\"medium\",\"10\":\"double-decker\"}','',0,0,0,11,'2021-03-17 00:40:50','2021-03-17 00:40:50',NULL),(55,20.99,'{\"9\":\"large\",\"10\":\"hand-tosset\"}','',0,0,0,11,'2021-03-17 00:40:50','2021-03-17 00:40:50',NULL),(56,21.99,'{\"9\":\"large\",\"10\":\"thin-crust\"}','',0,0,0,11,'2021-03-17 00:40:50','2021-03-17 00:40:50',NULL),(57,22.99,'{\"9\":\"large\",\"10\":\"double-decker\"}','',0,0,0,11,'2021-03-17 00:40:50','2021-03-17 00:40:50',NULL),(58,23.99,'{\"9\":\"family\",\"10\":\"hand-tosset\"}','',0,0,0,11,'2021-03-17 00:40:50','2021-03-17 00:40:50',NULL),(59,24.99,'{\"9\":\"family\",\"10\":\"thin-crust\"}','',0,0,0,11,'2021-03-17 00:40:50','2021-03-17 00:40:50',NULL),(60,25.99,'{\"9\":\"family\",\"10\":\"double-decker\"}','',0,0,0,11,'2021-03-17 00:40:50','2021-03-17 00:40:50',NULL),(61,14.99,'{\"11\":\"small\",\"12\":\"hand-tosset\"}','',0,0,0,12,'2021-03-17 00:40:50','2021-03-17 00:40:50',NULL),(62,15.99,'{\"11\":\"small\",\"12\":\"thin-crust\"}','',0,0,0,12,'2021-03-17 00:40:50','2021-03-17 00:40:50',NULL),(63,16.99,'{\"11\":\"small\",\"12\":\"double-decker\"}','',0,0,0,12,'2021-03-17 00:40:50','2021-03-17 00:40:50',NULL),(64,17.99,'{\"11\":\"medium\",\"12\":\"hand-tosset\"}','',0,0,0,12,'2021-03-17 00:40:50','2021-03-17 00:40:50',NULL),(65,18.99,'{\"11\":\"medium\",\"12\":\"thin-crust\"}','',0,0,0,12,'2021-03-17 00:40:50','2021-03-17 00:40:50',NULL),(66,19.99,'{\"11\":\"medium\",\"12\":\"double-decker\"}','',0,0,0,12,'2021-03-17 00:40:50','2021-03-17 00:40:50',NULL),(67,20.99,'{\"11\":\"large\",\"12\":\"hand-tosset\"}','',0,0,0,12,'2021-03-17 00:40:50','2021-03-17 00:40:50',NULL),(68,21.99,'{\"11\":\"large\",\"12\":\"thin-crust\"}','',0,0,0,12,'2021-03-17 00:40:50','2021-03-17 00:40:50',NULL),(69,22.99,'{\"11\":\"large\",\"12\":\"double-decker\"}','',0,0,0,12,'2021-03-17 00:40:50','2021-03-17 00:40:50',NULL),(70,23.99,'{\"11\":\"family\",\"12\":\"hand-tosset\"}','',0,0,0,12,'2021-03-17 00:40:50','2021-03-17 00:40:50',NULL),(71,24.99,'{\"11\":\"family\",\"12\":\"thin-crust\"}','',0,0,0,12,'2021-03-17 00:40:50','2021-03-17 00:40:50',NULL),(72,25.99,'{\"11\":\"family\",\"12\":\"double-decker\"}','',0,0,0,12,'2021-03-17 00:40:50','2021-03-17 00:40:50',NULL),(73,10.49,'{\"13\":\"small\",\"14\":\"hand-tosset\"}','',0,0,0,13,'2021-03-17 00:40:50','2021-03-17 00:40:50',NULL),(74,11.49,'{\"13\":\"small\",\"14\":\"thin-crust\"}','',0,0,0,13,'2021-03-17 00:40:50','2021-03-17 00:40:50',NULL),(75,12.49,'{\"13\":\"small\",\"14\":\"double-decker\"}','',0,0,0,13,'2021-03-17 00:40:50','2021-03-17 00:40:50',NULL),(76,13.49,'{\"13\":\"medium\",\"14\":\"hand-tosset\"}','',0,0,0,13,'2021-03-17 00:40:50','2021-03-17 00:40:50',NULL),(77,14.49,'{\"13\":\"medium\",\"14\":\"thin-crust\"}','',0,0,0,13,'2021-03-17 00:40:50','2021-03-17 00:40:50',NULL),(78,15.49,'{\"13\":\"medium\",\"14\":\"double-decker\"}','',0,0,0,13,'2021-03-17 00:40:50','2021-03-17 00:40:50',NULL),(79,16.49,'{\"13\":\"large\",\"14\":\"hand-tosset\"}','',0,0,0,13,'2021-03-17 00:40:50','2021-03-17 00:40:50',NULL),(80,17.49,'{\"13\":\"large\",\"14\":\"thin-crust\"}','',0,0,0,13,'2021-03-17 00:40:50','2021-03-17 00:40:50',NULL),(81,18.49,'{\"13\":\"large\",\"14\":\"double-decker\"}','',0,0,0,13,'2021-03-17 00:40:50','2021-03-17 00:40:50',NULL),(82,19.49,'{\"13\":\"family\",\"14\":\"hand-tosset\"}','',0,0,0,13,'2021-03-17 00:40:50','2021-03-17 00:40:50',NULL),(83,20.49,'{\"13\":\"family\",\"14\":\"thin-crust\"}','',0,0,0,13,'2021-03-17 00:40:50','2021-03-17 00:40:50',NULL),(84,21.49,'{\"13\":\"family\",\"14\":\"double-decker\"}','',0,0,0,13,'2021-03-17 00:40:50','2021-03-17 00:40:50',NULL),(85,39.99,'{\"15\":\"small\",\"16\":\"hand-tosset\"}','',0,0,0,14,'2021-03-17 00:40:50','2021-03-17 00:40:50',NULL),(86,40.99,'{\"15\":\"small\",\"16\":\"thin-crust\"}','',0,0,0,14,'2021-03-17 00:40:50','2021-03-17 00:40:50',NULL),(87,41.99,'{\"15\":\"small\",\"16\":\"double-decker\"}','',0,0,0,14,'2021-03-17 00:40:50','2021-03-17 00:40:50',NULL),(88,42.99,'{\"15\":\"medium\",\"16\":\"hand-tosset\"}','',0,0,0,14,'2021-03-17 00:40:50','2021-03-17 00:40:50',NULL),(89,43.99,'{\"15\":\"medium\",\"16\":\"thin-crust\"}','',0,0,0,14,'2021-03-17 00:40:50','2021-03-17 00:40:50',NULL),(90,44.99,'{\"15\":\"medium\",\"16\":\"double-decker\"}','',0,0,0,14,'2021-03-17 00:40:50','2021-03-17 00:40:50',NULL),(91,45.99,'{\"15\":\"large\",\"16\":\"hand-tosset\"}','',0,0,0,14,'2021-03-17 00:40:50','2021-03-17 00:40:50',NULL),(92,46.99,'{\"15\":\"large\",\"16\":\"thin-crust\"}','',0,0,0,14,'2021-03-17 00:40:50','2021-03-17 00:40:50',NULL),(93,47.99,'{\"15\":\"large\",\"16\":\"double-decker\"}','',0,0,0,14,'2021-03-17 00:40:50','2021-03-17 00:40:50',NULL),(94,48.99,'{\"15\":\"family\",\"16\":\"hand-tosset\"}','',0,0,0,14,'2021-03-17 00:40:50','2021-03-17 00:40:50',NULL),(95,49.99,'{\"15\":\"family\",\"16\":\"thin-crust\"}','',0,0,0,14,'2021-03-17 00:40:50','2021-03-17 00:40:50',NULL),(96,50.99,'{\"15\":\"family\",\"16\":\"double-decker\"}','',0,0,0,14,'2021-03-17 00:40:50','2021-03-17 00:40:50',NULL),(97,14.99,'{\"17\":\"small\",\"18\":\"hand-tosset\"}','',0,0,0,15,'2021-03-17 00:40:50','2021-03-17 00:40:50',NULL),(98,15.99,'{\"17\":\"small\",\"18\":\"thin-crust\"}','',0,0,0,15,'2021-03-17 00:40:50','2021-03-17 00:40:50',NULL),(99,16.99,'{\"17\":\"small\",\"18\":\"double-decker\"}','',0,0,0,15,'2021-03-17 00:40:50','2021-03-17 00:40:50',NULL),(100,17.99,'{\"17\":\"medium\",\"18\":\"hand-tosset\"}','',0,0,0,15,'2021-03-17 00:40:50','2021-03-17 00:40:50',NULL),(101,18.99,'{\"17\":\"medium\",\"18\":\"thin-crust\"}','',0,0,0,15,'2021-03-17 00:40:50','2021-03-17 00:40:50',NULL),(102,19.99,'{\"17\":\"medium\",\"18\":\"double-decker\"}','',0,0,0,15,'2021-03-17 00:40:50','2021-03-17 00:40:50',NULL),(103,20.99,'{\"17\":\"large\",\"18\":\"hand-tosset\"}','',0,0,0,15,'2021-03-17 00:40:50','2021-03-17 00:40:50',NULL),(104,21.99,'{\"17\":\"large\",\"18\":\"thin-crust\"}','',0,0,0,15,'2021-03-17 00:40:50','2021-03-17 00:40:50',NULL),(105,22.99,'{\"17\":\"large\",\"18\":\"double-decker\"}','',0,0,0,15,'2021-03-17 00:40:50','2021-03-17 00:40:50',NULL),(106,23.99,'{\"17\":\"family\",\"18\":\"hand-tosset\"}','',0,0,0,15,'2021-03-17 00:40:50','2021-03-17 00:40:50',NULL),(107,24.99,'{\"17\":\"family\",\"18\":\"thin-crust\"}','',0,0,0,15,'2021-03-17 00:40:50','2021-03-17 00:40:50',NULL),(108,25.99,'{\"17\":\"family\",\"18\":\"double-decker\"}','',0,0,0,15,'2021-03-17 00:40:50','2021-03-17 00:40:50',NULL),(109,14.99,'{\"19\":\"small\",\"20\":\"hand-tosset\"}','',0,0,0,16,'2021-03-17 00:40:50','2021-03-17 00:40:50',NULL),(110,15.99,'{\"19\":\"small\",\"20\":\"thin-crust\"}','',0,0,0,16,'2021-03-17 00:40:50','2021-03-17 00:40:50',NULL),(111,16.99,'{\"19\":\"small\",\"20\":\"double-decker\"}','',0,0,0,16,'2021-03-17 00:40:50','2021-03-17 00:40:50',NULL),(112,17.99,'{\"19\":\"medium\",\"20\":\"hand-tosset\"}','',0,0,0,16,'2021-03-17 00:40:50','2021-03-17 00:40:50',NULL),(113,18.99,'{\"19\":\"medium\",\"20\":\"thin-crust\"}','',0,0,0,16,'2021-03-17 00:40:50','2021-03-17 00:40:50',NULL),(114,19.99,'{\"19\":\"medium\",\"20\":\"double-decker\"}','',0,0,0,16,'2021-03-17 00:40:50','2021-03-17 00:40:50',NULL),(115,20.99,'{\"19\":\"large\",\"20\":\"hand-tosset\"}','',0,0,0,16,'2021-03-17 00:40:50','2021-03-17 00:40:50',NULL),(116,21.99,'{\"19\":\"large\",\"20\":\"thin-crust\"}','',0,0,0,16,'2021-03-17 00:40:50','2021-03-17 00:40:50',NULL),(117,22.99,'{\"19\":\"large\",\"20\":\"double-decker\"}','',0,0,0,16,'2021-03-17 00:40:50','2021-03-17 00:40:50',NULL),(118,23.99,'{\"19\":\"family\",\"20\":\"hand-tosset\"}','',0,0,0,16,'2021-03-17 00:40:50','2021-03-17 00:40:50',NULL),(119,24.99,'{\"19\":\"family\",\"20\":\"thin-crust\"}','',0,0,0,16,'2021-03-17 00:40:50','2021-03-17 00:40:50',NULL),(120,25.99,'{\"19\":\"family\",\"20\":\"double-decker\"}','',0,0,0,16,'2021-03-17 00:40:50','2021-03-17 00:40:50',NULL),(121,14.99,'{\"21\":\"small\",\"22\":\"hand-tosset\"}','',0,0,0,17,'2021-03-17 00:40:50','2021-03-17 00:40:50',NULL),(122,15.99,'{\"21\":\"small\",\"22\":\"thin-crust\"}','',0,0,0,17,'2021-03-17 00:40:50','2021-03-17 00:40:50',NULL),(123,16.99,'{\"21\":\"small\",\"22\":\"double-decker\"}','',0,0,0,17,'2021-03-17 00:40:50','2021-03-17 00:40:50',NULL),(124,17.99,'{\"21\":\"medium\",\"22\":\"hand-tosset\"}','',0,0,0,17,'2021-03-17 00:40:50','2021-03-17 00:40:50',NULL),(125,18.99,'{\"21\":\"medium\",\"22\":\"thin-crust\"}','',0,0,0,17,'2021-03-17 00:40:50','2021-03-17 00:40:50',NULL),(126,19.99,'{\"21\":\"medium\",\"22\":\"double-decker\"}','',0,0,0,17,'2021-03-17 00:40:50','2021-03-17 00:40:50',NULL),(127,20.99,'{\"21\":\"large\",\"22\":\"hand-tosset\"}','',0,0,0,17,'2021-03-17 00:40:50','2021-03-17 00:40:50',NULL),(128,21.99,'{\"21\":\"large\",\"22\":\"thin-crust\"}','',0,0,0,17,'2021-03-17 00:40:50','2021-03-17 00:40:50',NULL),(129,22.99,'{\"21\":\"large\",\"22\":\"double-decker\"}','',0,0,0,17,'2021-03-17 00:40:50','2021-03-17 00:40:50',NULL),(130,23.99,'{\"21\":\"family\",\"22\":\"hand-tosset\"}','',0,0,0,17,'2021-03-17 00:40:50','2021-03-17 00:40:50',NULL),(131,24.99,'{\"21\":\"family\",\"22\":\"thin-crust\"}','',0,0,0,17,'2021-03-17 00:40:50','2021-03-17 00:40:50',NULL),(132,25.99,'{\"21\":\"family\",\"22\":\"double-decker\"}','',0,0,0,17,'2021-03-17 00:40:50','2021-03-17 00:40:50',NULL),(133,25.00,'{\"23\":\"p\"}','',0,0,0,344,'2021-08-09 13:49:39','2021-08-09 13:49:39',NULL),(134,30.00,'{\"23\":\"m\"}','',0,0,0,344,'2021-08-09 13:50:02','2021-08-09 13:50:02',NULL),(135,8.00,'{\"24\":\"catupiry\"}','',0,0,0,344,'2021-08-09 13:53:23','2021-08-09 13:56:07','2021-08-09 13:56:07'),(136,35.00,'{\"23\":\"g\"}','',0,0,0,344,'2021-08-09 13:59:16','2021-08-09 13:59:16',NULL),(137,45.00,'{\"23\":\"fa\"}','',0,0,0,344,'2021-08-09 13:59:37','2021-08-09 13:59:37',NULL),(138,76.00,'{\"23\":\"ex\"}','',0,0,0,344,'2021-08-09 13:59:55','2021-08-09 13:59:55',NULL);
/*!40000 ALTER TABLE `variants` ENABLE KEYS */;
UNLOCK TABLES;

--
-- Table structure for table `variants_has_extras`
--

DROP TABLE IF EXISTS `variants_has_extras`;
/*!40101 SET @saved_cs_client     = @@character_set_client */;
/*!40101 SET character_set_client = utf8 */;
CREATE TABLE `variants_has_extras` (
  `id` bigint(20) unsigned NOT NULL AUTO_INCREMENT,
  `created_at` timestamp NULL DEFAULT NULL,
  `updated_at` timestamp NULL DEFAULT NULL,
  `variant_id` bigint(20) unsigned NOT NULL,
  `extra_id` bigint(20) unsigned NOT NULL,
  PRIMARY KEY (`id`),
  KEY `variants_has_extras_variant_id_foreign` (`variant_id`),
  KEY `variants_has_extras_extra_id_foreign` (`extra_id`),
  CONSTRAINT `variants_has_extras_extra_id_foreign` FOREIGN KEY (`extra_id`) REFERENCES `extras` (`id`),
  CONSTRAINT `variants_has_extras_variant_id_foreign` FOREIGN KEY (`variant_id`) REFERENCES `variants` (`id`)
) ENGINE=InnoDB AUTO_INCREMENT=133 DEFAULT CHARSET=utf8mb4 COLLATE=utf8mb4_unicode_ci;
/*!40101 SET character_set_client = @saved_cs_client */;

--
-- Dumping data for table `variants_has_extras`
--

LOCK TABLES `variants_has_extras` WRITE;
/*!40000 ALTER TABLE `variants_has_extras` DISABLE KEYS */;
INSERT INTO `variants_has_extras` VALUES (1,'2021-03-17 00:40:49','2021-03-17 00:40:49',1,21),(2,'2021-03-17 00:40:49','2021-03-17 00:40:49',2,21),(3,'2021-03-17 00:40:49','2021-03-17 00:40:49',3,21),(4,'2021-03-17 00:40:49','2021-03-17 00:40:49',4,21),(5,'2021-03-17 00:40:49','2021-03-17 00:40:49',5,21),(6,'2021-03-17 00:40:49','2021-03-17 00:40:49',6,21),(7,'2021-03-17 00:40:49','2021-03-17 00:40:49',7,22),(8,'2021-03-17 00:40:49','2021-03-17 00:40:49',8,22),(9,'2021-03-17 00:40:49','2021-03-17 00:40:49',9,22),(10,'2021-03-17 00:40:49','2021-03-17 00:40:49',10,22),(11,'2021-03-17 00:40:49','2021-03-17 00:40:49',11,22),(12,'2021-03-17 00:40:49','2021-03-17 00:40:49',12,22),(13,'2021-03-17 00:40:49','2021-03-17 00:40:49',13,25),(14,'2021-03-17 00:40:49','2021-03-17 00:40:49',14,25),(15,'2021-03-17 00:40:49','2021-03-17 00:40:49',15,25),(16,'2021-03-17 00:40:49','2021-03-17 00:40:49',16,25),(17,'2021-03-17 00:40:49','2021-03-17 00:40:49',17,25),(18,'2021-03-17 00:40:49','2021-03-17 00:40:49',18,25),(19,'2021-03-17 00:40:49','2021-03-17 00:40:49',19,26),(20,'2021-03-17 00:40:49','2021-03-17 00:40:49',20,26),(21,'2021-03-17 00:40:49','2021-03-17 00:40:49',21,26),(22,'2021-03-17 00:40:49','2021-03-17 00:40:49',22,26),(23,'2021-03-17 00:40:49','2021-03-17 00:40:49',23,26),(24,'2021-03-17 00:40:49','2021-03-17 00:40:49',24,26),(25,'2021-03-17 00:40:49','2021-03-17 00:40:49',25,29),(26,'2021-03-17 00:40:49','2021-03-17 00:40:49',26,29),(27,'2021-03-17 00:40:49','2021-03-17 00:40:49',27,29),(28,'2021-03-17 00:40:49','2021-03-17 00:40:49',28,29),(29,'2021-03-17 00:40:49','2021-03-17 00:40:49',29,29),(30,'2021-03-17 00:40:49','2021-03-17 00:40:49',30,29),(31,'2021-03-17 00:40:49','2021-03-17 00:40:49',31,30),(32,'2021-03-17 00:40:49','2021-03-17 00:40:49',32,30),(33,'2021-03-17 00:40:49','2021-03-17 00:40:49',33,30),(34,'2021-03-17 00:40:49','2021-03-17 00:40:49',34,30),(35,'2021-03-17 00:40:49','2021-03-17 00:40:49',35,30),(36,'2021-03-17 00:40:49','2021-03-17 00:40:49',36,30),(37,'2021-03-17 00:40:50','2021-03-17 00:40:50',37,33),(38,'2021-03-17 00:40:50','2021-03-17 00:40:50',38,33),(39,'2021-03-17 00:40:50','2021-03-17 00:40:50',39,33),(40,'2021-03-17 00:40:50','2021-03-17 00:40:50',40,33),(41,'2021-03-17 00:40:50','2021-03-17 00:40:50',41,33),(42,'2021-03-17 00:40:50','2021-03-17 00:40:50',42,33),(43,'2021-03-17 00:40:50','2021-03-17 00:40:50',43,34),(44,'2021-03-17 00:40:50','2021-03-17 00:40:50',44,34),(45,'2021-03-17 00:40:50','2021-03-17 00:40:50',45,34),(46,'2021-03-17 00:40:50','2021-03-17 00:40:50',46,34),(47,'2021-03-17 00:40:50','2021-03-17 00:40:50',47,34),(48,'2021-03-17 00:40:50','2021-03-17 00:40:50',48,34),(49,'2021-03-17 00:40:50','2021-03-17 00:40:50',49,37),(50,'2021-03-17 00:40:50','2021-03-17 00:40:50',50,37),(51,'2021-03-17 00:40:50','2021-03-17 00:40:50',51,37),(52,'2021-03-17 00:40:50','2021-03-17 00:40:50',52,37),(53,'2021-03-17 00:40:50','2021-03-17 00:40:50',53,37),(54,'2021-03-17 00:40:50','2021-03-17 00:40:50',54,37),(55,'2021-03-17 00:40:50','2021-03-17 00:40:50',55,38),(56,'2021-03-17 00:40:50','2021-03-17 00:40:50',56,38),(57,'2021-03-17 00:40:50','2021-03-17 00:40:50',57,38),(58,'2021-03-17 00:40:50','2021-03-17 00:40:50',58,38),(59,'2021-03-17 00:40:50','2021-03-17 00:40:50',59,38),(60,'2021-03-17 00:40:50','2021-03-17 00:40:50',60,38),(61,'2021-03-17 00:40:50','2021-03-17 00:40:50',61,41),(62,'2021-03-17 00:40:50','2021-03-17 00:40:50',62,41),(63,'2021-03-17 00:40:50','2021-03-17 00:40:50',63,41),(64,'2021-03-17 00:40:50','2021-03-17 00:40:50',64,41),(65,'2021-03-17 00:40:50','2021-03-17 00:40:50',65,41),(66,'2021-03-17 00:40:50','2021-03-17 00:40:50',66,41),(67,'2021-03-17 00:40:50','2021-03-17 00:40:50',67,42),(68,'2021-03-17 00:40:50','2021-03-17 00:40:50',68,42),(69,'2021-03-17 00:40:50','2021-03-17 00:40:50',69,42),(70,'2021-03-17 00:40:50','2021-03-17 00:40:50',70,42),(71,'2021-03-17 00:40:50','2021-03-17 00:40:50',71,42),(72,'2021-03-17 00:40:50','2021-03-17 00:40:50',72,42),(73,'2021-03-17 00:40:50','2021-03-17 00:40:50',73,45),(74,'2021-03-17 00:40:50','2021-03-17 00:40:50',74,45),(75,'2021-03-17 00:40:50','2021-03-17 00:40:50',75,45),(76,'2021-03-17 00:40:50','2021-03-17 00:40:50',76,45),(77,'2021-03-17 00:40:50','2021-03-17 00:40:50',77,45),(78,'2021-03-17 00:40:50','2021-03-17 00:40:50',78,45),(79,'2021-03-17 00:40:50','2021-03-17 00:40:50',79,46),(80,'2021-03-17 00:40:50','2021-03-17 00:40:50',80,46),(81,'2021-03-17 00:40:50','2021-03-17 00:40:50',81,46),(82,'2021-03-17 00:40:50','2021-03-17 00:40:50',82,46),(83,'2021-03-17 00:40:50','2021-03-17 00:40:50',83,46),(84,'2021-03-17 00:40:50','2021-03-17 00:40:50',84,46),(85,'2021-03-17 00:40:50','2021-03-17 00:40:50',85,49),(86,'2021-03-17 00:40:50','2021-03-17 00:40:50',86,49),(87,'2021-03-17 00:40:50','2021-03-17 00:40:50',87,49),(88,'2021-03-17 00:40:50','2021-03-17 00:40:50',88,49),(89,'2021-03-17 00:40:50','2021-03-17 00:40:50',89,49),(90,'2021-03-17 00:40:50','2021-03-17 00:40:50',90,49),(91,'2021-03-17 00:40:50','2021-03-17 00:40:50',91,50),(92,'2021-03-17 00:40:50','2021-03-17 00:40:50',92,50),(93,'2021-03-17 00:40:50','2021-03-17 00:40:50',93,50),(94,'2021-03-17 00:40:50','2021-03-17 00:40:50',94,50),(95,'2021-03-17 00:40:50','2021-03-17 00:40:50',95,50),(96,'2021-03-17 00:40:50','2021-03-17 00:40:50',96,50),(97,'2021-03-17 00:40:50','2021-03-17 00:40:50',97,53),(98,'2021-03-17 00:40:50','2021-03-17 00:40:50',98,53),(99,'2021-03-17 00:40:50','2021-03-17 00:40:50',99,53),(100,'2021-03-17 00:40:50','2021-03-17 00:40:50',100,53),(101,'2021-03-17 00:40:50','2021-03-17 00:40:50',101,53),(102,'2021-03-17 00:40:50','2021-03-17 00:40:50',102,53),(103,'2021-03-17 00:40:50','2021-03-17 00:40:50',103,54),(104,'2021-03-17 00:40:50','2021-03-17 00:40:50',104,54),(105,'2021-03-17 00:40:50','2021-03-17 00:40:50',105,54),(106,'2021-03-17 00:40:50','2021-03-17 00:40:50',106,54),(107,'2021-03-17 00:40:50','2021-03-17 00:40:50',107,54),(108,'2021-03-17 00:40:50','2021-03-17 00:40:50',108,54),(109,'2021-03-17 00:40:50','2021-03-17 00:40:50',109,57),(110,'2021-03-17 00:40:50','2021-03-17 00:40:50',110,57),(111,'2021-03-17 00:40:50','2021-03-17 00:40:50',111,57),(112,'2021-03-17 00:40:50','2021-03-17 00:40:50',112,57),(113,'2021-03-17 00:40:50','2021-03-17 00:40:50',113,57),(114,'2021-03-17 00:40:50','2021-03-17 00:40:50',114,57),(115,'2021-03-17 00:40:50','2021-03-17 00:40:50',115,58),(116,'2021-03-17 00:40:50','2021-03-17 00:40:50',116,58),(117,'2021-03-17 00:40:50','2021-03-17 00:40:50',117,58),(118,'2021-03-17 00:40:50','2021-03-17 00:40:50',118,58),(119,'2021-03-17 00:40:50','2021-03-17 00:40:50',119,58),(120,'2021-03-17 00:40:50','2021-03-17 00:40:50',120,58),(121,'2021-03-17 00:40:50','2021-03-17 00:40:50',121,61),(122,'2021-03-17 00:40:50','2021-03-17 00:40:50',122,61),(123,'2021-03-17 00:40:50','2021-03-17 00:40:50',123,61),(124,'2021-03-17 00:40:50','2021-03-17 00:40:50',124,61),(125,'2021-03-17 00:40:50','2021-03-17 00:40:50',125,61),(126,'2021-03-17 00:40:50','2021-03-17 00:40:50',126,61),(127,'2021-03-17 00:40:50','2021-03-17 00:40:50',127,62),(128,'2021-03-17 00:40:50','2021-03-17 00:40:50',128,62),(129,'2021-03-17 00:40:50','2021-03-17 00:40:50',129,62),(130,'2021-03-17 00:40:50','2021-03-17 00:40:50',130,62),(131,'2021-03-17 00:40:50','2021-03-17 00:40:50',131,62),(132,'2021-03-17 00:40:50','2021-03-17 00:40:50',132,62);
/*!40000 ALTER TABLE `variants_has_extras` ENABLE KEYS */;
UNLOCK TABLES;

--
-- Table structure for table `visits`
--

DROP TABLE IF EXISTS `visits`;
/*!40101 SET @saved_cs_client     = @@character_set_client */;
/*!40101 SET character_set_client = utf8 */;
CREATE TABLE `visits` (
  `id` bigint(20) unsigned NOT NULL AUTO_INCREMENT,
  `name` varchar(191) COLLATE utf8mb4_unicode_ci NOT NULL,
  `email` varchar(191) COLLATE utf8mb4_unicode_ci DEFAULT NULL,
  `phone_number` varchar(191) COLLATE utf8mb4_unicode_ci DEFAULT NULL,
  `note` varchar(191) COLLATE utf8mb4_unicode_ci DEFAULT NULL,
  `restaurant_id` bigint(20) unsigned NOT NULL,
  `table_id` bigint(20) unsigned DEFAULT NULL,
  `by` int(11) NOT NULL DEFAULT 1 COMMENT '1 - Owner, 0 - Client Himself',
  `created_at` timestamp NULL DEFAULT NULL,
  `updated_at` timestamp NULL DEFAULT NULL,
  `deleted_at` timestamp NULL DEFAULT NULL,
  PRIMARY KEY (`id`),
  KEY `visits_restaurant_id_foreign` (`restaurant_id`),
  CONSTRAINT `visits_restaurant_id_foreign` FOREIGN KEY (`restaurant_id`) REFERENCES `restorants` (`id`)
) ENGINE=InnoDB DEFAULT CHARSET=utf8mb4 COLLATE=utf8mb4_unicode_ci;
/*!40101 SET character_set_client = @saved_cs_client */;

--
-- Dumping data for table `visits`
--

LOCK TABLES `visits` WRITE;
/*!40000 ALTER TABLE `visits` DISABLE KEYS */;
/*!40000 ALTER TABLE `visits` ENABLE KEYS */;
UNLOCK TABLES;

--
-- Table structure for table `whatsapp_message`
--

DROP TABLE IF EXISTS `whatsapp_message`;
/*!40101 SET @saved_cs_client     = @@character_set_client */;
/*!40101 SET character_set_client = utf8 */;
CREATE TABLE `whatsapp_message` (
  `id` bigint(20) unsigned NOT NULL AUTO_INCREMENT,
  `restorant_id` bigint(20) unsigned NOT NULL,
  `parameter` varchar(191) COLLATE utf8mb4_unicode_ci NOT NULL,
  `message` varchar(191) COLLATE utf8mb4_unicode_ci NOT NULL,
  `created_at` timestamp NULL DEFAULT NULL,
  `updated_at` timestamp NULL DEFAULT NULL,
  PRIMARY KEY (`id`),
  UNIQUE KEY `whatsapp_message_restorant_id_parameter_unique` (`restorant_id`,`parameter`),
  KEY `whatsapp_message_restorant_id_parameter_index` (`restorant_id`,`parameter`)
) ENGINE=InnoDB AUTO_INCREMENT=12 DEFAULT CHARSET=utf8mb4 COLLATE=utf8mb4_unicode_ci;
/*!40101 SET character_set_client = @saved_cs_client */;

--
-- Dumping data for table `whatsapp_message`
--

LOCK TABLES `whatsapp_message` WRITE;
/*!40000 ALTER TABLE `whatsapp_message` DISABLE KEYS */;
INSERT INTO `whatsapp_message` VALUES (9,1,'5','A sua ordem ja foi preparada e vamos chamar o motorista','2021-05-11 13:43:47','2021-05-18 16:57:13'),(10,1,'1','Bem vindo ao restaurante 0 Grau\r\nConfira o que voc pediu enquanto confirmamos o seu pedido','2021-05-11 13:43:47','2021-05-13 14:25:37'),(11,1,'2','aceitamos o seu pedido','2021-05-11 13:43:47','2021-05-11 13:43:47');
/*!40000 ALTER TABLE `whatsapp_message` ENABLE KEYS */;
UNLOCK TABLES;

--
-- Current Database: `cypto-bot`
--

CREATE DATABASE /*!32312 IF NOT EXISTS*/ `cypto-bot` /*!40100 DEFAULT CHARACTER SET utf8mb4 */;

USE `cypto-bot`;

--
-- Table structure for table `multiples_targets`
--

DROP TABLE IF EXISTS `multiples_targets`;
/*!40101 SET @saved_cs_client     = @@character_set_client */;
/*!40101 SET character_set_client = utf8 */;
CREATE TABLE `multiples_targets` (
  `id` int(11) NOT NULL AUTO_INCREMENT,
  `pair_id` int(11) NOT NULL,
  `entry_value` float NOT NULL,
  `payed` float DEFAULT NULL,
  `user_id` int(11) NOT NULL,
  `target_1` float NOT NULL,
  `target_2` float NOT NULL,
  `target_3` float NOT NULL,
  `reached` float DEFAULT 0,
  `order_id_generated` int(11) DEFAULT NULL,
  `balance` float NOT NULL,
  `stop` float NOT NULL,
  `stop_up` float NOT NULL,
  `finished` int(1) NOT NULL DEFAULT 0,
  `created_at` timestamp NOT NULL DEFAULT current_timestamp() ON UPDATE current_timestamp(),
  `updated_at` timestamp NOT NULL DEFAULT '0000-00-00 00:00:00',
  PRIMARY KEY (`id`),
  KEY `pair_id` (`pair_id`),
  CONSTRAINT `fk_pair_3` FOREIGN KEY (`pair_id`) REFERENCES `pairs` (`id`)
) ENGINE=InnoDB AUTO_INCREMENT=2 DEFAULT CHARSET=utf8mb4;
/*!40101 SET character_set_client = @saved_cs_client */;

--
-- Dumping data for table `multiples_targets`
--

LOCK TABLES `multiples_targets` WRITE;
/*!40000 ALTER TABLE `multiples_targets` DISABLE KEYS */;
INSERT INTO `multiples_targets` VALUES (1,1,0.99,NULL,1,1.001,1.002,1.003,0,NULL,1,0.97,0.01,0,'2020-12-14 13:16:30','0000-00-00 00:00:00');
/*!40000 ALTER TABLE `multiples_targets` ENABLE KEYS */;
UNLOCK TABLES;

--
-- Table structure for table `orders`
--

DROP TABLE IF EXISTS `orders`;
/*!40101 SET @saved_cs_client     = @@character_set_client */;
/*!40101 SET character_set_client = utf8 */;
CREATE TABLE `orders` (
  `id` bigint(20) NOT NULL AUTO_INCREMENT,
  `user_id` int(11) NOT NULL,
  `order_id` int(11) NOT NULL,
  `type_of` varchar(50) NOT NULL,
  `pair_id` int(11) NOT NULL,
  `amount` float NOT NULL,
  `payed` decimal(10,5) NOT NULL,
  `created_at` timestamp NOT NULL DEFAULT current_timestamp() ON UPDATE current_timestamp(),
  `updated_at` timestamp NOT NULL DEFAULT '0000-00-00 00:00:00',
  PRIMARY KEY (`id`),
  KEY `pair_id` (`pair_id`),
  CONSTRAINT `fk_pair_2` FOREIGN KEY (`pair_id`) REFERENCES `pairs` (`id`)
) ENGINE=InnoDB DEFAULT CHARSET=utf8mb4;
/*!40101 SET character_set_client = @saved_cs_client */;

--
-- Dumping data for table `orders`
--

LOCK TABLES `orders` WRITE;
/*!40000 ALTER TABLE `orders` DISABLE KEYS */;
/*!40000 ALTER TABLE `orders` ENABLE KEYS */;
UNLOCK TABLES;

--
-- Table structure for table `pairs`
--

DROP TABLE IF EXISTS `pairs`;
/*!40101 SET @saved_cs_client     = @@character_set_client */;
/*!40101 SET character_set_client = utf8 */;
CREATE TABLE `pairs` (
  `id` int(11) NOT NULL AUTO_INCREMENT,
  `pair` varchar(20) NOT NULL,
  `main_coin` varchar(20) NOT NULL,
  `sec_coin` varchar(20) NOT NULL,
  `min_quantity` float NOT NULL,
  PRIMARY KEY (`id`)
) ENGINE=InnoDB AUTO_INCREMENT=3 DEFAULT CHARSET=utf8mb4;
/*!40101 SET character_set_client = @saved_cs_client */;

--
-- Dumping data for table `pairs`
--

LOCK TABLES `pairs` WRITE;
/*!40000 ALTER TABLE `pairs` DISABLE KEYS */;
INSERT INTO `pairs` VALUES (1,'TUSD/USDT','USDT','TUSD',10);
/*!40000 ALTER TABLE `pairs` ENABLE KEYS */;
UNLOCK TABLES;

--
-- Table structure for table `prices`
--

DROP TABLE IF EXISTS `prices`;
/*!40101 SET @saved_cs_client     = @@character_set_client */;
/*!40101 SET character_set_client = utf8 */;
CREATE TABLE `prices` (
  `id` bigint(20) NOT NULL AUTO_INCREMENT,
  `bid` double(15,10) NOT NULL,
  `ask` double(15,10) NOT NULL,
  `pair_id` int(11) NOT NULL,
  `date_symbol` varchar(30) DEFAULT NULL,
  `timestamp_symbol` bigint(20) NOT NULL DEFAULT current_timestamp(),
  PRIMARY KEY (`id`),
  KEY `pair_id` (`pair_id`),
  CONSTRAINT `fk_pair_1` FOREIGN KEY (`pair_id`) REFERENCES `pairs` (`id`)
) ENGINE=InnoDB DEFAULT CHARSET=utf8mb4;
/*!40101 SET character_set_client = @saved_cs_client */;

--
-- Dumping data for table `prices`
--

LOCK TABLES `prices` WRITE;
/*!40000 ALTER TABLE `prices` DISABLE KEYS */;
/*!40000 ALTER TABLE `prices` ENABLE KEYS */;
UNLOCK TABLES;

--
-- Table structure for table `single_target`
--

DROP TABLE IF EXISTS `single_target`;
/*!40101 SET @saved_cs_client     = @@character_set_client */;
/*!40101 SET character_set_client = utf8 */;
CREATE TABLE `single_target` (
  `id` int(11) NOT NULL AUTO_INCREMENT,
  `user_id` int(11) NOT NULL,
  `pair_id` int(11) NOT NULL,
  `order_id_generated` int(11) DEFAULT NULL,
  `balance` float(11,10) NOT NULL,
  `entry_value` float NOT NULL,
  `payed` float DEFAULT NULL,
  `target` float NOT NULL,
  `stop` float NOT NULL,
  `stop_up` float NOT NULL,
  `finished` int(1) NOT NULL DEFAULT 0,
  `created_at` timestamp NOT NULL DEFAULT current_timestamp() ON UPDATE current_timestamp(),
  `updated_at` timestamp NOT NULL DEFAULT '0000-00-00 00:00:00',
  PRIMARY KEY (`id`),
  KEY `user_id` (`user_id`,`pair_id`),
  KEY `fk_pair` (`pair_id`),
  CONSTRAINT `fk_pair` FOREIGN KEY (`pair_id`) REFERENCES `pairs` (`id`)
) ENGINE=InnoDB AUTO_INCREMENT=2 DEFAULT CHARSET=utf8mb4;
/*!40101 SET character_set_client = @saved_cs_client */;

--
-- Dumping data for table `single_target`
--

LOCK TABLES `single_target` WRITE;
/*!40000 ALTER TABLE `single_target` DISABLE KEYS */;
INSERT INTO `single_target` VALUES (1,1,1,NULL,0.6999999881,0.99,NULL,1.12033,1.11033,0.01,0,'2020-12-14 13:11:54','2020-12-14 17:03:38');
/*!40000 ALTER TABLE `single_target` ENABLE KEYS */;
UNLOCK TABLES;

--
-- Current Database: `db2`
--

CREATE DATABASE /*!32312 IF NOT EXISTS*/ `db2` /*!40100 DEFAULT CHARACTER SET utf8mb4 */;

USE `db2`;

--
-- Table structure for table `phoenix_log`
--

DROP TABLE IF EXISTS `phoenix_log`;
/*!40101 SET @saved_cs_client     = @@character_set_client */;
/*!40101 SET character_set_client = utf8 */;
CREATE TABLE `phoenix_log` (
  `id` int(11) NOT NULL AUTO_INCREMENT,
  `migration_datetime` varchar(255) NOT NULL,
  `classname` varchar(255) NOT NULL,
  `executed_at` datetime NOT NULL,
  PRIMARY KEY (`id`)
) ENGINE=InnoDB AUTO_INCREMENT=2 DEFAULT CHARSET=utf8;
/*!40101 SET character_set_client = @saved_cs_client */;

--
-- Dumping data for table `phoenix_log`
--

LOCK TABLES `phoenix_log` WRITE;
/*!40000 ALTER TABLE `phoenix_log` DISABLE KEYS */;
INSERT INTO `phoenix_log` VALUES (1,'20220122165724','\\UpdateArticleFixtures','2022-01-22 17:09:06');
/*!40000 ALTER TABLE `phoenix_log` ENABLE KEYS */;
UNLOCK TABLES;

--
-- Table structure for table `quote`
--

DROP TABLE IF EXISTS `quote`;
/*!40101 SET @saved_cs_client     = @@character_set_client */;
/*!40101 SET character_set_client = utf8 */;
CREATE TABLE `quote` (
  `id` int(11) NOT NULL AUTO_INCREMENT,
  `user_id` varchar(255) NOT NULL,
  `name` varchar(255) NOT NULL,
  `symbol` varchar(255) NOT NULL,
  `open` float(10,0) NOT NULL,
  `high` float(10,0) NOT NULL,
  `low` float(10,0) NOT NULL,
  `close` float(10,0) NOT NULL,
  `created_at` datetime NOT NULL,
  `updated_at` datetime NOT NULL,
  PRIMARY KEY (`id`)
) ENGINE=InnoDB AUTO_INCREMENT=6 DEFAULT CHARSET=utf8;
/*!40101 SET character_set_client = @saved_cs_client */;

--
-- Dumping data for table `quote`
--

LOCK TABLES `quote` WRITE;
/*!40000 ALTER TABLE `quote` DISABLE KEYS */;
INSERT INTO `quote` VALUES (1,'1','APPLE','AAPL.US',164,166,162,162,'2022-01-22 17:11:37','2022-01-22 17:11:37'),(2,'1','APPLE','AAPL.US',164,166,162,162,'2022-01-22 17:12:01','2022-01-22 17:12:01'),(3,'1','APPLE','AAPL.US',164,166,162,162,'2022-01-22 17:12:44','2022-01-22 17:12:44'),(4,'1','APPLE','AAPL.US',164,166,162,162,'2022-01-22 17:13:53','2022-01-22 17:13:53'),(5,'1','APPLE','AAPL.US',164,166,162,162,'2022-01-22 17:29:35','2022-01-22 17:29:35');
/*!40000 ALTER TABLE `quote` ENABLE KEYS */;
UNLOCK TABLES;

--
-- Table structure for table `users`
--

DROP TABLE IF EXISTS `users`;
/*!40101 SET @saved_cs_client     = @@character_set_client */;
/*!40101 SET character_set_client = utf8 */;
CREATE TABLE `users` (
  `id` int(11) NOT NULL AUTO_INCREMENT,
  `name` varchar(255) NOT NULL,
  `user` varchar(255) NOT NULL,
  `pass` varchar(255) NOT NULL,
  `created_at` datetime NOT NULL,
  `updated_at` datetime NOT NULL,
  PRIMARY KEY (`id`),
  UNIQUE KEY `idx_users_user` (`user`)
) ENGINE=InnoDB AUTO_INCREMENT=2 DEFAULT CHARSET=utf8;
/*!40101 SET character_set_client = @saved_cs_client */;

--
-- Dumping data for table `users`
--

LOCK TABLES `users` WRITE;
/*!40000 ALTER TABLE `users` DISABLE KEYS */;
INSERT INTO `users` VALUES (1,'marcel','test','ae2b1fca515949e5d54fb22b8ed95575','2022-01-22 17:13:43','2022-01-22 17:13:43');
/*!40000 ALTER TABLE `users` ENABLE KEYS */;
UNLOCK TABLES;

--
-- Current Database: `meu-site`
--

CREATE DATABASE /*!32312 IF NOT EXISTS*/ `meu-site` /*!40100 DEFAULT CHARACTER SET utf8mb4 */;

USE `meu-site`;

--
-- Table structure for table `phoenix_log`
--

DROP TABLE IF EXISTS `phoenix_log`;
/*!40101 SET @saved_cs_client     = @@character_set_client */;
/*!40101 SET character_set_client = utf8 */;
CREATE TABLE `phoenix_log` (
  `id` int(11) NOT NULL AUTO_INCREMENT,
  `migration_datetime` varchar(255) NOT NULL,
  `classname` varchar(255) NOT NULL,
  `executed_at` datetime NOT NULL,
  PRIMARY KEY (`id`)
) ENGINE=InnoDB DEFAULT CHARSET=utf8;
/*!40101 SET character_set_client = @saved_cs_client */;

--
-- Dumping data for table `phoenix_log`
--

LOCK TABLES `phoenix_log` WRITE;
/*!40000 ALTER TABLE `phoenix_log` DISABLE KEYS */;
/*!40000 ALTER TABLE `phoenix_log` ENABLE KEYS */;
UNLOCK TABLES;

--
-- Table structure for table `quote`
--

DROP TABLE IF EXISTS `quote`;
/*!40101 SET @saved_cs_client     = @@character_set_client */;
/*!40101 SET character_set_client = utf8 */;
CREATE TABLE `quote` (
  `id` int(11) NOT NULL AUTO_INCREMENT,
  `user_id` int(11) NOT NULL,
  `name` varchar(20) NOT NULL,
  `symbol` varchar(20) NOT NULL,
  `open` float NOT NULL,
  `high` float NOT NULL,
  `low` float NOT NULL,
  `close` float NOT NULL,
  `updated_at` datetime NOT NULL,
  `created_at` datetime NOT NULL,
  PRIMARY KEY (`id`)
) ENGINE=InnoDB AUTO_INCREMENT=27 DEFAULT CHARSET=utf8mb4;
/*!40101 SET character_set_client = @saved_cs_client */;

--
-- Dumping data for table `quote`
--

LOCK TABLES `quote` WRITE;
/*!40000 ALTER TABLE `quote` DISABLE KEYS */;
INSERT INTO `quote` VALUES (1,1,'APPLE','AAPL.US',164.415,166.33,162.3,162.41,'2022-01-22 08:09:55','2022-01-22 08:09:55'),(2,1,'APPLE','AAPL.US',164.415,166.33,162.3,162.41,'2022-01-22 08:40:23','2022-01-22 08:40:23'),(3,1,'APPLE','AAPL.US',164.415,166.33,162.3,162.41,'2022-01-22 08:41:50','2022-01-22 08:41:50'),(4,1,'APPLE','AAPL.US',164.415,166.33,162.3,162.41,'2022-01-22 08:43:41','2022-01-22 08:43:41'),(5,1,'APPLE','AAPL.US',164.415,166.33,162.3,162.41,'2022-01-22 08:58:57','2022-01-22 08:58:57'),(6,1,'APPLE','AAPL.US',164.415,166.33,162.3,162.41,'2022-01-22 09:01:19','2022-01-22 09:01:19'),(7,1,'APPLE','AAPL.US',164.415,166.33,162.3,162.41,'2022-01-22 09:02:16','2022-01-22 09:02:16'),(8,1,'APPLE','AAPL.US',164.415,166.33,162.3,162.41,'2022-01-22 09:10:08','2022-01-22 09:10:08'),(9,1,'APPLE','AAPL.US',164.415,166.33,162.3,162.41,'2022-01-22 09:11:49','2022-01-22 09:11:49'),(10,1,'APPLE','AAPL.US',164.415,166.33,162.3,162.41,'2022-01-22 09:13:18','2022-01-22 09:13:18'),(11,1,'APPLE','AAPL.US',164.415,166.33,162.3,162.41,'2022-01-22 09:16:18','2022-01-22 09:16:18'),(12,1,'APPLE','AAPL.US',164.415,166.33,162.3,162.41,'2022-01-22 09:21:42','2022-01-22 09:21:42'),(13,1,'APPLE','AAPL.US',164.415,166.33,162.3,162.41,'2022-01-22 09:28:25','2022-01-22 09:28:25'),(14,1,'APPLE','AAPL.US',164.415,166.33,162.3,162.41,'2022-01-22 09:31:01','2022-01-22 09:31:01'),(15,1,'APPLE','AAPL.US',164.415,166.33,162.3,162.41,'2022-01-22 09:33:33','2022-01-22 09:33:33'),(16,1,'APPLE','AAPL.US',164.415,166.33,162.3,162.41,'2022-01-22 09:33:59','2022-01-22 09:33:59'),(17,1,'APPLE','AAPL.US',164.415,166.33,162.3,162.41,'2022-01-22 09:34:47','2022-01-22 09:34:47'),(18,1,'APPLE','AAPL.US',164.415,166.33,162.3,162.41,'2022-01-22 09:39:26','2022-01-22 09:39:26'),(19,1,'APPLE','AAPL.US',164.415,166.33,162.3,162.41,'2022-01-22 09:41:21','2022-01-22 09:41:21'),(20,1,'APPLE','AAPL.US',164.415,166.33,162.3,162.41,'2022-01-22 09:42:14','2022-01-22 09:42:14'),(21,1,'APPLE','AAPL.US',164.415,166.33,162.3,162.41,'2022-01-22 09:43:15','2022-01-22 09:43:15'),(22,1,'APPLE','AAPL.US',164.415,166.33,162.3,162.41,'2022-01-22 09:45:00','2022-01-22 09:45:00'),(23,1,'APPLE','AAPL.US',164.415,166.33,162.3,162.41,'2022-01-22 09:45:45','2022-01-22 09:45:45'),(24,1,'APPLE','AAPL.US',164.415,166.33,162.3,162.41,'2022-01-22 09:53:48','2022-01-22 09:53:48'),(25,1,'APPLE','AAPL.US',164.415,166.33,162.3,162.41,'2022-01-22 16:25:22','2022-01-22 16:25:22'),(26,1,'APPLE','AAPL.US',164.415,166.33,162.3,162.41,'2022-01-22 16:25:50','2022-01-22 16:25:50');
/*!40000 ALTER TABLE `quote` ENABLE KEYS */;
UNLOCK TABLES;

--
-- Table structure for table `users`
--

DROP TABLE IF EXISTS `users`;
/*!40101 SET @saved_cs_client     = @@character_set_client */;
/*!40101 SET character_set_client = utf8 */;
CREATE TABLE `users` (
  `id` int(11) NOT NULL AUTO_INCREMENT,
  `name` varchar(40) NOT NULL,
  `user` varchar(40) NOT NULL,
  `pass` varchar(40) NOT NULL,
  `updated_at` datetime NOT NULL,
  `created_at` datetime NOT NULL,
  PRIMARY KEY (`id`)
) ENGINE=InnoDB AUTO_INCREMENT=6 DEFAULT CHARSET=utf8mb4;
/*!40101 SET character_set_client = @saved_cs_client */;

--
-- Dumping data for table `users`
--

LOCK TABLES `users` WRITE;
/*!40000 ALTER TABLE `users` DISABLE KEYS */;
INSERT INTO `users` VALUES (1,'VAAA','teste','123','0000-00-00 00:00:00','0000-00-00 00:00:00'),(2,'teste','teste','teste','2022-01-21 21:21:37','2022-01-21 21:21:37'),(3,'teste','teste','teste','2022-01-21 21:22:28','2022-01-21 21:22:28'),(4,'teste','test','testing','2022-01-21 21:22:46','2022-01-21 21:22:46'),(5,'teste de api','lo','goo','2022-01-21 21:55:28','2022-01-21 21:55:28');
/*!40000 ALTER TABLE `users` ENABLE KEYS */;
UNLOCK TABLES;

--
-- Current Database: `mysql`
--

CREATE DATABASE /*!32312 IF NOT EXISTS*/ `mysql` /*!40100 DEFAULT CHARACTER SET utf8mb4 */;

USE `mysql`;

--
-- Table structure for table `column_stats`
--

DROP TABLE IF EXISTS `column_stats`;
/*!40101 SET @saved_cs_client     = @@character_set_client */;
/*!40101 SET character_set_client = utf8 */;
CREATE TABLE `column_stats` (
  `db_name` varchar(64) COLLATE utf8_bin NOT NULL,
  `table_name` varchar(64) COLLATE utf8_bin NOT NULL,
  `column_name` varchar(64) COLLATE utf8_bin NOT NULL,
  `min_value` varbinary(255) DEFAULT NULL,
  `max_value` varbinary(255) DEFAULT NULL,
  `nulls_ratio` decimal(12,4) DEFAULT NULL,
  `avg_length` decimal(12,4) DEFAULT NULL,
  `avg_frequency` decimal(12,4) DEFAULT NULL,
  `hist_size` tinyint(3) unsigned DEFAULT NULL,
  `hist_type` enum('SINGLE_PREC_HB','DOUBLE_PREC_HB') COLLATE utf8_bin DEFAULT NULL,
  `histogram` varbinary(255) DEFAULT NULL,
  PRIMARY KEY (`db_name`,`table_name`,`column_name`)
) ENGINE=MyISAM DEFAULT CHARSET=utf8 COLLATE=utf8_bin COMMENT='Statistics on Columns';
/*!40101 SET character_set_client = @saved_cs_client */;

--
-- Dumping data for table `column_stats`
--

LOCK TABLES `column_stats` WRITE;
/*!40000 ALTER TABLE `column_stats` DISABLE KEYS */;
/*!40000 ALTER TABLE `column_stats` ENABLE KEYS */;
UNLOCK TABLES;

--
-- Table structure for table `columns_priv`
--

DROP TABLE IF EXISTS `columns_priv`;
/*!40101 SET @saved_cs_client     = @@character_set_client */;
/*!40101 SET character_set_client = utf8 */;
CREATE TABLE `columns_priv` (
  `Host` char(60) COLLATE utf8_bin NOT NULL DEFAULT '',
  `Db` char(64) COLLATE utf8_bin NOT NULL DEFAULT '',
  `User` char(80) COLLATE utf8_bin NOT NULL DEFAULT '',
  `Table_name` char(64) COLLATE utf8_bin NOT NULL DEFAULT '',
  `Column_name` char(64) COLLATE utf8_bin NOT NULL DEFAULT '',
  `Timestamp` timestamp NOT NULL DEFAULT current_timestamp() ON UPDATE current_timestamp(),
  `Column_priv` set('Select','Insert','Update','References') CHARACTER SET utf8 NOT NULL DEFAULT '',
  PRIMARY KEY (`Host`,`Db`,`User`,`Table_name`,`Column_name`)
) ENGINE=MyISAM DEFAULT CHARSET=utf8 COLLATE=utf8_bin COMMENT='Column privileges';
/*!40101 SET character_set_client = @saved_cs_client */;

--
-- Dumping data for table `columns_priv`
--

LOCK TABLES `columns_priv` WRITE;
/*!40000 ALTER TABLE `columns_priv` DISABLE KEYS */;
/*!40000 ALTER TABLE `columns_priv` ENABLE KEYS */;
UNLOCK TABLES;

--
-- Table structure for table `db`
--

DROP TABLE IF EXISTS `db`;
/*!40101 SET @saved_cs_client     = @@character_set_client */;
/*!40101 SET character_set_client = utf8 */;
CREATE TABLE `db` (
  `Host` char(60) COLLATE utf8_bin NOT NULL DEFAULT '',
  `Db` char(64) COLLATE utf8_bin NOT NULL DEFAULT '',
  `User` char(80) COLLATE utf8_bin NOT NULL DEFAULT '',
  `Select_priv` enum('N','Y') CHARACTER SET utf8 NOT NULL DEFAULT 'N',
  `Insert_priv` enum('N','Y') CHARACTER SET utf8 NOT NULL DEFAULT 'N',
  `Update_priv` enum('N','Y') CHARACTER SET utf8 NOT NULL DEFAULT 'N',
  `Delete_priv` enum('N','Y') CHARACTER SET utf8 NOT NULL DEFAULT 'N',
  `Create_priv` enum('N','Y') CHARACTER SET utf8 NOT NULL DEFAULT 'N',
  `Drop_priv` enum('N','Y') CHARACTER SET utf8 NOT NULL DEFAULT 'N',
  `Grant_priv` enum('N','Y') CHARACTER SET utf8 NOT NULL DEFAULT 'N',
  `References_priv` enum('N','Y') CHARACTER SET utf8 NOT NULL DEFAULT 'N',
  `Index_priv` enum('N','Y') CHARACTER SET utf8 NOT NULL DEFAULT 'N',
  `Alter_priv` enum('N','Y') CHARACTER SET utf8 NOT NULL DEFAULT 'N',
  `Create_tmp_table_priv` enum('N','Y') CHARACTER SET utf8 NOT NULL DEFAULT 'N',
  `Lock_tables_priv` enum('N','Y') CHARACTER SET utf8 NOT NULL DEFAULT 'N',
  `Create_view_priv` enum('N','Y') CHARACTER SET utf8 NOT NULL DEFAULT 'N',
  `Show_view_priv` enum('N','Y') CHARACTER SET utf8 NOT NULL DEFAULT 'N',
  `Create_routine_priv` enum('N','Y') CHARACTER SET utf8 NOT NULL DEFAULT 'N',
  `Alter_routine_priv` enum('N','Y') CHARACTER SET utf8 NOT NULL DEFAULT 'N',
  `Execute_priv` enum('N','Y') CHARACTER SET utf8 NOT NULL DEFAULT 'N',
  `Event_priv` enum('N','Y') CHARACTER SET utf8 NOT NULL DEFAULT 'N',
  `Trigger_priv` enum('N','Y') CHARACTER SET utf8 NOT NULL DEFAULT 'N',
  `Delete_history_priv` enum('N','Y') CHARACTER SET utf8 NOT NULL DEFAULT 'N',
  PRIMARY KEY (`Host`,`Db`,`User`),
  KEY `User` (`User`)
) ENGINE=MyISAM DEFAULT CHARSET=utf8 COLLATE=utf8_bin COMMENT='Database privileges';
/*!40101 SET character_set_client = @saved_cs_client */;

--
-- Dumping data for table `db`
--

LOCK TABLES `db` WRITE;
/*!40000 ALTER TABLE `db` DISABLE KEYS */;
INSERT INTO `db` VALUES ('localhost','phpmyadmin','phpmyadmin','Y','Y','Y','Y','Y','Y','N','Y','Y','Y','Y','Y','Y','Y','Y','Y','Y','Y','Y','Y');
/*!40000 ALTER TABLE `db` ENABLE KEYS */;
UNLOCK TABLES;

--
-- Table structure for table `event`
--

DROP TABLE IF EXISTS `event`;
/*!40101 SET @saved_cs_client     = @@character_set_client */;
/*!40101 SET character_set_client = utf8 */;
CREATE TABLE `event` (
  `db` char(64) CHARACTER SET utf8 COLLATE utf8_bin NOT NULL DEFAULT '',
  `name` char(64) NOT NULL DEFAULT '',
  `body` longblob NOT NULL,
  `definer` char(141) CHARACTER SET utf8 COLLATE utf8_bin NOT NULL DEFAULT '',
  `execute_at` datetime DEFAULT NULL,
  `interval_value` int(11) DEFAULT NULL,
  `interval_field` enum('YEAR','QUARTER','MONTH','DAY','HOUR','MINUTE','WEEK','SECOND','MICROSECOND','YEAR_MONTH','DAY_HOUR','DAY_MINUTE','DAY_SECOND','HOUR_MINUTE','HOUR_SECOND','MINUTE_SECOND','DAY_MICROSECOND','HOUR_MICROSECOND','MINUTE_MICROSECOND','SECOND_MICROSECOND') DEFAULT NULL,
  `created` timestamp NOT NULL DEFAULT current_timestamp() ON UPDATE current_timestamp(),
  `modified` timestamp NOT NULL DEFAULT '0000-00-00 00:00:00',
  `last_executed` datetime DEFAULT NULL,
  `starts` datetime DEFAULT NULL,
  `ends` datetime DEFAULT NULL,
  `status` enum('ENABLED','DISABLED','SLAVESIDE_DISABLED') NOT NULL DEFAULT 'ENABLED',
  `on_completion` enum('DROP','PRESERVE') NOT NULL DEFAULT 'DROP',
  `sql_mode` set('REAL_AS_FLOAT','PIPES_AS_CONCAT','ANSI_QUOTES','IGNORE_SPACE','IGNORE_BAD_TABLE_OPTIONS','ONLY_FULL_GROUP_BY','NO_UNSIGNED_SUBTRACTION','NO_DIR_IN_CREATE','POSTGRESQL','ORACLE','MSSQL','DB2','MAXDB','NO_KEY_OPTIONS','NO_TABLE_OPTIONS','NO_FIELD_OPTIONS','MYSQL323','MYSQL40','ANSI','NO_AUTO_VALUE_ON_ZERO','NO_BACKSLASH_ESCAPES','STRICT_TRANS_TABLES','STRICT_ALL_TABLES','NO_ZERO_IN_DATE','NO_ZERO_DATE','INVALID_DATES','ERROR_FOR_DIVISION_BY_ZERO','TRADITIONAL','NO_AUTO_CREATE_USER','HIGH_NOT_PRECEDENCE','NO_ENGINE_SUBSTITUTION','PAD_CHAR_TO_FULL_LENGTH','EMPTY_STRING_IS_NULL','SIMULTANEOUS_ASSIGNMENT') NOT NULL DEFAULT '',
  `comment` char(64) CHARACTER SET utf8 COLLATE utf8_bin NOT NULL DEFAULT '',
  `originator` int(10) unsigned NOT NULL,
  `time_zone` char(64) CHARACTER SET latin1 NOT NULL DEFAULT 'SYSTEM',
  `character_set_client` char(32) CHARACTER SET utf8 COLLATE utf8_bin DEFAULT NULL,
  `collation_connection` char(32) CHARACTER SET utf8 COLLATE utf8_bin DEFAULT NULL,
  `db_collation` char(32) CHARACTER SET utf8 COLLATE utf8_bin DEFAULT NULL,
  `body_utf8` longblob DEFAULT NULL,
  PRIMARY KEY (`db`,`name`)
) ENGINE=MyISAM DEFAULT CHARSET=utf8 COMMENT='Events';
/*!40101 SET character_set_client = @saved_cs_client */;

--
-- Table structure for table `func`
--

DROP TABLE IF EXISTS `func`;
/*!40101 SET @saved_cs_client     = @@character_set_client */;
/*!40101 SET character_set_client = utf8 */;
CREATE TABLE `func` (
  `name` char(64) COLLATE utf8_bin NOT NULL DEFAULT '',
  `ret` tinyint(1) NOT NULL DEFAULT 0,
  `dl` char(128) COLLATE utf8_bin NOT NULL DEFAULT '',
  `type` enum('function','aggregate') CHARACTER SET utf8 NOT NULL,
  PRIMARY KEY (`name`)
) ENGINE=MyISAM DEFAULT CHARSET=utf8 COLLATE=utf8_bin COMMENT='User defined functions';
/*!40101 SET character_set_client = @saved_cs_client */;

--
-- Dumping data for table `func`
--

LOCK TABLES `func` WRITE;
/*!40000 ALTER TABLE `func` DISABLE KEYS */;
/*!40000 ALTER TABLE `func` ENABLE KEYS */;
UNLOCK TABLES;

--
-- Table structure for table `gtid_slave_pos`
--

DROP TABLE IF EXISTS `gtid_slave_pos`;
/*!40101 SET @saved_cs_client     = @@character_set_client */;
/*!40101 SET character_set_client = utf8 */;
CREATE TABLE `gtid_slave_pos` (
  `domain_id` int(10) unsigned NOT NULL,
  `sub_id` bigint(20) unsigned NOT NULL,
  `server_id` int(10) unsigned NOT NULL,
  `seq_no` bigint(20) unsigned NOT NULL,
  PRIMARY KEY (`domain_id`,`sub_id`)
) ENGINE=InnoDB DEFAULT CHARSET=latin1 COMMENT='Replication slave GTID position';
/*!40101 SET character_set_client = @saved_cs_client */;

--
-- Dumping data for table `gtid_slave_pos`
--

LOCK TABLES `gtid_slave_pos` WRITE;
/*!40000 ALTER TABLE `gtid_slave_pos` DISABLE KEYS */;
/*!40000 ALTER TABLE `gtid_slave_pos` ENABLE KEYS */;
UNLOCK TABLES;

--
-- Table structure for table `help_category`
--

DROP TABLE IF EXISTS `help_category`;
/*!40101 SET @saved_cs_client     = @@character_set_client */;
/*!40101 SET character_set_client = utf8 */;
CREATE TABLE `help_category` (
  `help_category_id` smallint(5) unsigned NOT NULL,
  `name` char(64) NOT NULL,
  `parent_category_id` smallint(5) unsigned DEFAULT NULL,
  `url` text NOT NULL,
  PRIMARY KEY (`help_category_id`),
  UNIQUE KEY `name` (`name`)
) ENGINE=MyISAM DEFAULT CHARSET=utf8 COMMENT='help categories';
/*!40101 SET character_set_client = @saved_cs_client */;

--
-- Dumping data for table `help_category`
--

LOCK TABLES `help_category` WRITE;
/*!40000 ALTER TABLE `help_category` DISABLE KEYS */;
INSERT INTO `help_category` VALUES (1,'Geographic',0,''),(2,'Polygon properties',34,''),(3,'WKT',34,''),(4,'Numeric Functions',38,''),(5,'Plugins',35,''),(6,'MBR',34,''),(7,'Control flow functions',38,''),(8,'Transactions',35,''),(9,'Help Metadata',35,''),(10,'Account Management',35,''),(11,'Point properties',34,''),(12,'Encryption Functions',38,''),(13,'LineString properties',34,''),(14,'Miscellaneous Functions',38,''),(15,'Logical operators',38,''),(16,'Functions and Modifiers for Use with GROUP BY',35,''),(17,'Information Functions',38,''),(18,'Comparison operators',38,''),(19,'Bit Functions',38,''),(20,'Table Maintenance',35,''),(21,'User-Defined Functions',35,''),(22,'Data Types',35,''),(23,'Compound Statements',35,''),(24,'Geometry constructors',34,''),(25,'GeometryCollection properties',1,''),(26,'Administration',35,''),(27,'Data Manipulation',35,''),(28,'Utility',35,''),(29,'Language Structure',35,''),(30,'Geometry relations',34,''),(31,'Date and Time Functions',38,''),(32,'WKB',34,''),(33,'Procedures',35,''),(34,'Geographic Features',35,''),(35,'Contents',0,''),(36,'Geometry properties',34,''),(37,'String Functions',38,''),(38,'Functions',35,''),(39,'Data Definition',35,'');
/*!40000 ALTER TABLE `help_category` ENABLE KEYS */;
UNLOCK TABLES;

--
-- Table structure for table `help_keyword`
--

DROP TABLE IF EXISTS `help_keyword`;
/*!40101 SET @saved_cs_client     = @@character_set_client */;
/*!40101 SET character_set_client = utf8 */;
CREATE TABLE `help_keyword` (
  `help_keyword_id` int(10) unsigned NOT NULL,
  `name` char(64) NOT NULL,
  PRIMARY KEY (`help_keyword_id`),
  UNIQUE KEY `name` (`name`)
) ENGINE=MyISAM DEFAULT CHARSET=utf8 COMMENT='help keywords';
/*!40101 SET character_set_client = @saved_cs_client */;

--
-- Dumping data for table `help_keyword`
--

LOCK TABLES `help_keyword` WRITE;
/*!40000 ALTER TABLE `help_keyword` DISABLE KEYS */;
INSERT INTO `help_keyword` VALUES (0,'JOIN'),(1,'HOST'),(2,'REPEAT'),(3,'SERIALIZABLE'),(4,'REPLACE'),(5,'AT'),(6,'SCHEDULE'),(7,'RETURNS'),(8,'STARTS'),(9,'MASTER_SSL_CA'),(10,'NCHAR'),(11,'COLUMNS'),(12,'COMPLETION'),(13,'WORK'),(14,'DATETIME'),(15,'MODE'),(16,'OPEN'),(17,'INTEGER'),(18,'ESCAPE'),(19,'VALUE'),(20,'MASTER_SSL_VERIFY_SERVER_CERT'),(21,'SQL_BIG_RESULT'),(22,'DROP'),(23,'GEOMETRYCOLLECTIONFROMWKB'),(24,'EVENTS'),(25,'MONTH'),(26,'PROFILES'),(27,'DUPLICATE'),(28,'REPLICATION'),(29,'UNLOCK'),(30,'INNODB'),(31,'YEAR_MONTH'),(32,'SUBJECT'),(33,'PREPARE'),(34,'LOCK'),(35,'NDB'),(36,'CHECK'),(37,'FULL'),(38,'INT4'),(39,'BY'),(40,'NO'),(41,'MINUTE'),(42,'PARTITION'),(43,'DATA'),(44,'DAY'),(45,'SHARE'),(46,'REAL'),(47,'SEPARATOR'),(48,'MESSAGE_TEXT'),(49,'MASTER_HEARTBEAT_PERIOD'),(50,'DELETE'),(51,'ON'),(52,'COLUMN_NAME'),(53,'CONNECTION'),(54,'CLOSE'),(55,'X509'),(56,'USE'),(57,'SUBCLASS_ORIGIN'),(58,'WHERE'),(59,'PRIVILEGES'),(60,'SPATIAL'),(61,'EVENT'),(62,'SUPER'),(63,'SQL_BUFFER_RESULT'),(64,'IGNORE'),(65,'SHA2'),(66,'QUICK'),(67,'SIGNED'),(68,'OFFLINE'),(69,'SECURITY'),(70,'AUTOEXTEND_SIZE'),(71,'NDBCLUSTER'),(72,'POLYGONFROMWKB'),(73,'FALSE'),(74,'LEVEL'),(75,'FORCE'),(76,'BINARY'),(77,'TO'),(78,'CHANGE'),(79,'CURRENT_USER'),(80,'HOUR_MINUTE'),(81,'UPDATE'),(82,'PRESERVE'),(83,'TABLE_NAME'),(84,'INTO'),(85,'FEDERATED'),(86,'VARYING'),(87,'MAX_SIZE'),(88,'HOUR_SECOND'),(89,'VARIABLE'),(90,'ROLLBACK'),(91,'PROCEDURE'),(92,'TIMESTAMP'),(93,'IMPORT'),(94,'AGAINST'),(95,'CHECKSUM'),(96,'COUNT'),(97,'LONGBINARY'),(98,'THEN'),(99,'INSERT'),(100,'ENGINES'),(101,'HANDLER'),(102,'PORT'),(103,'DAY_SECOND'),(104,'EXISTS'),(105,'MUTEX'),(106,'HELP_DATE'),(107,'RELEASE'),(108,'BOOLEAN'),(109,'MOD'),(110,'DEFAULT'),(111,'TYPE'),(112,'NO_WRITE_TO_BINLOG'),(113,'OPTIMIZE'),(114,'SQLSTATE'),(115,'RESET'),(116,'CLASS_ORIGIN'),(117,'INSTALL'),(118,'ITERATE'),(119,'DO'),(120,'BIGINT'),(121,'SET'),(122,'ISSUER'),(123,'DATE'),(124,'STATUS'),(125,'FULLTEXT'),(126,'COMMENT'),(127,'MASTER_CONNECT_RETRY'),(128,'INNER'),(129,'RELAYLOG'),(130,'STOP'),(131,'MASTER_LOG_FILE'),(132,'MRG_MYISAM'),(133,'PRECISION'),(134,'REQUIRE'),(135,'TRAILING'),(136,'PARTITIONS'),(137,'LONG'),(138,'OPTION'),(139,'REORGANIZE'),(140,'ELSE'),(141,'DEALLOCATE'),(142,'IO_THREAD'),(143,'CASE'),(144,'CIPHER'),(145,'CONTINUE'),(146,'FROM'),(147,'READ'),(148,'LEFT'),(149,'ELSEIF'),(150,'MINUTE_SECOND'),(151,'COMPACT'),(152,'DEC'),(153,'FOR'),(154,'WARNINGS'),(155,'MIN_ROWS'),(156,'STRING'),(157,'CONDITION'),(158,'ENCLOSED'),(159,'FUNCTION'),(160,'AGGREGATE'),(161,'FIELDS'),(162,'INT3'),(163,'ARCHIVE'),(164,'AVG_ROW_LENGTH'),(165,'ADD'),(166,'KILL'),(167,'FLOAT4'),(168,'TABLESPACE'),(169,'VIEW'),(170,'REPEATABLE'),(171,'INFILE'),(172,'HELP_VERSION'),(173,'ORDER'),(174,'USING'),(175,'CONSTRAINT_CATALOG'),(176,'MIDDLEINT'),(177,'GRANT'),(178,'UNSIGNED'),(179,'DECIMAL'),(180,'GEOMETRYFROMTEXT'),(181,'INDEXES'),(182,'FOREIGN'),(183,'CACHE'),(184,'HOSTS'),(185,'MYSQL_ERRNO'),(186,'COMMIT'),(187,'SCHEMAS'),(188,'LEADING'),(189,'SNAPSHOT'),(190,'CONSTRAINT_NAME'),(191,'DECLARE'),(192,'LOAD'),(193,'SQL_CACHE'),(194,'CONVERT'),(195,'DYNAMIC'),(196,'COLLATE'),(197,'POLYGONFROMTEXT'),(198,'BYTE'),(199,'GLOBAL'),(200,'LINESTRINGFROMWKB'),(201,'WHEN'),(202,'HAVING'),(203,'AS'),(204,'STARTING'),(205,'RELOAD'),(206,'AUTOCOMMIT'),(207,'REVOKE'),(208,'GRANTS'),(209,'OUTER'),(210,'CURSOR_NAME'),(211,'FLOOR'),(212,'EXPLAIN'),(213,'WITH'),(214,'AFTER'),(215,'STD'),(216,'CSV'),(217,'DISABLE'),(218,'UNINSTALL'),(219,'OUTFILE'),(220,'LOW_PRIORITY'),(221,'FILE'),(222,'NODEGROUP'),(223,'SCHEMA'),(224,'SONAME'),(225,'POW'),(226,'DUAL'),(227,'MULTIPOINTFROMWKB'),(228,'INDEX'),(229,'MULTIPOINTFROMTEXT'),(230,'DEFINER'),(231,'MASTER_BIND'),(232,'REMOVE'),(233,'EXTENDED'),(234,'MULTILINESTRINGFROMWKB'),(235,'CROSS'),(236,'CONTRIBUTORS'),(237,'NATIONAL'),(238,'GROUP'),(239,'SHA'),(240,'ONLINE'),(241,'UNDO'),(242,'IGNORE_SERVER_IDS'),(243,'ZEROFILL'),(244,'CLIENT'),(245,'MASTER_PASSWORD'),(246,'OWNER'),(247,'RELAY_LOG_FILE'),(248,'TRUE'),(249,'CHARACTER'),(250,'MASTER_USER'),(251,'SCHEMA_NAME'),(252,'TABLE'),(253,'ENGINE'),(254,'INSERT_METHOD'),(255,'CASCADE'),(256,'RELAY_LOG_POS'),(257,'SQL_CALC_FOUND_ROWS'),(258,'UNION'),(259,'MYISAM'),(260,'LEAVE'),(261,'MODIFY'),(262,'MATCH'),(263,'MASTER_LOG_POS'),(264,'DISTINCTROW'),(265,'DESC'),(266,'TIME'),(267,'NUMERIC'),(268,'EXPANSION'),(269,'CODE'),(270,'CURSOR'),(271,'GEOMETRYCOLLECTIONFROMTEXT'),(272,'CHAIN'),(273,'LOGFILE'),(274,'FLUSH'),(275,'CREATE'),(276,'DESCRIBE'),(277,'EXTENT_SIZE'),(278,'MAX_UPDATES_PER_HOUR'),(279,'INT2'),(280,'PROCESSLIST'),(281,'ENDS'),(282,'LOGS'),(283,'DISCARD'),(284,'HEAP'),(285,'SOUNDS'),(286,'BETWEEN'),(287,'MULTILINESTRINGFROMTEXT'),(288,'REPAIR'),(289,'PACK_KEYS'),(290,'FAST'),(291,'VALUES'),(292,'CALL'),(293,'LOOP'),(294,'VARCHARACTER'),(295,'BEFORE'),(296,'TRUNCATE'),(297,'SHOW'),(298,'ALL'),(299,'REDUNDANT'),(300,'USER_RESOURCES'),(301,'PARTIAL'),(302,'BINLOG'),(303,'END'),(304,'SECOND'),(305,'AND'),(306,'FLOAT8'),(307,'PREV'),(308,'HOUR'),(309,'SELECT'),(310,'DATABASES'),(311,'OR'),(312,'IDENTIFIED'),(313,'WRAPPER'),(314,'MASTER_SSL_CIPHER'),(315,'SQL_SLAVE_SKIP_COUNTER'),(316,'BOTH'),(317,'BOOL'),(318,'YEAR'),(319,'MASTER_PORT'),(320,'CONCURRENT'),(321,'HELP'),(322,'UNIQUE'),(323,'TRIGGERS'),(324,'PROCESS'),(325,'OPTIONS'),(326,'RESIGNAL'),(327,'CONSISTENT'),(328,'MASTER_SSL'),(329,'DATE_ADD'),(330,'MAX_CONNECTIONS_PER_HOUR'),(331,'LIKE'),(332,'PLUGIN'),(333,'FETCH'),(334,'IN'),(335,'COLUMN'),(336,'DUMPFILE'),(337,'USAGE'),(338,'EXECUTE'),(339,'MEMORY'),(340,'CEIL'),(341,'QUERY'),(342,'MASTER_HOST'),(343,'LINES'),(344,'SQL_THREAD'),(345,'SERVER'),(346,'MAX_QUERIES_PER_HOUR'),(347,'MASTER_SSL_CERT'),(348,'MULTIPOLYGONFROMWKB'),(349,'TRANSACTION'),(350,'DAY_MINUTE'),(351,'STDDEV'),(352,'DATE_SUB'),(353,'REBUILD'),(354,'GEOMETRYFROMWKB'),(355,'INT1'),(356,'RENAME'),(357,'PARSER'),(358,'RIGHT'),(359,'ALTER'),(360,'MAX_ROWS'),(361,'SOCKET'),(362,'STRAIGHT_JOIN'),(363,'NATURAL'),(364,'VARIABLES'),(365,'ESCAPED'),(366,'SHA1'),(367,'KEY_BLOCK_SIZE'),(368,'PASSWORD'),(369,'OFFSET'),(370,'CHAR'),(371,'NEXT'),(372,'ERRORS'),(373,'SQL_LOG_BIN'),(374,'TEMPORARY'),(375,'COMMITTED'),(376,'SQL_SMALL_RESULT'),(377,'UPGRADE'),(378,'BEGIN'),(379,'DELAY_KEY_WRITE'),(380,'PROFILE'),(381,'MEDIUM'),(382,'INTERVAL'),(383,'SSL'),(384,'DAY_HOUR'),(385,'NAME'),(386,'REFERENCES'),(387,'AES_ENCRYPT'),(388,'STORAGE'),(389,'ISOLATION'),(390,'CEILING'),(391,'EVERY'),(392,'INT8'),(393,'AUTHORS'),(394,'RESTRICT'),(395,'UNCOMMITTED'),(396,'LINESTRINGFROMTEXT'),(397,'IS'),(398,'NOT'),(399,'ANALYSE'),(400,'DATAFILE'),(401,'DES_KEY_FILE'),(402,'SIGNAL'),(403,'COMPRESSED'),(404,'START'),(405,'PLUGINS'),(406,'SAVEPOINT'),(407,'IF'),(408,'ROWS'),(409,'PRIMARY'),(410,'PURGE'),(411,'LAST'),(412,'USER'),(413,'EXIT'),(414,'KEYS'),(415,'LIMIT'),(416,'KEY'),(417,'MERGE'),(418,'UNTIL'),(419,'SQL_NO_CACHE'),(420,'DELAYED'),(421,'CONSTRAINT_SCHEMA'),(422,'ANALYZE'),(423,'CONSTRAINT'),(424,'SERIAL'),(425,'ACTION'),(426,'WRITE'),(427,'INITIAL_SIZE'),(428,'SESSION'),(429,'DATABASE'),(430,'NULL'),(431,'POWER'),(432,'USE_FRM'),(433,'TERMINATED'),(434,'SLAVE'),(435,'NVARCHAR'),(436,'ASC'),(437,'RETURN'),(438,'OPTIONALLY'),(439,'ENABLE'),(440,'DIRECTORY'),(441,'MAX_USER_CONNECTIONS'),(442,'WHILE'),(443,'LOCAL'),(444,'DISTINCT'),(445,'AES_DECRYPT'),(446,'MASTER_SSL_KEY'),(447,'NONE'),(448,'TABLES'),(449,'<>'),(450,'RLIKE'),(451,'TRIGGER'),(452,'COLLATION'),(453,'SHUTDOWN'),(454,'HIGH_PRIORITY'),(455,'BTREE'),(456,'FIRST'),(457,'COALESCE'),(458,'WAIT'),(459,'CATALOG_NAME'),(460,'MASTER'),(461,'FIXED'),(462,'MULTIPOLYGONFROMTEXT'),(463,'ROW_FORMAT');
/*!40000 ALTER TABLE `help_keyword` ENABLE KEYS */;
UNLOCK TABLES;

--
-- Table structure for table `help_relation`
--

DROP TABLE IF EXISTS `help_relation`;
/*!40101 SET @saved_cs_client     = @@character_set_client */;
/*!40101 SET character_set_client = utf8 */;
CREATE TABLE `help_relation` (
  `help_topic_id` int(10) unsigned NOT NULL,
  `help_keyword_id` int(10) unsigned NOT NULL,
  PRIMARY KEY (`help_keyword_id`,`help_topic_id`)
) ENGINE=MyISAM DEFAULT CHARSET=utf8 COMMENT='keyword-topic relation';
/*!40101 SET character_set_client = @saved_cs_client */;

--
-- Dumping data for table `help_relation`
--

LOCK TABLES `help_relation` WRITE;
/*!40000 ALTER TABLE `help_relation` DISABLE KEYS */;
INSERT INTO `help_relation` VALUES (1,0),(356,0),(473,1),(232,2),(447,3),(3,4),(130,4),(421,4),(89,5),(89,6),(406,6),(97,7),(89,8),(185,9),(430,10),(21,11),(347,11),(421,11),(463,11),(468,11),(89,12),(406,12),(146,13),(230,14),(88,15),(356,15),(18,16),(106,16),(134,16),(347,16),(97,17),(500,17),(380,18),(3,19),(104,19),(243,19),(374,19),(459,19),(185,20),(356,21),(9,22),(30,22),(34,22),(87,22),(186,22),(237,22),(263,22),(276,22),(300,22),(331,22),(405,22),(415,22),(416,22),(463,22),(478,22),(108,23),(122,24),(170,24),(424,24),(376,25),(82,26),(104,27),(199,28),(36,29),(347,30),(468,30),(376,31),(199,32),(35,33),(237,33),(36,34),(356,34),(468,35),(417,36),(463,36),(468,36),(21,37),(294,37),(347,37),(451,37),(468,37),(500,38),(48,39),(77,39),(83,39),(130,39),(199,39),(356,39),(361,39),(421,39),(463,39),(468,39),(468,40),(472,40),(376,41),(463,42),(468,42),(212,43),(421,43),(468,43),(473,43),(376,44),(356,45),(97,46),(314,46),(361,47),(374,48),(459,48),(185,49),(48,50),(468,50),(472,50),(1,51),(89,51),(406,51),(472,51),(374,52),(459,52),(176,53),(468,53),(51,54),(106,54),(199,55),(1,56),(55,56),(194,56),(374,57),(459,57),(48,58),(83,58),(106,58),(193,59),(199,59),(249,59),(210,60),(463,60),(89,61),(300,61),(358,61),(406,61),(199,62),(356,63),(1,64),(83,64),(104,64),(130,64),(356,64),(421,64),(463,64),(66,65),(48,66),(417,66),(466,66),(230,67),(87,68),(210,68),(463,68),(199,69),(194,70),(468,71),(91,72),(482,72),(385,73),(447,74),(1,75),(39,76),(230,76),(269,76),(185,77),(269,77),(460,77),(185,78),(463,78),(89,79),(406,79),(376,80),(83,81),(104,81),(356,81),(472,81),(89,82),(406,82),(374,83),(459,83),(3,84),(104,84),(304,84),(356,84),(468,85),(257,86),(194,87),(376,88),(129,89),(146,90),(460,90),(17,91),(189,91),(302,91),(328,91),(347,91),(356,91),(416,91),(439,91),(488,91),(99,92),(188,92),(421,93),(463,93),(88,94),(401,95),(468,95),(69,96),(330,96),(433,96),(285,97),(28,98),(57,98),(85,98),(104,99),(195,99),(301,99),(486,99),(282,100),(347,100),(106,101),(313,101),(473,102),(376,103),(9,104),(30,104),(89,104),(155,104),(186,104),(276,104),(300,104),(347,105),(365,105),(109,106),(146,107),(460,107),(24,108),(88,108),(113,109),(174,109),(3,110),(104,110),(155,110),(200,110),(212,110),(243,110),(463,110),(468,110),(463,111),(115,112),(326,112),(466,112),(470,112),(115,113),(463,113),(374,114),(459,114),(38,115),(119,115),(151,115),(264,115),(374,116),(459,116),(419,117),(124,118),(89,119),(125,119),(406,119),(496,119),(221,120),(3,121),(83,121),(104,121),(129,121),(130,121),(146,121),(155,121),(182,121),(212,121),(333,121),(347,121),(356,121),(374,121),(421,121),(459,121),(463,121),(468,121),(472,121),(477,121),(494,121),(199,122),(132,123),(230,123),(262,123),(376,123),(58,124),(137,124),(215,124),(223,124),(328,124),(336,124),(347,124),(365,124),(210,125),(463,125),(468,125),(89,126),(194,126),(210,126),(406,126),(468,126),(185,127),(1,128),(424,129),(52,130),(185,131),(468,132),(314,133),(199,134),(455,135),(255,136),(285,137),(199,138),(249,138),(463,139),(57,140),(85,140),(237,141),(52,142),(324,142),(57,143),(85,143),(199,144),(313,145),(48,146),(122,146),(347,146),(356,146),(424,146),(455,146),(36,147),(106,147),(447,147),(1,148),(28,149),(376,150),(468,151),(209,152),(180,153),(313,153),(347,153),(356,153),(420,153),(330,154),(347,154),(468,155),(97,156),(180,157),(421,158),(34,159),(68,159),(97,159),(211,159),(233,159),(302,159),(336,159),(347,159),(393,159),(405,159),(416,159),(97,160),(347,161),(421,161),(252,162),(468,163),(463,164),(468,164),(60,165),(194,165),(463,165),(478,165),(176,166),(168,167),(194,168),(415,168),(463,168),(478,168),(30,169),(159,169),(454,169),(447,170),(130,171),(421,171),(190,172),(48,173),(83,173),(356,173),(361,173),(463,173),(1,174),(48,174),(86,174),(374,175),(459,175),(252,176),(199,177),(249,177),(24,178),(128,178),(168,178),(209,178),(230,178),(314,178),(500,178),(97,179),(156,179),(230,179),(411,180),(347,181),(463,182),(468,182),(472,182),(473,182),(101,183),(151,183),(304,183),(145,184),(347,184),(374,185),(459,185),(146,186),(160,187),(347,187),(455,188),(146,189),(374,190),(459,190),(180,191),(200,191),(313,191),(420,191),(304,192),(421,192),(356,193),(230,194),(377,194),(468,195),(155,196),(212,196),(468,196),(395,197),(465,198),(129,199),(137,199),(182,199),(349,199),(447,199),(452,200),(57,201),(85,201),(356,202),(1,203),(36,203),(356,203),(421,204),(199,205),(146,206),(249,207),(192,208),(347,208),(1,209),(374,210),(459,210),(221,211),(255,212),(88,213),(199,213),(210,213),(463,213),(468,213),(463,214),(260,215),(421,216),(468,216),(89,217),(406,217),(463,217),(291,218),(356,219),(3,220),(36,220),(48,220),(83,220),(104,220),(130,220),(421,220),(199,221),(194,222),(155,223),(186,223),(212,223),(309,223),(347,223),(97,224),(277,225),(279,226),(464,227),(1,228),(60,228),(87,228),(101,228),(210,228),(304,228),(308,228),(347,228),(463,228),(468,228),(425,229),(89,230),(406,230),(185,231),(463,232),(255,233),(466,233),(272,234),(1,235),(7,236),(347,236),(257,237),(430,237),(194,238),(226,238),(356,238),(427,239),(87,240),(210,240),(463,240),(313,241),(185,242),(24,243),(128,243),(168,243),(209,243),(314,243),(500,243),(199,244),(185,245),(473,246),(185,247),(385,248),(130,249),(155,249),(212,249),(257,249),(333,249),(347,249),(356,249),(421,249),(430,249),(468,249),(185,250),(374,251),(459,251),(60,252),(110,252),(115,252),(215,252),(276,252),(278,252),(321,252),(347,252),(401,252),(417,252),(463,252),(466,252),(468,252),(470,252),(194,253),(347,253),(365,253),(415,253),(463,253),(468,253),(478,253),(468,254),(30,255),(276,255),(468,255),(472,255),(185,256),(356,257),(305,258),(468,259),(310,260),(463,261),(88,262),(185,263),(356,264),(329,265),(356,265),(361,265),(230,266),(315,266),(375,266),(209,267),(88,268),(68,269),(488,269),(420,270),(246,271),(146,272),(194,273),(226,273),(151,274),(326,274),(17,275),(22,275),(60,275),(77,275),(89,275),(97,275),(155,275),(194,275),(210,275),(211,275),(278,275),(302,275),(309,275),(347,275),(358,275),(393,275),(454,275),(468,275),(473,275),(329,276),(194,277),(199,278),(234,279),(347,280),(451,280),(89,281),(39,282),(269,282),(347,282),(463,283),(468,284),(378,285),(147,286),(107,287),(463,288),(466,288),(468,289),(417,290),(3,291),(104,291),(339,292),(344,293),(257,294),(269,295),(321,296),(463,296),(7,297),(10,297),(17,297),(21,297),(25,297),(33,297),(39,297),(58,297),(68,297),(69,297),(82,297),(122,297),(134,297),(137,297),(145,297),(160,297),(170,297),(192,297),(193,297),(215,297),(223,297),(278,297),(282,297),(294,297),(308,297),(309,297),(328,297),(330,297),(333,297),(336,297),(347,297),(349,297),(358,297),(365,297),(393,297),(424,297),(451,297),(487,297),(488,297),(492,297),(38,298),(199,298),(249,298),(305,298),(356,298),(468,299),(326,300),(468,301),(122,302),(350,302),(28,303),(57,303),(85,303),(232,303),(327,303),(344,303),(496,303),(376,304),(147,305),(316,305),(314,306),(106,307),(376,308),(3,309),(104,309),(255,309),(301,309),(356,309),(160,310),(347,310),(141,311),(77,312),(130,312),(199,312),(473,313),(185,314),(182,315),(455,316),(24,317),(111,317),(376,318),(185,319),(130,320),(421,320),(118,321),(390,321),(463,322),(25,323),(347,323),(199,324),(373,325),(473,325),(374,326),(146,327),(185,328),(376,329),(199,330),(347,331),(378,331),(291,332),(347,332),(419,332),(383,333),(88,334),(122,334),(356,334),(424,334),(463,335),(356,336),(199,337),(86,338),(199,338),(356,339),(397,340),(88,341),(151,341),(176,341),(185,342),(130,343),(421,343),(52,344),(324,344),(9,345),(373,345),(473,345),(199,346),(185,347),(123,348),(146,349),(447,349),(376,350),(407,351),(376,352),(463,353),(144,354),(24,355),(110,356),(222,356),(406,356),(463,356),(210,357),(463,357),(468,357),(1,358),(60,359),(159,359),(199,359),(212,359),(226,359),(233,359),(373,359),(406,359),(439,359),(463,359),(478,359),(463,360),(468,360),(473,361),(1,362),(356,362),(1,363),(347,364),(349,364),(421,365),(427,366),(468,367),(77,368),(199,368),(473,368),(477,368),(356,369),(230,370),(465,370),(106,371),(69,372),(347,372),(494,373),(276,374),(447,375),(356,376),(212,377),(417,377),(146,378),(327,378),(468,379),(487,380),(417,381),(89,382),(376,382),(199,383),(376,384),(212,385),(199,386),(468,386),(472,386),(443,387),(282,388),(447,389),(448,390),(89,391),(128,392),(10,393),(347,393),(30,394),(276,394),(472,394),(447,395),(56,396),(84,397),(206,397),(368,397),(456,397),(84,398),(89,398),(155,398),(206,398),(312,398),(189,399),(194,400),(478,400),(326,401),(459,402),(468,403),(146,404),(324,404),(33,405),(460,406),(9,407),(28,407),(30,407),(89,407),(155,407),(186,407),(276,407),(300,407),(479,407),(130,408),(463,409),(269,410),(106,411),(77,412),(222,412),(331,412),(473,412),(313,413),(308,414),(347,414),(463,414),(48,415),(83,415),(106,415),(122,415),(356,415),(424,415),(60,416),(104,416),(463,416),(468,416),(472,416),(468,417),(232,418),(356,419),(3,420),(104,420),(486,420),(374,421),(459,421),(463,422),(470,422),(463,423),(468,423),(243,424),(468,424),(468,425),(472,425),(36,426),(194,427),(478,427),(129,428),(137,428),(349,428),(447,428),(155,429),(186,429),(212,429),(309,429),(347,429),(473,429),(84,430),(368,430),(472,430),(483,431),(466,432),(421,433),(38,434),(52,434),(89,434),(145,434),(223,434),(324,434),(406,434),(257,435),(356,436),(361,436),(491,437),(421,438),(89,439),(406,439),(463,439),(212,440),(468,440),(199,441),(496,442),(36,443),(115,443),(130,443),(326,443),(421,443),(466,443),(470,443),(0,444),(96,444),(288,444),(305,444),(356,444),(361,444),(384,444),(433,444),(497,445),(185,446),(199,447),(36,448),(134,448),(294,448),(347,448),(495,449),(27,450),(22,451),(263,451),(347,451),(347,452),(492,452),(199,453),(104,454),(356,454),(210,455),(106,456),(463,456),(468,456),(463,457),(194,458),(478,458),(374,459),(459,459),(39,460),(58,460),(185,460),(264,460),(269,460),(209,461),(468,461),(201,462),(468,463);
/*!40000 ALTER TABLE `help_relation` ENABLE KEYS */;
UNLOCK TABLES;

--
-- Table structure for table `help_topic`
--

DROP TABLE IF EXISTS `help_topic`;
/*!40101 SET @saved_cs_client     = @@character_set_client */;
/*!40101 SET character_set_client = utf8 */;
CREATE TABLE `help_topic` (
  `help_topic_id` int(10) unsigned NOT NULL,
  `name` char(64) NOT NULL,
  `help_category_id` smallint(5) unsigned NOT NULL,
  `description` text NOT NULL,
  `example` text NOT NULL,
  `url` text NOT NULL,
  PRIMARY KEY (`help_topic_id`),
  UNIQUE KEY `name` (`name`)
) ENGINE=MyISAM DEFAULT CHARSET=utf8 COMMENT='help topics';
/*!40101 SET character_set_client = @saved_cs_client */;

--
-- Dumping data for table `help_topic`
--

LOCK TABLES `help_topic` WRITE;
/*!40000 ALTER TABLE `help_topic` DISABLE KEYS */;
INSERT INTO `help_topic` VALUES (0,'MIN',16,'Syntax:\nMIN([DISTINCT] expr)\n\nReturns the minimum value of expr. MIN() may take a string argument; in\nsuch cases, it returns the minimum string value.\nThe DISTINCT keyword can be used to find the minimum of the distinct values\nof expr, however, this produces the same result as omitting DISTINCT.\n\nMIN() returns NULL if there were no matching rows.\n\nURL: https://mariadb.com/kb/en/min/\n\n','MariaDB> SELECT student_name, MIN(test_score), MAX(test_score)\n    ->        FROM student\n    ->        GROUP BY student_name;\n','https://mariadb.com/kb/en/min/'),(1,'JOIN',27,'MySQL supports the following JOIN syntaxes for the table_references\npart of SELECT statements and multiple-table DELETE and UPDATE\nstatements:\n\ntable_references:\n    table_reference [, table_reference] ...\n\ntable_reference:\n    table_factor\n  | join_table\n\ntable_factor:\n    tbl_name [[AS] alias] [index_hint_list]\n  | table_subquery [AS] alias\n  | ( table_references )\n  | { OJ table_reference LEFT OUTER JOIN table_reference\n        ON conditional_expr }\n\njoin_table:\n    table_reference [INNER | CROSS] JOIN table_factor [join_condition]\n  | table_reference STRAIGHT_JOIN table_factor\n  | table_reference STRAIGHT_JOIN table_factor ON conditional_expr\n  | table_reference {LEFT|RIGHT} [OUTER] JOIN table_reference join_condition\n  | table_reference NATURAL [{LEFT|RIGHT} [OUTER]] JOIN table_factor\n\njoin_condition:\n    ON conditional_expr\n  | USING (column_list)\n\nindex_hint_list:\n    index_hint [, index_hint] ...\n\nindex_hint:\n    USE {INDEX|KEY}\n      [FOR {JOIN|ORDER BY|GROUP BY}] ([index_list])\n  | IGNORE {INDEX|KEY}\n      [FOR {JOIN|ORDER BY|GROUP BY}] (index_list)\n  | FORCE {INDEX|KEY}\n      [FOR {JOIN|ORDER BY|GROUP BY}] (index_list)\n\nindex_list:\n    index_name [, index_name] ...\n\nA table reference is also known as a join expression.\n\nThe syntax of table_factor is extended in comparison with the SQL\nStandard. The latter accepts only table_reference, not a list of them\ninside a pair of parentheses.\n\nThis is a conservative extension if we consider each comma in a list of\ntable_reference items as equivalent to an inner join. For example:\n\nSELECT * FROM t1 LEFT JOIN (t2, t3, t4)\n                 ON (t2.a=t1.a AND t3.b=t1.b AND t4.c=t1.c)\n\nis equivalent to:\n\nSELECT * FROM t1 LEFT JOIN (t2 CROSS JOIN t3 CROSS JOIN t4)\n                 ON (t2.a=t1.a AND t3.b=t1.b AND t4.c=t1.c)\n\nIn MySQL, JOIN, CROSS JOIN, and INNER JOIN are syntactic equivalents\n(they can replace each other). In standard SQL, they are not\nequivalent. INNER JOIN is used with an ON clause, CROSS JOIN is used\notherwise.\n\nIn general, parentheses can be ignored in join expressions containing\nonly inner join operations.\n\nIndex hints can be specified to affect how the MySQL optimizer makes\nuse of indexes. For more information, see\nhttps://mariadb.com/kb/en/how-to-force-query-plans/.\n\nURL: https://mariadb.com/kb/en/join-syntax/\n\n','SELECT left_tbl.*\n  FROM left_tbl LEFT JOIN right_tbl ON left_tbl.id = right_tbl.id\n  WHERE right_tbl.id IS NULL;\n','https://mariadb.com/kb/en/join-syntax/'),(2,'HEX',37,'Syntax:\nHEX(str), HEX(N)\n\nFor a string argument str, HEX() returns a hexadecimal string\nrepresentation of str where each character in str is converted to two\nhexadecimal digits. The inverse of this operation is performed by the\nUNHEX() function.\n\nFor a numeric argument N, HEX() returns a hexadecimal string\nrepresentation of the value of N treated as a longlong (BIGINT) number.\nThis is equivalent to CONV(N,10,16). The inverse of this operation is\nperformed by CONV(HEX(N),16,10).\n\nURL: https://mariadb.com/kb/en/hex/\n\n','MariaDB> SELECT 0x616263, HEX(\'abc\'), UNHEX(HEX(\'abc\'));\n        -> \'abc\', 616263, \'abc\'\nMariaDB> SELECT HEX(255), CONV(HEX(255),16,10);\n        -> \'FF\', 255\n','https://mariadb.com/kb/en/hex/'),(3,'REPLACE',27,'Syntax:\nREPLACE [LOW_PRIORITY | DELAYED]\n    [INTO] tbl_name [(col_name,...)]\n    {VALUES | VALUE} ({expr | DEFAULT},...),(...),...\n\nOr:\n\nREPLACE [LOW_PRIORITY | DELAYED]\n    [INTO] tbl_name\n    SET col_name={expr | DEFAULT}, ...\n\nOr:\n\nREPLACE [LOW_PRIORITY | DELAYED]\n    [INTO] tbl_name [(col_name,...)]\n    SELECT ...\n\nREPLACE works exactly like INSERT, except that if an old row in the\ntable has the same value as a new row for a PRIMARY KEY or a UNIQUE\nindex, the old row is deleted before the new row is inserted. See [HELP\nINSERT].\n\nREPLACE is a MySQL extension to the SQL standard. It either inserts, or\ndeletes and inserts. For another MySQL extension to standard SQL---that\neither inserts or updates---see\nhttps://mariadb.com/kb/en/insert-on-duplicate-key-update/.\n\nNote that unless the table has a PRIMARY KEY or UNIQUE index, using a\nREPLACE statement makes no sense. It becomes equivalent to INSERT,\nbecause there is no index to be used to determine whether a new row\nduplicates another.\n\nValues for all columns are taken from the values specified in the\nREPLACE statement. Any missing columns are set to their default values,\njust as happens for INSERT. You cannot refer to values from the current\nrow and use them in the new row. If you use an assignment such as SET\ncol_name = col_name + 1, the reference to the column name on the right\nhand side is treated as DEFAULT(col_name), so the assignment is\nequivalent to SET col_name = DEFAULT(col_name) + 1.\n\nTo use REPLACE, you must have both the INSERT and DELETE privileges for\nthe table.\n\nURL: https://mariadb.com/kb/en/replace/\n\n','','https://mariadb.com/kb/en/replace/'),(4,'CONTAINS',30,'Contains(g1,g2)\n\nReturns 1 or 0 to indicate whether g1 completely contains g2. This\ntests the opposite relationship as Within().\n\nURL: https://mariadb.com/kb/en/contains/\n\n','','https://mariadb.com/kb/en/contains/'),(5,'SRID',36,'SRID(g)\n\nReturns an integer indicating the Spatial Reference System ID for the\ngeometry value g.\n\nIn MySQL, the SRID value is just an integer associated with the\ngeometry value. All calculations are done assuming Euclidean (planar)\ngeometry.\n\nURL: https://mariadb.com/kb/en/srid/\n\n','MariaDB> SELECT SRID(GeomFromText(\'LineString(1 1,2 2)\',101));\n+-----------------------------------------------+\n| SRID(GeomFromText(\'LineString(1 1,2 2)\',101)) |\n+-----------------------------------------------+\n|                                           101 |\n+-----------------------------------------------+\n','https://mariadb.com/kb/en/srid/'),(6,'CURRENT_TIMESTAMP',31,'Syntax:\nCURRENT_TIMESTAMP, CURRENT_TIMESTAMP()\n\nCURRENT_TIMESTAMP and CURRENT_TIMESTAMP() are synonyms for NOW().\n\nURL: https://mariadb.com/kb/en/current_timestamp/\n\n','','https://mariadb.com/kb/en/current_timestamp/'),(7,'SHOW CONTRIBUTORS',26,'Syntax:\nSHOW CONTRIBUTORS\n\nThe SHOW CONTRIBUTORS statement displays information about the people\nwho contribute to MySQL source or to causes that we support. For each\ncontributor, it displays Name, Location, and Comment values.\n\nURL: https://mariadb.com/kb/en/show-contributors/\n\n','','https://mariadb.com/kb/en/show-contributors/'),(8,'VARIANCE',16,'Syntax:\nVARIANCE(expr)\n\nReturns the population standard variance of expr. This is an extension\nto standard SQL. The standard SQL function VAR_POP() can be used\ninstead.\n\nVARIANCE() returns NULL if there were no matching rows.\n\nURL: https://mariadb.com/kb/en/variance/\n\n','','https://mariadb.com/kb/en/variance/'),(9,'DROP SERVER',39,'Syntax:\nDROP SERVER [ IF EXISTS ] server_name\n\nDrops the server definition for the server named server_name. The\ncorresponding row within the mysql.servers table will be deleted. This\nstatement requires the SUPER privilege.\n\nDropping a server for a table does not affect any FEDERATED tables that\nused this connection information when they were created. See [HELP\nCREATE SERVER].\n\nURL: https://mariadb.com/kb/en/drop-server/\n\n','','https://mariadb.com/kb/en/drop-server/'),(10,'SHOW AUTHORS',26,'Syntax:\nSHOW AUTHORS\n\nThe SHOW AUTHORS statement displays information about the people who\nwork on MySQL. For each author, it displays Name, Location, and Comment\nvalues.\n\nURL: https://mariadb.com/kb/en/show-authors/\n\n','','https://mariadb.com/kb/en/show-authors/'),(11,'VAR_SAMP',16,'Syntax:\nVAR_SAMP(expr)\n\nReturns the sample variance of expr. That is, the denominator is the\nnumber of rows minus one.\n\nVAR_SAMP() returns NULL if there were no matching rows.\n\nURL: https://mariadb.com/kb/en/var_samp/\n\n','','https://mariadb.com/kb/en/var_samp/'),(12,'CONCAT',37,'Syntax:\nCONCAT(str1,str2,...)\n\nReturns the string that results from concatenating the arguments. May\nhave one or more arguments. If all arguments are nonbinary strings, the\nresult is a nonbinary string. If the arguments include any binary\nstrings, the result is a binary string. A numeric argument is converted\nto its equivalent string form. This is a nonbinary string as of MySQL\n5.5.3. Before 5.5.3, it is a binary string; to to avoid that and\nproduce a nonbinary string, you can use an explicit type cast, as in\nthis example:\n\nSELECT CONCAT(CAST(int_col AS CHAR), char_col);\n\nCONCAT() returns NULL if any argument is NULL.\n\nURL: https://mariadb.com/kb/en/concat/\n\n','MariaDB> SELECT CONCAT(\'My\', \'S\', \'QL\');\n        -> \'MySQL\'\nMariaDB> SELECT CONCAT(\'My\', NULL, \'QL\');\n        -> NULL\nMariaDB> SELECT CONCAT(14.3);\n        -> \'14.3\'\n','https://mariadb.com/kb/en/concat/'),(13,'GEOMETRY HIERARCHY',34,'Geometry is the base class. It is an abstract class. The instantiable\nsubclasses of Geometry are restricted to zero-, one-, and\ntwo-dimensional geometric objects that exist in two-dimensional\ncoordinate space. All instantiable geometry classes are defined so that\nvalid instances of a geometry class are topologically closed (that is,\nall defined geometries include their boundary).\n\nThe base Geometry class has subclasses for Point, Curve, Surface, and\nGeometryCollection:\n\no Point represents zero-dimensional objects.\n\no Curve represents one-dimensional objects, and has subclass\n  LineString, with sub-subclasses Line and LinearRing.\n\no Surface is designed for two-dimensional objects and has subclass\n  Polygon.\n\no GeometryCollection has specialized zero-, one-, and two-dimensional\n  collection classes named MultiPoint, MultiLineString, and\n  MultiPolygon for modeling geometries corresponding to collections of\n  Points, LineStrings, and Polygons, respectively. MultiCurve and\n  MultiSurface are introduced as abstract superclasses that generalize\n  the collection interfaces to handle Curves and Surfaces.\n\nGeometry, Curve, Surface, MultiCurve, and MultiSurface are defined as\nnoninstantiable classes. They define a common set of methods for their\nsubclasses and are included for extensibility.\n\nPoint, LineString, Polygon, GeometryCollection, MultiPoint,\nMultiLineString, and MultiPolygon are instantiable classes.\n\nURL: https://mariadb.com/kb/en/geometry-hierarchy/\n\n','','https://mariadb.com/kb/en/geometry-hierarchy/'),(14,'CHAR FUNCTION',37,'Syntax:\nCHAR(N,... [USING charset_name])\n\nCHAR() interprets each argument N as an integer and returns a string\nconsisting of the characters given by the code values of those\nintegers. NULL values are skipped.\nBy default, CHAR() returns a binary string. To produce a string in a\ngiven character set, use the optional USING clause:\n\nMariaDB> SELECT CHARSET(CHAR(0x65)), CHARSET(CHAR(0x65 USING utf8));\n+---------------------+--------------------------------+\n| CHARSET(CHAR(0x65)) | CHARSET(CHAR(0x65 USING utf8)) |\n+---------------------+--------------------------------+\n| binary              | utf8                           |\n+---------------------+--------------------------------+\n\nIf USING is given and the result string is illegal for the given\ncharacter set, a warning is issued. Also, if strict SQL mode is\nenabled, the result from CHAR() becomes NULL.\n\nURL: https://mariadb.com/kb/en/char-function/\n\n','MariaDB> SELECT CHAR(77,121,83,81,\'76\');\n        -> \'MySQL\'\nMariaDB> SELECT CHAR(77,77.3,\'77.3\');\n        -> \'MMM\'\n','https://mariadb.com/kb/en/char-function/'),(15,'DATETIME',22,'DATETIME\n\nA date and time combination. The supported range is \'1000-01-01\n00:00:00\' to \'9999-12-31 23:59:59\'. MySQL displays DATETIME values in\n\'YYYY-MM-DD HH:MM:SS\' format, but permits assignment of values to\nDATETIME columns using either strings or numbers.\n\nURL: https://mariadb.com/kb/en/datetime/\n\n','','https://mariadb.com/kb/en/datetime/'),(16,'SHOW CREATE TRIGGER',26,'Syntax:\nSHOW CREATE TRIGGER trigger_name\n\nThis statement shows a CREATE TRIGGER statement that creates the given\ntrigger.\n\nURL: https://mariadb.com/kb/en/show-create-trigger/\n\n','','https://mariadb.com/kb/en/show-create-trigger/'),(17,'SHOW CREATE PROCEDURE',26,'Syntax:\nSHOW CREATE PROCEDURE proc_name\n\nThis statement is a MySQL extension. It returns the exact string that\ncan be used to re-create the named stored procedure. A similar\nstatement, SHOW CREATE FUNCTION, displays information about stored\nfunctions (see [HELP SHOW CREATE FUNCTION]).\n\nBoth statements require that you be the owner of the routine or have\nSELECT access to the mysql.proc table. If you do not have privileges\nfor the routine itself, the value displayed for the Create Procedure or\nCreate Function field will be NULL.\n\nURL: https://mariadb.com/kb/en/show-create-procedure/\n\n','MariaDB> SHOW CREATE PROCEDURE test.simpleproc\\G\n*************************** 1. row ***************************\n           Procedure: simpleproc\n            sql_mode:\n    Create Procedure: CREATE PROCEDURE `simpleproc`(OUT param1 INT)\n                      BEGIN\n                      SELECT COUNT(*) INTO param1 FROM t;\n                      END\ncharacter_set_client: latin1\ncollation_connection: latin1_swedish_ci\n  Database Collation: latin1_swedish_ci\n\nMariaDB> SHOW CREATE FUNCTION test.hello\\G\n*************************** 1. row ***************************\n            Function: hello\n            sql_mode:\n     Create Function: CREATE FUNCTION `hello`(s CHAR(20))\n                      RETURNS CHAR(50)\n                      RETURN CONCAT(\'Hello, \',s,\'!\')\ncharacter_set_client: latin1\ncollation_connection: latin1_swedish_ci\n  Database Collation: latin1_swedish_ci\n','https://mariadb.com/kb/en/show-create-procedure/'),(18,'OPEN',23,'Syntax:\nOPEN cursor_name\n\nThis statement opens a previously declared cursor. For an example, see\nhttps://mariadb.com/kb/en/cursor-overview/.\n\nURL: https://mariadb.com/kb/en/open/\n\n','','https://mariadb.com/kb/en/open/'),(19,'INTEGER',22,'INTEGER[(M)] [UNSIGNED] [ZEROFILL]\n\nThis type is a synonym for INT.\n\nURL: https://mariadb.com/kb/en/sql_language-data_types-int\n\n','','https://mariadb.com/kb/en/sql_language-data_types-int'),(20,'LOWER',37,'Syntax:\nLOWER(str)\n\nReturns the string str with all characters changed to lowercase\naccording to the current character set mapping. The default is latin1\n(cp1252 West European).\n\nMariaDB> SELECT LOWER(\'QUADRATICALLY\');\n        -> \'quadratically\'\n\nLOWER() (and UPPER()) are ineffective when applied to binary strings\n(BINARY, VARBINARY, BLOB). To perform lettercase conversion, convert\nthe string to a nonbinary string:\n\nMariaDB> SET @str = BINARY \'New York\';\nMariaDB> SELECT LOWER(@str), LOWER(CONVERT(@str USING latin1));\n+-------------+-----------------------------------+\n| LOWER(@str) | LOWER(CONVERT(@str USING latin1)) |\n+-------------+-----------------------------------+\n| New York    | new york                          |\n+-------------+-----------------------------------+\n\nURL: https://mariadb.com/kb/en/lower/\n\n','','https://mariadb.com/kb/en/lower/'),(21,'SHOW COLUMNS',26,'Syntax:\nSHOW [FULL] COLUMNS {FROM | IN} tbl_name [{FROM | IN} db_name]\n    [LIKE \'pattern\' | WHERE expr]\n\nSHOW COLUMNS displays information about the columns in a given table.\nIt also works for views. The LIKE clause, if present, indicates which\ncolumn names to match. The WHERE clause can be given to select rows\nusing more general conditions, as discussed in\nhttps://mariadb.com/kb/en/extended-show/.\n\nSHOW COLUMNS displays information only for those columns for which you\nhave some privilege.\n\nMariaDB> SHOW COLUMNS FROM City;\n+------------+----------+------+-----+---------+----------------+\n| Field      | Type     | Null | Key | Default | Extra          |\n+------------+----------+------+-----+---------+----------------+\n| Id         | int(11)  | NO   | PRI | NULL    | auto_increment |\n| Name       | char(35) | NO   |     |         |                |\n| Country    | char(3)  | NO   | UNI |         |                |\n| District   | char(20) | YES  | MUL |         |                |\n| Population | int(11)  | NO   |     | 0       |                |\n+------------+----------+------+-----+---------+----------------+\n5 rows in set (0.00 sec)\n\nIf the data types differ from what you expect them to be based on a\nCREATE TABLE statement, note that MySQL sometimes changes data types\nwhen you create or alter a table. The conditions under which this\noccurs are described in\nhttps://mariadb.com/kb/en/silent-column-changes/.\n\nThe FULL keyword causes the output to include the column collation and\ncomments, as well as the privileges you have for each column.\n\nYou can use db_name.tbl_name as an alternative to the tbl_name FROM\ndb_name syntax. In other words, these two statements are equivalent:\n\nMariaDB> SHOW COLUMNS FROM mytable FROM mydb;\nMariaDB> SHOW COLUMNS FROM mydb.mytable;\n\nSHOW COLUMNS displays the following values for each table column:\n\nField indicates the column name.\n\nType indicates the column data type.\n\nCollation indicates the collation for nonbinary string columns, or NULL\nfor other columns. This value is displayed only if you use the FULL\nkeyword.\n\nThe Null field contains YES if NULL values can be stored in the column,\nNO if not.\n\nThe Key field indicates whether the column is indexed:\n\no If Key is empty, the column either is not indexed or is indexed only\n  as a secondary column in a multiple-column, nonunique index.\n\no If Key is PRI, the column is a PRIMARY KEY or is one of the columns\n  in a multiple-column PRIMARY KEY.\n\no If Key is UNI, the column is the first column of a UNIQUE index. (A\n  UNIQUE index permits multiple NULL values, but you can tell whether\n  the column permits NULL by checking the Null field.)\n\no If Key is MUL, the column is the first column of a nonunique index in\n  which multiple occurrences of a given value are permitted within the\n  column.\n\nIf more than one of the Key values applies to a given column of a\ntable, Key displays the one with the highest priority, in the order\nPRI, UNI, MUL.\n\nA UNIQUE index may be displayed as PRI if it cannot contain NULL values\nand there is no PRIMARY KEY in the table. A UNIQUE index may display as\nMUL if several columns form a composite UNIQUE index; although the\ncombination of the columns is unique, each column can still hold\nmultiple occurrences of a given value.\n\nThe Default field indicates the default value that is assigned to the\ncolumn. This is NULL if the column has an explicit default of NULL, or\nif the column definition has no DEFAULT clause.\n\nThe Extra field contains any additional information that is available\nabout a given column. The value is nonempty in these cases:\nauto_increment for columns that have the AUTO_INCREMENT attribute; on\nupdate CURRENT_TIMESTAMP for TIMESTAMP columns that have the ON UPDATE\nCURRENT_TIMESTAMP attribute.\n\nPrivileges indicates the privileges you have for the column. This value\nis displayed only if you use the FULL keyword.\n\nComment indicates any comment the column has. This value is displayed\nonly if you use the FULL keyword.\n\nSHOW FIELDS is a synonym for SHOW COLUMNS. You can also list a table\'s\ncolumns with the mysqlshow db_name tbl_name command.\n\nThe DESCRIBE statement provides information similar to SHOW COLUMNS.\nSee [HELP DESCRIBE].\n\nThe SHOW CREATE TABLE, SHOW TABLE STATUS, and SHOW INDEX statements\nalso provide information about tables. See [HELP SHOW].\n\nURL: https://mariadb.com/kb/en/show-columns/\n\n','','https://mariadb.com/kb/en/show-columns/'),(22,'CREATE TRIGGER',39,'Syntax:\nCREATE\n    [DEFINER = { user | CURRENT_USER }]\n    TRIGGER trigger_name trigger_time trigger_event\n    ON tbl_name FOR EACH ROW trigger_body\n\nThis statement creates a new trigger. A trigger is a named database\nobject that is associated with a table, and that activates when a\nparticular event occurs for the table. The trigger becomes associated\nwith the table named tbl_name, which must refer to a permanent table.\nYou cannot associate a trigger with a TEMPORARY table or a view.\n\nCREATE TRIGGER requires the TRIGGER privilege for the table associated\nwith the trigger. The statement might also require the SUPER privilege,\ndepending on the DEFINER value, as described later in this section. If\nbinary logging is enabled, CREATE TRIGGER might require the SUPER\nprivilege, as described in\nhttps://mariadb.com/kb/en/binary-logging-of-stored-routines/.\n\nThe DEFINER clause determines the security context to be used when\nchecking access privileges at trigger activation time. See later in\nthis section for more information.\n\ntrigger_time is the trigger action time. It can be BEFORE or AFTER to\nindicate that the trigger activates before or after each row to be\nmodified.\n\ntrigger_event indicates the kind of statement that activates the\ntrigger. The trigger_event can be one of the following:\n\no INSERT: The trigger is activated whenever a new row is inserted into\n  the table; for example, through INSERT, LOAD DATA, and REPLACE\n  statements.\n\no UPDATE: The trigger is activated whenever a row is modified; for\n  example, through UPDATE statements.\n\no DELETE: The trigger is activated whenever a row is deleted from the\n  table; for example, through DELETE and REPLACE statements. However,\n  DROP TABLE and TRUNCATE TABLE statements on the table do not activate\n  this trigger, because they do not use DELETE. Dropping a partition\n  does not activate DELETE triggers, either. See [HELP TRUNCATE TABLE].\n\nURL: https://mariadb.com/kb/en/create-trigger/\n\n','','https://mariadb.com/kb/en/create-trigger/'),(23,'MONTH',31,'Syntax:\nMONTH(date)\n\nReturns the month for date, in the range 1 to 12 for January to\nDecember, or 0 for dates such as \'0000-00-00\' or \'2008-00-00\' that have\na zero month part.\n\nURL: https://mariadb.com/kb/en/month/\n\n','MariaDB> SELECT MONTH(\'2008-02-03\');\n        -> 2\n','https://mariadb.com/kb/en/month/'),(24,'TINYINT',22,'TINYINT[(M)] [UNSIGNED] [ZEROFILL]\n\nA very small integer. The signed range is -128 to 127. The unsigned\nrange is 0 to 255.\n\nURL: https://mariadb.com/kb/en/tinyint/\n\n','','https://mariadb.com/kb/en/tinyint/'),(25,'SHOW TRIGGERS',26,'Syntax:\nSHOW TRIGGERS [{FROM | IN} db_name]\n    [LIKE \'pattern\' | WHERE expr]\n\nSHOW TRIGGERS lists the triggers currently defined for tables in a\ndatabase (the default database unless a FROM clause is given). This\nstatement returns results only for databases and tables for which you\nhave the TRIGGER privilege. The LIKE clause, if present, indicates\nwhich table names to match and causes the statement to display triggers\nfor those tables. The WHERE clause can be given to select rows using\nmore general conditions, as discussed in\nhttps://mariadb.com/kb/en/extended-show/.\n\nFor the trigger ins_sum as defined in\nhttps://mariadb.com/kb/en/triggers/, the output of\nthis statement is as shown here:\n\nMariaDB> SHOW TRIGGERS LIKE \'acc%\'\\G\n*************************** 1. row ***************************\n             Trigger: ins_sum\n               Event: INSERT\n               Table: account\n           Statement: SET @sum = @sum + NEW.amount\n              Timing: BEFORE\n             Created: NULL\n            sql_mode:\n             Definer: myname@localhost\ncharacter_set_client: latin1\ncollation_connection: latin1_swedish_ci\n  Database Collation: latin1_swedish_ci\n\ncharacter_set_client is the session value of the character_set_client\nsystem variable when the trigger was created. collation_connection is\nthe session value of the collation_connection system variable when the\ntrigger was created. Database Collation is the collation of the\ndatabase with which the trigger is associated.\n\nURL: https://mariadb.com/kb/en/show-triggers/\n\n','','https://mariadb.com/kb/en/show-triggers/'),(26,'MASTER_POS_WAIT',14,'Syntax:\nMASTER_POS_WAIT(log_name,log_pos[,timeout])\n\nThis function is useful for control of master/slave synchronization. It\nblocks until the slave has read and applied all updates up to the\nspecified position in the master log. The return value is the number of\nlog events the slave had to wait for to advance to the specified\nposition. The function returns NULL if the slave SQL thread is not\nstarted, the slave\'s master information is not initialized, the\narguments are incorrect, or an error occurs. It returns -1 if the\ntimeout has been exceeded. If the slave SQL thread stops while\nMASTER_POS_WAIT() is waiting, the function returns NULL. If the slave\nis past the specified position, the function returns immediately.\n\nIf a timeout value is specified, MASTER_POS_WAIT() stops waiting when\ntimeout seconds have elapsed. timeout must be greater than 0; a zero or\nnegative timeout means no timeout.\n\nURL: https://mariadb.com/kb/en/master_pos_wait/\n\n','','https://mariadb.com/kb/en/master_pos_wait/'),(27,'REGEXP',37,'Syntax:\nexpr REGEXP pat, expr RLIKE pat\n\nPerforms a pattern match of a string expression expr against a pattern\npat. The pattern can be an extended regular expression. The syntax for\nregular expressions is discussed in\nhttps://mariadb.com/kb/en/regexp/. Returns 1 if expr\nmatches pat; otherwise it returns 0. If either expr or pat is NULL, the\nresult is NULL. RLIKE is a synonym for REGEXP, provided for mSQL\ncompatibility.\n\nThe pattern need not be a literal string. For example, it can be\nspecified as a string expression or table column.\n\n*Note*: Because MySQL uses the C escape syntax in strings (for example,\n\"\\n\" to represent the newline character), you must double any \"\\\" that\nyou use in your REGEXP strings.\n\nREGEXP is not case sensitive, except when used with binary strings.\n\nURL: https://mariadb.com/kb/en/regexp/\n\n','MariaDB> SELECT \'Monty!\' REGEXP \'.*\';\n        -> 1\nMariaDB> SELECT \'new*\\n*line\' REGEXP \'new\\\\*.\\\\*line\';\n        -> 1\nMariaDB> SELECT \'a\' REGEXP \'A\', \'a\' REGEXP BINARY \'A\';\n        -> 1  0\nMariaDB> SELECT \'a\' REGEXP \'^[a-d]\';\n        -> 1\n','https://mariadb.com/kb/en/regexp/'),(28,'IF STATEMENT',23,'Syntax:\nIF search_condition THEN statement_list\n    [ELSEIF search_condition THEN statement_list] ...\n    [ELSE statement_list]\nEND IF\n\nThe IF statement for stored programs implements a basic conditional\nconstruct.\n\n*Note*: There is also an IF() function, which differs from the IF\nstatement described here. See\nhttps://mariadb.com/kb/en/if-function/. The\nIF statement can have THEN, ELSE, and ELSEIF clauses, and it is\nterminated with END IF.\n\nIf the search_condition evaluates to true, the corresponding THEN or\nELSEIF clause statement_list executes. If no search_condition matches,\nthe ELSE clause statement_list executes.\n\nEach statement_list consists of one or more SQL statements; an empty\nstatement_list is not permitted.\n\nURL: https://mariadb.com/kb/en/if-statement/\n\n','','https://mariadb.com/kb/en/if-statement/'),(29,'^',19,'Syntax:\n^\n\nBitwise XOR:\n\nURL: https://mariadb.com/kb/en/bitwise-xor/\n\n','MariaDB> SELECT 1 ^ 1;\n        -> 0\nMariaDB> SELECT 1 ^ 0;\n        -> 1\nMariaDB> SELECT 11 ^ 3;\n        -> 8\n','https://mariadb.com/kb/en/bitwise-xor/'),(30,'DROP VIEW',39,'Syntax:\nDROP VIEW [IF EXISTS]\n    view_name [, view_name] ...\n    [RESTRICT | CASCADE]\n\nDROP VIEW removes one or more views. You must have the DROP privilege\nfor each view. If any of the views named in the argument list do not\nexist, MySQL returns an error indicating by name which nonexisting\nviews it was unable to drop, but it also drops all of the views in the\nlist that do exist.\n\nThe IF EXISTS clause prevents an error from occurring for views that\ndon\'t exist. When this clause is given, a NOTE is generated for each\nnonexistent view. See [HELP SHOW WARNINGS].\n\nRESTRICT and CASCADE, if given, are parsed and ignored.\n\nURL: https://mariadb.com/kb/en/drop-view/\n\n','','https://mariadb.com/kb/en/drop-view/'),(31,'WITHIN',30,'Within(g1,g2)\n\nReturns 1 or 0 to indicate whether g1 is spatially within g2. This\ntests the opposite relationship as Contains().\n\nURL: https://mariadb.com/kb/en/within/\n\n','','https://mariadb.com/kb/en/within/'),(32,'WEEK',31,'Syntax:\nWEEK(date[,mode])\n\nThis function returns the week number for date. The two-argument form\nof WEEK() enables you to specify whether the week starts on Sunday or\nMonday and whether the return value should be in the range from 0 to 53\nor from 1 to 53. If the mode argument is omitted, the value of the\ndefault_week_format system variable is used. See\nhttps://mariadb.com/kb/en/server-system-variables/.\n\nURL: https://mariadb.com/kb/en/week/\n\n','MariaDB> SELECT WEEK(\'2008-02-20\');\n        -> 7\nMariaDB> SELECT WEEK(\'2008-02-20\',0);\n        -> 7\nMariaDB> SELECT WEEK(\'2008-02-20\',1);\n        -> 8\nMariaDB> SELECT WEEK(\'2008-12-31\',1);\n        -> 53\n','https://mariadb.com/kb/en/week/'),(33,'SHOW PLUGINS',26,'Syntax:\nSHOW PLUGINS\n\nSHOW PLUGINS displays information about server plugins. Plugin\ninformation is also available in the INFORMATION_SCHEMA.PLUGINS table.\nSee https://mariadb.com/kb/en/information_schemaplugins-table/.\n\nExample of SHOW PLUGINS output:\n\nMariaDB> SHOW PLUGINS\\G\n*************************** 1. row ***************************\n   Name: binlog\n Status: ACTIVE\n   Type: STORAGE ENGINE\nLibrary: NULL\nLicense: GPL\n*************************** 2. row ***************************\n   Name: CSV\n Status: ACTIVE\n   Type: STORAGE ENGINE\nLibrary: NULL\nLicense: GPL\n*************************** 3. row ***************************\n   Name: MEMORY\n Status: ACTIVE\n   Type: STORAGE ENGINE\nLibrary: NULL\nLicense: GPL\n*************************** 4. row ***************************\n   Name: MyISAM\n Status: ACTIVE\n   Type: STORAGE ENGINE\nLibrary: NULL\nLicense: GPL\n...\n\nURL: https://mariadb.com/kb/en/show-plugins/\n\n','','https://mariadb.com/kb/en/show-plugins/'),(34,'DROP FUNCTION UDF',21,'Syntax:\nDROP FUNCTION function_name\n\nThis statement drops the user-defined function (UDF) named\nfunction_name.\n\nTo drop a function, you must have the DELETE privilege for the mysql\ndatabase. This is because DROP FUNCTION removes a row from the\nmysql.func system table that records the function\'s name, type, and\nshared library name.\n\nURL: https://mariadb.com/kb/en/drop-function-udf/\n\n','','https://mariadb.com/kb/en/drop-function-udf/'),(35,'PREPARE',8,'Syntax:\nPREPARE stmt_name FROM preparable_stmt\n\nThe PREPARE statement prepares a statement and assigns it a name,\nstmt_name, by which to refer to the statement later. Statement names\nare not case sensitive. preparable_stmt is either a string literal or a\nuser variable that contains the text of the statement. The text must\nrepresent a single SQL statement, not multiple statements. Within the\nstatement, \"?\" characters can be used as parameter markers to indicate\nwhere data values are to be bound to the query later when you execute\nit. The \"?\" characters should not be enclosed within quotation marks,\neven if you intend to bind them to string values. Parameter markers can\nbe used only where data values should appear, not for SQL keywords,\nidentifiers, and so forth.\n\nIf a prepared statement with the given name already exists, it is\ndeallocated implicitly before the new statement is prepared. This means\nthat if the new statement contains an error and cannot be prepared, an\nerror is returned and no statement with the given name exists.\n\nA prepared statement is executed with EXECUTE and released with\nDEALLOCATE PREPARE.\n\nThe scope of a prepared statement is the session within which it is\ncreated. Other sessions cannot see it.\n\nURL: https://mariadb.com/kb/en/prepare-statement/\n\n','','https://mariadb.com/kb/en/prepare-statement/'),(36,'LOCK',8,'Syntax:\nLOCK TABLES\n    tbl_name [[AS] alias] lock_type\n    [, tbl_name [[AS] alias] lock_type] ...\n\nlock_type:\n    READ [LOCAL]\n  | [LOW_PRIORITY] WRITE\n\nUNLOCK TABLES\n\nMySQL enables client sessions to acquire table locks explicitly for the\npurpose of cooperating with other sessions for access to tables, or to\nprevent other sessions from modifying tables during periods when a\nsession requires exclusive access to them. A session can acquire or\nrelease locks only for itself. One session cannot acquire locks for\nanother session or release locks held by another session.\n\nLocks may be used to emulate transactions or to get more speed when\nupdating tables. This is explained in more detail later in this\nsection.\n\nLOCK TABLES explicitly acquires table locks for the current client\nsession. Table locks can be acquired for base tables or views. You must\nhave the LOCK TABLES privilege, and the SELECT privilege for each\nobject to be locked.\n\nFor view locking, LOCK TABLES adds all base tables used in the view to\nthe set of tables to be locked and locks them automatically. If you\nlock a table explicitly with LOCK TABLES, any tables used in triggers\nare also locked implicitly, as described in\nhttps://mariadb.com/kb/en/triggers-and-implicit-locks/.\n\nUNLOCK TABLES explicitly releases any table locks held by the current\nsession. LOCK TABLES implicitly releases any table locks held by the\ncurrent session before acquiring new locks.\n\nAnother use for UNLOCK TABLES is to release the global read lock\nacquired with the FLUSH TABLES WITH READ LOCK statement, which enables\nyou to lock all tables in all databases. See [HELP FLUSH]. (This is a\nvery convenient way to get backups if you have a file system such as\nVeritas that can take snapshots in time.)\n\nURL: https://mariadb.com/kb/en/transactions-lock/\n\n','','https://mariadb.com/kb/en/transactions-lock/'),(37,'UPDATEXML',37,'Syntax:\nUpdateXML(xml_target, xpath_expr, new_xml)\n\nThis function replaces a single portion of a given fragment of XML\nmarkup xml_target with a new XML fragment new_xml, and then returns the\nchanged XML. The portion of xml_target that is replaced matches an\nXPath expression xpath_expr supplied by the user. In MySQL 5.5, the\nXPath expression can contain at most 127 characters. (This limitation\nis lifted in MySQL 5.6.)\n\nIf no expression matching xpath_expr is found, or if multiple matches\nare found, the function returns the original xml_target XML fragment.\nAll three arguments should be strings.\n\nURL: https://mariadb.com/kb/en/updatexml/\n\n','MariaDB> SELECT\n    ->   UpdateXML(\'<a><b>ccc</b><d></d></a>\', \'/a\', \'<e>fff</e>\') AS val1,\n    ->   UpdateXML(\'<a><b>ccc</b><d></d></a>\', \'/b\', \'<e>fff</e>\') AS val2,\n    ->   UpdateXML(\'<a><b>ccc</b><d></d></a>\', \'//b\', \'<e>fff</e>\') AS val3,\n    ->   UpdateXML(\'<a><b>ccc</b><d></d></a>\', \'/a/d\', \'<e>fff</e>\') AS val4,\n    ->   UpdateXML(\'<a><d></d><b>ccc</b><d></d></a>\', \'/a/d\', \'<e>fff</e>\') AS val5\n    -> \\G\n\n*************************** 1. row ***************************\nval1: <e>fff</e>\nval2: <a><b>ccc</b><d></d></a>\nval3: <a><e>fff</e><d></d></a>\nval4: <a><b>ccc</b><e>fff</e></a>\nval5: <a><d></d><b>ccc</b><d></d></a>\n','https://mariadb.com/kb/en/updatexml/'),(38,'RESET SLAVE',8,'Syntax:\nRESET SLAVE [ALL]\n\nRESET SLAVE makes the slave forget its replication position in the\nmaster\'s binary log. This statement is meant to be used for a clean\nstart: It deletes the master.info and relay-log.info files, all the\nrelay log files, and starts a new relay log file. To use RESET SLAVE,\nthe slave replication threads must be stopped (use STOP SLAVE if\nnecessary).\n\n*Note*: All relay log files are deleted, even if they have not been\ncompletely executed by the slave SQL thread. (This is a condition\nlikely to exist on a replication slave if you have issued a STOP SLAVE\nstatement or if the slave is highly loaded.)\n\nIn MySQL 5.5 (unlike the case in MySQL 5.1 and earlier), RESET SLAVE\ndoes not change any replication connection parameters such as master\nhost, master port, master user, or master password, which are retained\nin memory. This means that START SLAVE can be issued without requiring\na CHANGE MASTER TO statement following RESET SLAVE.\n\nIn MySQL 5.5.16 and later, you can use RESET SLAVE ALL to reset these\nconnection parameters (Bug #11809016). Connection parameters are also\nreset if the slave mysqld is shut down.\n\nIf the slave SQL thread was in the middle of replicating temporary\ntables when it was stopped, and RESET SLAVE is issued, these replicated\ntemporary tables are deleted on the slave.\n\nURL: https://mariadb.com/kb/en/reset-slave-connection_name/\n\n','','https://mariadb.com/kb/en/reset-slave-connection_name/'),(39,'SHOW BINARY LOGS',26,'Syntax:\nSHOW BINARY LOGS\nSHOW MASTER LOGS\n\nLists the binary log files on the server. This statement is used as\npart of the procedure described in [HELP PURGE BINARY LOGS], that shows\nhow to determine which logs can be purged.\n\nMariaDB> SHOW BINARY LOGS;\n+---------------+-----------+\n| Log_name      | File_size |\n+---------------+-----------+\n| binlog.000015 |    724935 |\n| binlog.000016 |    733481 |\n+---------------+-----------+\n\nURL: https://mariadb.com/kb/en/show-binary-logs/\n\n','','https://mariadb.com/kb/en/show-binary-logs/'),(40,'POLYGON',24,'Polygon(ls1,ls2,...)\n\nConstructs a Polygon value from a number of LineString or WKB\nLineString arguments. If any argument does not represent a LinearRing\n(that is, not a closed and simple LineString), the return value is\nNULL.\n\nURL: https://mariadb.com/kb/en/polygon/\n\n','','https://mariadb.com/kb/en/polygon/'),(41,'MINUTE',31,'Syntax:\nMINUTE(time)\n\nReturns the minute for time, in the range 0 to 59.\n\nURL: https://mariadb.com/kb/en/minute/\n\n','MariaDB> SELECT MINUTE(\'2008-02-03 10:05:03\');\n        -> 5\n','https://mariadb.com/kb/en/minute/'),(42,'DAY',31,'Syntax:\nDAY(date)\n\nDAY() is a synonym for DAYOFMONTH().\n\nURL: https://mariadb.com/kb/en/day/\n\n','','https://mariadb.com/kb/en/day/'),(43,'MID',37,'Syntax:\nMID(str,pos,len)\n\nMID(str,pos,len) is a synonym for SUBSTRING(str,pos,len).\n\nURL: https://mariadb.com/kb/en/mid/\n\n','','https://mariadb.com/kb/en/mid/'),(44,'UUID',14,'Syntax:\nUUID()\n\nReturns a Universal Unique Identifier (UUID) generated according to\n\"DCE 1.1: Remote Procedure Call\" (Appendix A) CAE (Common Applications\nEnvironment) Specifications published by The Open Group in October 1997\n(Document Number C706,\nhttp://www.opengroup.org/public/pubs/catalog/c706.htm).\n\nA UUID is designed as a number that is globally unique in space and\ntime. Two calls to UUID() are expected to generate two different\nvalues, even if these calls are performed on two separate computers\nthat are not connected to each other.\n\nA UUID is a 128-bit number represented by a utf8 string of five\nhexadecimal numbers in aaaaaaaa-bbbb-cccc-dddd-eeeeeeeeeeee format:\n\no The first three numbers are generated from a timestamp.\n\no The fourth number preserves temporal uniqueness in case the timestamp\n  value loses monotonicity (for example, due to daylight saving time).\n\no The fifth number is an IEEE 802 node number that provides spatial\n  uniqueness. A random number is substituted if the latter is not\n  available (for example, because the host computer has no Ethernet\n  card, or we do not know how to find the hardware address of an\n  interface on your operating system). In this case, spatial uniqueness\n  cannot be guaranteed. Nevertheless, a collision should have very low\n  probability.\n\n  Currently, the MAC address of an interface is taken into account only\n  on FreeBSD and Linux. On other operating systems, MySQL uses a\n  randomly generated 48-bit number.\n\nURL: https://mariadb.com/kb/en/uuid/\n\n','MariaDB> SELECT UUID();\n        -> \'6ccd780c-baba-1026-9564-0040f4311e29\'\n','https://mariadb.com/kb/en/uuid/'),(45,'LINESTRING',24,'LineString(pt1,pt2,...)\n\nConstructs a LineString value from a number of Point or WKB Point\narguments. If the number of arguments is less than two, the return\nvalue is NULL.\n\nURL: https://mariadb.com/kb/en/linestring/\n\n','','https://mariadb.com/kb/en/linestring/'),(46,'SLEEP',14,'Syntax:\nSLEEP(duration)\n\nSleeps (pauses) for the number of seconds given by the duration\nargument, then returns 0. If SLEEP() is interrupted, it returns 1. The\nduration may have a fractional part given in microseconds.\n\nURL: https://mariadb.com/kb/en/sleep/\n\n','','https://mariadb.com/kb/en/sleep/'),(47,'CONNECTION_ID',17,'Syntax:\nCONNECTION_ID()\n\nReturns the connection ID (thread ID) for the connection. Every\nconnection has an ID that is unique among the set of currently\nconnected clients.\n\nURL: https://mariadb.com/kb/en/connection_id/\n\n','MariaDB> SELECT CONNECTION_ID();\n        -> 23786\n','https://mariadb.com/kb/en/connection_id/'),(48,'DELETE',27,'Syntax:\nSingle-table syntax:\n\nDELETE [LOW_PRIORITY] [QUICK] [IGNORE] FROM tbl_name\n    [WHERE where_condition]\n    [ORDER BY ...]\n    [LIMIT row_count]\n\nMultiple-table syntax:\n\nDELETE [LOW_PRIORITY] [QUICK] [IGNORE]\n    tbl_name[.*] [, tbl_name[.*]] ...\n    FROM table_references\n    [WHERE where_condition]\n\nOr:\n\nDELETE [LOW_PRIORITY] [QUICK] [IGNORE]\n    FROM tbl_name[.*] [, tbl_name[.*]] ...\n    USING table_references\n    [WHERE where_condition]\n\nFor the single-table syntax, the DELETE statement deletes rows from\ntbl_name and returns a count of the number of deleted rows. This count\ncan be obtained by calling the ROW_COUNT() function (see\nhttps://mariadb.com/kb/en/information-functions-row_count/). The\nWHERE clause, if given, specifies the conditions that identify which\nrows to delete. With no WHERE clause, all rows are deleted. If the\nORDER BY clause is specified, the rows are deleted in the order that is\nspecified. The LIMIT clause places a limit on the number of rows that\ncan be deleted.\n\nFor the multiple-table syntax, DELETE deletes from each tbl_name the\nrows that satisfy the conditions. In this case, ORDER BY and LIMIT\ncannot be used.\n\nwhere_condition is an expression that evaluates to true for each row to\nbe deleted. It is specified as described in\nhttps://mariadb.com/kb/en/select/.\n\nCurrently, you cannot delete from a table and select from the same\ntable in a subquery.\n\nYou need the DELETE privilege on a table to delete rows from it. You\nneed only the SELECT privilege for any columns that are only read, such\nas those named in the WHERE clause.\n\nAs stated, a DELETE statement with no WHERE clause deletes all rows. A\nfaster way to do this, when you do not need to know the number of\ndeleted rows, is to use TRUNCATE TABLE. However, within a transaction\nor if you have a lock on the table, TRUNCATE TABLE cannot be used\nwhereas DELETE can. See [HELP TRUNCATE TABLE], and [HELP LOCK].\n\nURL: https://mariadb.com/kb/en/delete/\n\n','','https://mariadb.com/kb/en/delete/'),(49,'ROUND',4,'Syntax:\nROUND(X), ROUND(X,D)\n\nRounds the argument X to D decimal places. The rounding algorithm\ndepends on the data type of X. D defaults to 0 if not specified. D can\nbe negative to cause D digits left of the decimal point of the value X\nto become zero.\n\nURL: https://mariadb.com/kb/en/round/\n\n','MariaDB> SELECT ROUND(-1.23);\n        -> -1\nMariaDB> SELECT ROUND(-1.58);\n        -> -2\nMariaDB> SELECT ROUND(1.58);\n        -> 2\nMariaDB> SELECT ROUND(1.298, 1);\n        -> 1.3\nMariaDB> SELECT ROUND(1.298, 0);\n        -> 1\nMariaDB> SELECT ROUND(23.298, -1);\n        -> 20\n','https://mariadb.com/kb/en/round/'),(50,'NULLIF',7,'Syntax:\nNULLIF(expr1,expr2)\n\nReturns NULL if expr1 = expr2 is true, otherwise returns expr1. This is\nthe same as CASE WHEN expr1 = expr2 THEN NULL ELSE expr1 END.\n\nURL: https://mariadb.com/kb/en/nullif/\n\n','MariaDB> SELECT NULLIF(1,1);\n        -> NULL\nMariaDB> SELECT NULLIF(1,2);\n        -> 1\n','https://mariadb.com/kb/en/nullif/'),(51,'CLOSE',23,'Syntax:\nCLOSE cursor_name\n\nThis statement closes a previously opened cursor. For an example, see\nhttps://mariadb.com/kb/en/cursor-overview/.\n\nAn error occurs if the cursor is not open.\n\nIf not closed explicitly, a cursor is closed at the end of the BEGIN\n... END block in which it was declared.\n\nURL: https://mariadb.com/kb/en/close/\n\n','','https://mariadb.com/kb/en/close/'),(52,'STOP SLAVE',8,'Syntax:\nSTOP SLAVE [thread_types]\n\nthread_types:\n    [thread_type [, thread_type] ... ]\n\nthread_type: IO_THREAD | SQL_THREAD\n\nStops the slave threads. STOP SLAVE requires the SUPER privilege.\nRecommended best practice is to execute STOP SLAVE on the slave before\nstopping the slave server (see\nhttp://dev.mysql.com/doc/refman/5.5/en/server-shutdown.html, for more\ninformation).\n\nWhen using the row-based logging format: You should execute STOP SLAVE\non the slave prior to shutting down the slave server if you are\nreplicating any tables that use a nontransactional storage engine (see\nthe Note later in this section). In MySQL 5.5.9 and later, you can also\nuse STOP SLAVE SQL_THREAD for this purpose.\n\nLike START SLAVE, this statement may be used with the IO_THREAD and\nSQL_THREAD options to name the thread or threads to be stopped.\n\n*Note*: In MySQL 5.5, STOP SLAVE waits until the current replication\nevent group affecting one or more non-transactional tables has finished\nexecuting (if there is any such replication group), or until the user\nissues a KILL QUERY or KILL CONNECTION statement. (Bug #319, Bug\n#38205)\n\nURL: https://mariadb.com/kb/en/stop-slave/\n\n','','https://mariadb.com/kb/en/stop-slave/'),(53,'TIMEDIFF',31,'Syntax:\nTIMEDIFF(expr1,expr2)\n\nTIMEDIFF() returns expr1 - expr2 expressed as a time value. expr1 and\nexpr2 are time or date-and-time expressions, but both must be of the\nsame type.\n\nThe result returned by TIMEDIFF() is limited to the range allowed for\nTIME values. Alternatively, you can use either of the functions\nTIMESTAMPDIFF() and UNIX_TIMESTAMP(), both of which return integers.\n\nURL: https://mariadb.com/kb/en/timediff/\n\n','MariaDB> SELECT TIMEDIFF(\'2000:01:01 00:00:00\',\n    ->                 \'2000:01:01 00:00:00.000001\');\n        -> \'-00:00:00.000001\'\nMariaDB> SELECT TIMEDIFF(\'2008-12-31 23:59:59.000001\',\n    ->                 \'2008-12-30 01:01:01.000002\');\n        -> \'46:58:57.999999\'\n','https://mariadb.com/kb/en/timediff/'),(54,'REPLACE FUNCTION',37,'Syntax:\nREPLACE(str,from_str,to_str)\n\nReturns the string str with all occurrences of the string from_str\nreplaced by the string to_str. REPLACE() performs a case-sensitive\nmatch when searching for from_str.\n\nURL: https://mariadb.com/kb/en/replace-function/\n\n','MariaDB> SELECT REPLACE(\'www.mariadb.org\', \'w\', \'Ww\');\n        -> \'WwWwWw.mariadb.org\'\n','https://mariadb.com/kb/en/replace-function/'),(55,'USE',28,'Syntax:\nUSE db_name\n\nThe USE db_name statement tells MySQL to use the db_name database as\nthe default (current) database for subsequent statements. The database\nremains the default until the end of the session or another USE\nstatement is issued:\n\nUSE db1;\nSELECT COUNT(*) FROM mytable;   # selects from db1.mytable\nUSE db2;\nSELECT COUNT(*) FROM mytable;   # selects from db2.mytable\n\nURL: https://mariadb.com/kb/en/use/\n\n','','https://mariadb.com/kb/en/use/'),(56,'LINEFROMTEXT',3,'LineFromText(wkt[,srid]), LineStringFromText(wkt[,srid])\n\nConstructs a LINESTRING value using its WKT representation and SRID.\n\nURL: https://mariadb.com/kb/en/linefromtext/\n\n','','https://mariadb.com/kb/en/linefromtext/'),(57,'CASE OPERATOR',7,'Syntax:\nCASE value WHEN [compare_value] THEN result [WHEN [compare_value] THEN\nresult ...] [ELSE result] END\n\nCASE WHEN [condition] THEN result [WHEN [condition] THEN result ...]\n[ELSE result] END\n\nThe first version returns the result where value=compare_value. The\nsecond version returns the result for the first condition that is true.\nIf there was no matching result value, the result after ELSE is\nreturned, or NULL if there is no ELSE part.\n\nURL: https://mariadb.com/kb/en/case-operator/\n\n','MariaDB> SELECT CASE 1 WHEN 1 THEN \'one\'\n    ->     WHEN 2 THEN \'two\' ELSE \'more\' END;\n        -> \'one\'\nMariaDB> SELECT CASE WHEN 1>0 THEN \'true\' ELSE \'false\' END;\n        -> \'true\'\nMariaDB> SELECT CASE BINARY \'B\'\n    ->     WHEN \'a\' THEN 1 WHEN \'b\' THEN 2 END;\n        -> NULL\n','https://mariadb.com/kb/en/case-operator/'),(58,'SHOW MASTER STATUS',26,'Syntax:\nSHOW MASTER STATUS\n\nThis statement provides status information about the binary log files\nof the master. It requires either the SUPER or REPLICATION CLIENT\nprivilege.\n\nExample:\n\nMariaDB> SHOW MASTER STATUS;\n+---------------+----------+--------------+------------------+\n| File          | Position | Binlog_Do_DB | Binlog_Ignore_DB |\n+---------------+----------+--------------+------------------+\n| mysql-bin.003 | 73       | test         | manual,mysql     |\n+---------------+----------+--------------+------------------+\n\nURL: https://mariadb.com/kb/en/show-master-status/\n\n','','https://mariadb.com/kb/en/show-master-status/'),(59,'ADDTIME',31,'Syntax:\nADDTIME(expr1,expr2)\n\nADDTIME() adds expr2 to expr1 and returns the result. expr1 is a time\nor datetime expression, and expr2 is a time expression.\n\nURL: https://mariadb.com/kb/en/addtime/\n\n','MariaDB> SELECT ADDTIME(\'2007-12-31 23:59:59.999999\', \'1 1:1:1.000002\');\n        -> \'2008-01-02 01:01:01.000001\'\nMariaDB> SELECT ADDTIME(\'01:00:00.999999\', \'02:00:00.999998\');\n        -> \'03:00:01.999997\'\n','https://mariadb.com/kb/en/addtime/'),(60,'SPATIAL',34,'For MyISAM tables, MySQL can create spatial indexes using syntax\nsimilar to that for creating regular indexes, but extended with the\nSPATIAL keyword. Currently, columns in spatial indexes must be declared\nNOT NULL. The following examples demonstrate how to create spatial\nindexes:\n\no With CREATE TABLE:\n\nCREATE TABLE geom (g GEOMETRY NOT NULL, SPATIAL INDEX(g)) ENGINE=MyISAM;\n\no With ALTER TABLE:\n\nALTER TABLE geom ADD SPATIAL INDEX(g);\n\no With CREATE INDEX:\n\nCREATE SPATIAL INDEX sp_index ON geom (g);\n\nFor MyISAM tables, SPATIAL INDEX creates an R-tree index. For storage\nengines that support nonspatial indexing of spatial columns, the engine\ncreates a B-tree index. A B-tree index on spatial values will be useful\nfor exact-value lookups, but not for range scans.\n\nFor more information on indexing spatial columns, see [HELP CREATE\nINDEX].\n\nTo drop spatial indexes, use ALTER TABLE or DROP INDEX:\n\no With ALTER TABLE:\n\nALTER TABLE geom DROP INDEX g;\n\no With DROP INDEX:\n\nDROP INDEX sp_index ON geom;\n\nExample: Suppose that a table geom contains more than 32,000\ngeometries, which are stored in the column g of type GEOMETRY. The\ntable also has an AUTO_INCREMENT column fid for storing object ID\nvalues.\n\nURL: https://mariadb.com/kb/en/spatial/\n\n','','https://mariadb.com/kb/en/spatial/'),(61,'TO_SECONDS',31,'Syntax:\nTO_SECONDS(expr)\n\nGiven a date or datetime expr, returns a the number of seconds since\nthe year 0. If expr is not a valid date or datetime value, returns\nNULL.\n\nURL: https://mariadb.com/kb/en/to_seconds/\n\n','MariaDB> SELECT TO_SECONDS(950501);\n        -> 62966505600\nMariaDB> SELECT TO_SECONDS(\'2009-11-29\');\n        -> 63426672000\nMariaDB> SELECT TO_SECONDS(\'2009-11-29 13:43:32\');\n        -> 63426721412\nMariaDB> SELECT TO_SECONDS( NOW() );\n        -> 63426721458\n','https://mariadb.com/kb/en/to_seconds/'),(62,'TIMESTAMPDIFF',31,'Syntax:\nTIMESTAMPDIFF(unit,datetime_expr1,datetime_expr2)\n\nReturns datetime_expr2 - datetime_expr1, where datetime_expr1 and\ndatetime_expr2 are date or datetime expressions. One expression may be\na date and the other a datetime; a date value is treated as a datetime\nhaving the time part \'00:00:00\' where necessary. The unit for the\nresult (an integer) is given by the unit argument. The legal values for\nunit are the same as those listed in the description of the\nTIMESTAMPADD() function.\n\nURL: https://mariadb.com/kb/en/timestampdiff/\n\n','MariaDB> SELECT TIMESTAMPDIFF(MONTH,\'2003-02-01\',\'2003-05-01\');\n        -> 3\nMariaDB> SELECT TIMESTAMPDIFF(YEAR,\'2002-05-01\',\'2001-01-01\');\n        -> -1\nMariaDB> SELECT TIMESTAMPDIFF(MINUTE,\'2003-02-01\',\'2003-05-01 12:05:55\');\n        -> 128885\n','https://mariadb.com/kb/en/timestampdiff/'),(63,'UPPER',37,'Syntax:\nUPPER(str)\n\nReturns the string str with all characters changed to uppercase\naccording to the current character set mapping. The default is latin1\n(cp1252 West European).\n\nMariaDB> SELECT UPPER(\'Hej\');\n        -> \'HEJ\'\n\nSee the description of LOWER() for information that also applies to\nUPPER(), such as information about how to perform lettercase conversion\nof binary strings (BINARY, VARBINARY, BLOB) for which these functions\nare ineffective.\n\nURL: https://mariadb.com/kb/en/upper/\n\n','','https://mariadb.com/kb/en/upper/'),(64,'FROM_UNIXTIME',31,'Syntax:\nFROM_UNIXTIME(unix_timestamp), FROM_UNIXTIME(unix_timestamp,format)\n\nReturns a representation of the unix_timestamp argument as a value in\n\'YYYY-MM-DD HH:MM:SS\' or YYYYMMDDHHMMSS.uuuuuu format, depending on\nwhether the function is used in a string or numeric context. The value\nis expressed in the current time zone. unix_timestamp is an internal\ntimestamp value such as is produced by the UNIX_TIMESTAMP() function.\n\nIf format is given, the result is formatted according to the format\nstring, which is used the same way as listed in the entry for the\nDATE_FORMAT() function.\n\nURL: https://mariadb.com/kb/en/from_unixtime/\n\n','MariaDB> SELECT FROM_UNIXTIME(1196440219);\n        -> \'2007-11-30 10:30:19\'\nMariaDB> SELECT FROM_UNIXTIME(1196440219) + 0;\n        -> 20071130103019.000000\nMariaDB> SELECT FROM_UNIXTIME(UNIX_TIMESTAMP(),\n    ->                      \'%Y %D %M %h:%i:%s %x\');\n        -> \'2007 30th November 10:30:59 2007\'\n','https://mariadb.com/kb/en/from_unixtime/'),(65,'MEDIUMBLOB',22,'MEDIUMBLOB\n\nA BLOB column with a maximum length of 16,777,215 (224 - 1) bytes. Each\nMEDIUMBLOB value is stored using a 3-byte length prefix that indicates\nthe number of bytes in the value.\n\nURL: https://mariadb.com/kb/en/mediumblob/\n\n','','https://mariadb.com/kb/en/mediumblob/'),(66,'SHA2',12,'Syntax:\nSHA2(str, hash_length)\n\nCalculates the SHA-2 family of hash functions (SHA-224, SHA-256,\nSHA-384, and SHA-512). The first argument is the cleartext string to be\nhashed. The second argument indicates the desired bit length of the\nresult, which must have a value of 224, 256, 384, 512, or 0 (which is\nequivalent to 256). If either argument is NULL or the hash length is\nnot one of the permitted values, the return value is NULL. Otherwise,\nthe function result is a hash value containing the desired number of\nbits. See the notes at the beginning of this section about storing hash\nvalues efficiently.\n\nAs of MySQL 5.5.6, the return value is a nonbinary string in the\nconnection character set. Before 5.5.6, the return value is a binary\nstring; see the notes at the beginning of this section about using the\nvalue as a nonbinary string.\n\nURL: https://mariadb.com/kb/en/sha2/\n\n','MariaDB> SELECT SHA2(\'abc\', 224);\n        -> \'23097d223405d8228642a477bda255b32aadbce4bda0b3f7e36c9da7\'\n','https://mariadb.com/kb/en/sha2/'),(67,'IFNULL',7,'Syntax:\nIFNULL(expr1,expr2)\n\nIf expr1 is not NULL, IFNULL() returns expr1; otherwise it returns\nexpr2. IFNULL() returns a numeric or string value, depending on the\ncontext in which it is used.\n\nURL: https://mariadb.com/kb/en/ifnull/\n\n','MariaDB> SELECT IFNULL(1,0);\n        -> 1\nMariaDB> SELECT IFNULL(NULL,10);\n        -> 10\nMariaDB> SELECT IFNULL(1/0,10);\n        -> 10\nMariaDB> SELECT IFNULL(1/0,\'yes\');\n        -> \'yes\'\n','https://mariadb.com/kb/en/ifnull/'),(68,'SHOW FUNCTION CODE',26,'Syntax:\nSHOW FUNCTION CODE func_name\n\nThis statement is similar to SHOW PROCEDURE CODE but for stored\nfunctions. See [HELP SHOW PROCEDURE CODE].\n\nURL: https://mariadb.com/kb/en/show-function-code/\n\n','','https://mariadb.com/kb/en/show-function-code/'),(69,'SHOW ERRORS',26,'Syntax:\nSHOW ERRORS [LIMIT [offset,] row_count]\nSHOW COUNT(*) ERRORS\n\nThis statement is similar to SHOW WARNINGS, except that it displays\ninformation only for errors, rather than for errors, warnings, and\nnotes.\n\nThe LIMIT clause has the same syntax as for the SELECT statement. See\nhttps://mariadb.com/kb/en/select/.\n\nThe SHOW COUNT(*) ERRORS statement displays the number of errors. You\ncan also retrieve this number from the error_count variable:\n\nSHOW COUNT(*) ERRORS;\nSELECT @@error_count;\n\nSHOW ERRORS and error_count apply only to errors, not warnings or\nnotes. In other respects, they are similar to SHOW WARNINGS and\nwarning_count. In particular, SHOW ERRORS cannot display information\nfor more than max_error_count messages, and error_count can exceed the\nvalue of max_error_count if the number of errors exceeds\nmax_error_count.\n\nURL: https://mariadb.com/kb/en/show-errors/\n\n','','https://mariadb.com/kb/en/show-errors/'),(70,'LEAST',18,'Syntax:\nLEAST(value1,value2,...)\n\nWith two or more arguments, returns the smallest (minimum-valued)\nargument. The arguments are compared using the following rules:\n\no If any argument is NULL, the result is NULL. No comparison is needed.\n\no If the return value is used in an INTEGER context or all arguments\n  are integer-valued, they are compared as integers.\n\no If the return value is used in a REAL context or all arguments are\n  real-valued, they are compared as reals.\n\no If the arguments comprise a mix of numbers and strings, they are\n  compared as numbers.\n\no If any argument is a nonbinary (character) string, the arguments are\n  compared as nonbinary strings.\n\no In all other cases, the arguments are compared as binary strings.\n\nURL: https://mariadb.com/kb/en/least/\n\n','MariaDB> SELECT LEAST(2,0);\n        -> 0\nMariaDB> SELECT LEAST(34.0,3.0,5.0,767.0);\n        -> 3.0\nMariaDB> SELECT LEAST(\'B\',\'A\',\'C\');\n        -> \'A\'\n','https://mariadb.com/kb/en/least/'),(71,'=',18,'=\n\nEqual:\n\nURL: https://mariadb.com/kb/en/equal/\n\n','MariaDB> SELECT 1 = 0;\n        -> 0\nMariaDB> SELECT \'0\' = 0;\n        -> 1\nMariaDB> SELECT \'0.0\' = 0;\n        -> 1\nMariaDB> SELECT \'0.01\' = 0;\n        -> 0\nMariaDB> SELECT \'.01\' = 0.01;\n        -> 1\n','https://mariadb.com/kb/en/equal/'),(72,'REVERSE',37,'Syntax:\nREVERSE(str)\n\nReturns the string str with the order of the characters reversed.\n\nURL: https://mariadb.com/kb/en/reverse/\n\n','MariaDB> SELECT REVERSE(\'abc\');\n        -> \'cba\'\n','https://mariadb.com/kb/en/reverse/'),(73,'ISNULL',18,'Syntax:\nISNULL(expr)\n\nIf expr is NULL, ISNULL() returns 1, otherwise it returns 0.\n\nURL: https://mariadb.com/kb/en/isnull/\n\n','MariaDB> SELECT ISNULL(1+1);\n        -> 0\nMariaDB> SELECT ISNULL(1/0);\n        -> 1\n','https://mariadb.com/kb/en/isnull/'),(74,'BINARY',22,'BINARY(M)\n\nThe BINARY type is similar to the CHAR type, but stores binary byte\nstrings rather than nonbinary character strings. M represents the\ncolumn length in bytes.\n\nURL: https://mariadb.com/kb/en/binary/\n\n','','https://mariadb.com/kb/en/binary/'),(75,'BLOB DATA TYPE',22,'A BLOB is a binary large object that can hold a variable amount of\ndata. The four BLOB types are TINYBLOB, BLOB, MEDIUMBLOB, and LONGBLOB.\nThese differ only in the maximum length of the values they can hold.\nThe four TEXT types are TINYTEXT, TEXT, MEDIUMTEXT, and LONGTEXT. These\ncorrespond to the four BLOB types and have the same maximum lengths and\nstorage requirements. See\nhttps://mariadb.com/kb/en/data-type-storage-requirements/.\n\nURL: https://mariadb.com/kb/en/sql_language-data_types-blob/\n\n','','https://mariadb.com/kb/en/sql_language-data_types-blob/'),(76,'BOUNDARY',36,'Boundary(g)\n\nReturns a geometry that is the closure of the combinatorial boundary of\nthe geometry value g.\n\nURL: https://mariadb.com/kb/en/boundary/\n\n','','https://mariadb.com/kb/en/boundary/'),(77,'CREATE USER',10,'Syntax:\nCREATE USER user_specification\n    [, user_specification] ...\n\nuser_specification:\n    user\n    [\n        IDENTIFIED BY [PASSWORD] \'password\'\n      | IDENTIFIED WITH auth_plugin [AS \'auth_string\']\n    ]\n\nThe CREATE USER statement creates new MySQL accounts. To use it, you\nmust have the global CREATE USER privilege or the INSERT privilege for\nthe mysql database. For each account, CREATE USER creates a new row in\nthe mysql.user table and assigns the account no privileges. An error\noccurs if the account already exists.\n\nEach account name uses the format described in\nhttps://mariadb.com/kb/en/create-user#account-names. For example:\n\nCREATE USER \'jeffrey\'@\'localhost\' IDENTIFIED BY \'mypass\';\n\nIf you specify only the user name part of the account name, a host name\npart of \'%\' is used.\n\nThe user specification may indicate how the user should authenticate\nwhen connecting to the server:\n\no To enable the user to connect with no password (which is insecure),\n  include no IDENTIFIED BY clause:\n\nCREATE USER \'jeffrey\'@\'localhost\';\n\n  In this case, the account uses built-in authentication and clients\n  must provide no password.\n\no To assign a password, use IDENTIFIED BY with the literal plaintext\n  password value:\n\nCREATE USER \'jeffrey\'@\'localhost\' IDENTIFIED BY \'mypass\';\n\n  The account uses built-in authentication and clients must match the\n  given password.\n\no To avoid specifying the plaintext password if you know its hash value\n  (the value that PASSWORD() would return for the password), specify\n  the hash value preceded by the keyword PASSWORD:\n\nCREATE USER \'jeffrey\'@\'localhost\'\nIDENTIFIED BY PASSWORD \'*90E462C37378CED12064BB3388827D2BA3A9B689\';\n\n  The account uses built-in authentication and clients must match the\n  given password.\n\no To authenticate the account using a specific authentication plugin,\n  use IDENTIFIED WITH, where auth_plugin is the plugin name. It can be\n  an unquoted name or a quoted string literal. \'auth_string\' is an\n  optional quoted string literal to pass to the plugin. The plugin\n  interprets the meaning of the string, so its format is plugin\n  specific. Consult the documentation for a given plugin for\n  information about the authentication string values it accepts.\n\nCREATE USER \'jeffrey\'@\'localhost\'\nIDENTIFIED WITH my_auth_plugin;\n\n  For connections that use this account, the server invokes the named\n  plugin and clients must provide credentials as required for the\n  authentication method that the plugin implements. If the server\n  cannot find the plugin, either at account-creation time or connect\n  time, an error occurs. IDENTIFIED WITH can be used as of MySQL 5.5.7.\n\nThe IDENTIFIED BY and IDENTIFIED WITH clauses are mutually exclusive,\nso at most one of them can be specified for a given user.\n\nFor additional information about setting passwords, see\nhttps://mariadb.com/kb/en/create-user/.\n\nURL: https://mariadb.com/kb/en/create-user/\n\n','','https://mariadb.com/kb/en/create-user/'),(78,'POINT',24,'Point(x,y)\n\nConstructs a Point using its coordinates.\n\nURL: https://mariadb.com/kb/en/point/\n\n','','https://mariadb.com/kb/en/point/'),(79,'CURRENT_USER',17,'Syntax:\nCURRENT_USER, CURRENT_USER()\n\nReturns the user name and host name combination for the MySQL account\nthat the server used to authenticate the current client. This account\ndetermines your access privileges. The return value is a string in the\nutf8 character set.\n\nThe value of CURRENT_USER() can differ from the value of USER().\n\nURL: https://mariadb.com/kb/en/current_user/\n\n','MariaDB> SELECT USER();\n        -> \'davida@localhost\'\nMariaDB> SELECT * FROM mysql.user;\nERROR 1044: Access denied for user \'\'@\'localhost\' to\ndatabase \'mysql\'\nMariaDB> SELECT CURRENT_USER();\n        -> \'@localhost\'\n','https://mariadb.com/kb/en/current_user/'),(80,'LCASE',37,'Syntax:\nLCASE(str)\n\nLCASE() is a synonym for LOWER().\n\nURL: https://mariadb.com/kb/en/lcase/\n\n','','https://mariadb.com/kb/en/lcase/'),(81,'<=',18,'Syntax:\n<=\n\nLess than or equal:\n\nURL: https://mariadb.com/kb/en/less-than-or-equal/\n\n','MariaDB> SELECT 0.1 <= 2;\n        -> 1\n','https://mariadb.com/kb/en/less-than-or-equal/'),(82,'SHOW PROFILES',26,'Syntax:\nSHOW PROFILES\n\nThe SHOW PROFILES statement, together with SHOW PROFILE, displays\nprofiling information that indicates resource usage for statements\nexecuted during the course of the current session. For more\ninformation, see [HELP SHOW PROFILE].\n\nURL: https://mariadb.com/kb/en/show-profiles/\n\n','','https://mariadb.com/kb/en/show-profiles/'),(83,'UPDATE',27,'Syntax:\nSingle-table syntax:\n\nUPDATE [LOW_PRIORITY] [IGNORE] table_reference\n    SET col_name1={expr1|DEFAULT} [, col_name2={expr2|DEFAULT}] ...\n    [WHERE where_condition]\n    [ORDER BY ...]\n    [LIMIT row_count]\n\nMultiple-table syntax:\n\nUPDATE [LOW_PRIORITY] [IGNORE] table_references\n    SET col_name1={expr1|DEFAULT} [, col_name2={expr2|DEFAULT}] ...\n    [WHERE where_condition]\n\nFor the single-table syntax, the UPDATE statement updates columns of\nexisting rows in the named table with new values. The SET clause\nindicates which columns to modify and the values they should be given.\nEach value can be given as an expression, or the keyword DEFAULT to set\na column explicitly to its default value. The WHERE clause, if given,\nspecifies the conditions that identify which rows to update. With no\nWHERE clause, all rows are updated. If the ORDER BY clause is\nspecified, the rows are updated in the order that is specified. The\nLIMIT clause places a limit on the number of rows that can be updated.\n\nFor the multiple-table syntax, UPDATE updates rows in each table named\nin table_references that satisfy the conditions. In this case, ORDER BY\nand LIMIT cannot be used.\n\nwhere_condition is an expression that evaluates to true for each row to\nbe updated. For expression syntax, see\nhttp://dev.mysql.com/doc/refman/5.5/en/expressions.html.\n\ntable_references and where_condition are is specified as described in\nhttps://mariadb.com/kb/en/select/.\n\nYou need the UPDATE privilege only for columns referenced in an UPDATE\nthat are actually updated. You need only the SELECT privilege for any\ncolumns that are read but not modified.\n\nThe UPDATE statement supports the following modifiers:\n\no With the LOW_PRIORITY keyword, execution of the UPDATE is delayed\n  until no other clients are reading from the table. This affects only\n  storage engines that use only table-level locking (such as MyISAM,\n  MEMORY, and MERGE).\n\no With the IGNORE keyword, the update statement does not abort even if\n  errors occur during the update. Rows for which duplicate-key\n  conflicts occur are not updated. Rows for which columns are updated\n  to values that would cause data conversion errors are updated to the\n  closest valid values instead.\n\nURL: https://mariadb.com/kb/en/update/\n\n','','https://mariadb.com/kb/en/update/'),(84,'IS NOT NULL',18,'Syntax:\nIS NOT NULL\n\nTests whether a value is not NULL.\n\nURL: https://mariadb.com/kb/en/is-not-null/\n\n','MariaDB> SELECT 1 IS NOT NULL, 0 IS NOT NULL, NULL IS NOT NULL;\n        -> 1, 1, 0\n','https://mariadb.com/kb/en/is-not-null/'),(85,'CASE STATEMENT',23,'Syntax:\nCASE case_value\n    WHEN when_value THEN statement_list\n    [WHEN when_value THEN statement_list] ...\n    [ELSE statement_list]\nEND CASE\n\nOr:\n\nCASE\n    WHEN search_condition THEN statement_list\n    [WHEN search_condition THEN statement_list] ...\n    [ELSE statement_list]\nEND CASE\n\nThe CASE statement for stored programs implements a complex conditional\nconstruct.\n\n*Note*: There is also a CASE expression, which differs from the CASE\nstatement described here. See\nhttps://mariadb.com/kb/en/case-operator/. The\nCASE statement cannot have an ELSE NULL clause, and it is terminated\nwith END CASE instead of END.\n\nFor the first syntax, case_value is an expression. This value is\ncompared to the when_value expression in each WHEN clause until one of\nthem is equal. When an equal when_value is found, the corresponding\nTHEN clause statement_list executes. If no when_value is equal, the\nELSE clause statement_list executes, if there is one.\n\nThis syntax cannot be used to test for equality with NULL because NULL\n= NULL is false. See\nhttps://mariadb.com/kb/en/null-values/.\n\nFor the second syntax, each WHEN clause search_condition expression is\nevaluated until one is true, at which point its corresponding THEN\nclause statement_list executes. If no search_condition is equal, the\nELSE clause statement_list executes, if there is one.\n\nIf no when_value or search_condition matches the value tested and the\nCASE statement contains no ELSE clause, a Case not found for CASE\nstatement error results.\n\nEach statement_list consists of one or more SQL statements; an empty\nstatement_list is not permitted.\n\nTo handle situations where no value is matched by any WHEN clause, use\nan ELSE containing an empty BEGIN ... END block, as shown in this\nexample. (The indentation used here in the ELSE clause is for purposes\nof clarity only, and is not otherwise significant.)\n\nDELIMITER |\n\nCREATE PROCEDURE p()\n  BEGIN\n    DECLARE v INT DEFAULT 1;\n\n    CASE v\n      WHEN 2 THEN SELECT v;\n      WHEN 3 THEN SELECT 0;\n      ELSE\n        BEGIN\n        END;\n    END CASE;\n  END;\n  |\n\nURL: https://mariadb.com/kb/en/case-statement/\n\n','','https://mariadb.com/kb/en/case-statement/'),(86,'EXECUTE STATEMENT',8,'Syntax:\nEXECUTE stmt_name\n    [USING @var_name [, @var_name] ...]\n\nAfter preparing a statement with PREPARE, you execute it with an\nEXECUTE statement that refers to the prepared statement name. If the\nprepared statement contains any parameter markers, you must supply a\nUSING clause that lists user variables containing the values to be\nbound to the parameters. Parameter values can be supplied only by user\nvariables, and the USING clause must name exactly as many variables as\nthe number of parameter markers in the statement.\n\nYou can execute a given prepared statement multiple times, passing\ndifferent variables to it or setting the variables to different values\nbefore each execution.\n\nURL: https://mariadb.com/kb/en/execute-statement/\n\n','','https://mariadb.com/kb/en/execute-statement/'),(87,'DROP INDEX',39,'Syntax:\nDROP [ONLINE|OFFLINE] INDEX index_name ON tbl_name\n\nDROP INDEX drops the index named index_name from the table tbl_name.\nThis statement is mapped to an ALTER TABLE statement to drop the index.\nSee [HELP ALTER TABLE].\n\nTo drop a primary key, the index name is always PRIMARY, which must be\nspecified as a quoted identifier because PRIMARY is a reserved word:\n\nDROP INDEX `PRIMARY` ON t;\n\nURL: https://mariadb.com/kb/en/drop-index/\n\n','','https://mariadb.com/kb/en/drop-index/'),(88,'MATCH AGAINST',37,'Syntax:\nMATCH (col1,col2,...) AGAINST (expr [search_modifier])\n\nMySQL has support for full-text indexing and searching:\n\no A full-text index in MySQL is an index of type FULLTEXT.\n\no Full-text indexes can be used only with MyISAM tables, and can be\n  created only for CHAR, VARCHAR, or TEXT columns.\n\no A FULLTEXT index definition can be given in the CREATE TABLE\n  statement when a table is created, or added later using ALTER TABLE\n  or CREATE INDEX.\n\no For large data sets, it is much faster to load your data into a table\n  that has no FULLTEXT index and then create the index after that, than\n  to load data into a table that has an existing FULLTEXT index.\n\nFull-text searching is performed using MATCH() ... AGAINST syntax.\nMATCH() takes a comma-separated list that names the columns to be\nsearched. AGAINST takes a string to search for, and an optional\nmodifier that indicates what type of search to perform. The search\nstring must be a literal string, not a variable or a column name. There\nare three types of full-text searches:\n\no A natural language search interprets the search string as a phrase in\n  natural human language (a phrase in free text). There are no special\n  operators. The stopword list applies. In addition, words that are\n  present in 50% or more of the rows are considered common and do not\n  match.\n\n  Full-text searches are natural language searches if the IN NATURAL\n  LANGUAGE MODE modifier is given or if no modifier is given. For more\n  information, see\n  https://mariadb.com/kb/en/fulltext-index-overview#in-natural-language-mode\n  .\n\no A boolean search interprets the search string using the rules of a\n  special query language. The string contains the words to search for.\n  It can also contain operators that specify requirements such that a\n  word must be present or absent in matching rows, or that it should be\n  weighted higher or lower than usual. Common words such as \"some\" or\n  \"then\" are stopwords and do not match if present in the search\n  string. The IN BOOLEAN MODE modifier specifies a boolean search. For\n  more information, see\n  https://mariadb.com/kb/en/fulltext-index-overview#in-boolean-mode.\n\no A query expansion search is a modification of a natural language\n  search. The search string is used to perform a natural language\n  search. Then words from the most relevant rows returned by the search\n  are added to the search string and the search is done again. The\n  query returns the rows from the second search. The IN NATURAL\n  LANGUAGE MODE WITH QUERY EXPANSION or WITH QUERY EXPANSION modifier\n  specifies a query expansion search. For more information, see\n  https://mariadb.com/kb/en/fulltext-index-overview#with-query-expansion.\n\nURL: https://mariadb.com/kb/en/match-against/\n\n','MariaDB> SELECT id, body, MATCH (title,body) AGAINST\n    -> (\'Security implications of running MySQL as root\'\n    -> IN NATURAL LANGUAGE MODE) AS score\n    -> FROM articles WHERE MATCH (title,body) AGAINST\n    -> (\'Security implications of running MySQL as root\'\n    -> IN NATURAL LANGUAGE MODE);\n+----+-------------------------------------+-----------------+\n| id | body                                | score           |\n+----+-------------------------------------+-----------------+\n|  4 | 1. Never run mysqld as root. 2. ... | 1.5219271183014 |\n|  6 | When configured properly, MySQL ... | 1.3114095926285 |\n+----+-------------------------------------+-----------------+\n2 rows in set (0.00 sec)\n','https://mariadb.com/kb/en/match-against/'),(89,'CREATE EVENT',39,'Syntax:\nCREATE\n    [DEFINER = { user | CURRENT_USER }]\n    EVENT\n    [IF NOT EXISTS]\n    event_name\n    ON SCHEDULE schedule\n    [ON COMPLETION [NOT] PRESERVE]\n    [ENABLE | DISABLE | DISABLE ON SLAVE]\n    [COMMENT \'comment\']\n    DO event_body;\n\nschedule:\n    AT timestamp [+ INTERVAL interval] ...\n  | EVERY interval\n    [STARTS timestamp [+ INTERVAL interval] ...]\n    [ENDS timestamp [+ INTERVAL interval] ...]\n\ninterval:\n    quantity {YEAR | QUARTER | MONTH | DAY | HOUR | MINUTE |\n              WEEK | SECOND | YEAR_MONTH | DAY_HOUR | DAY_MINUTE |\n              DAY_SECOND | HOUR_MINUTE | HOUR_SECOND | MINUTE_SECOND}\n\nThis statement creates and schedules a new event. The event will not\nrun unless the Event Scheduler is enabled. For information about\nchecking Event Scheduler status and enabling it if necessary, see\nhttps://mariadb.com/kb/en/events/.\n\nCREATE EVENT requires the EVENT privilege for the schema in which the\nevent is to be created. It might also require the SUPER privilege,\ndepending on the DEFINER value, as described later in this section.\n\nThe minimum requirements for a valid CREATE EVENT statement are as\nfollows:\n\no The keywords CREATE EVENT plus an event name, which uniquely\n  identifies the event in a database schema.\n\no An ON SCHEDULE clause, which determines when and how often the event\n  executes.\n\no A DO clause, which contains the SQL statement to be executed by an\n  event.\n\nThis is an example of a minimal CREATE EVENT statement:\n\nCREATE EVENT myevent\n    ON SCHEDULE AT CURRENT_TIMESTAMP + INTERVAL 1 HOUR\n    DO\n      UPDATE myschema.mytable SET mycol = mycol + 1;\n\nThe previous statement creates an event named myevent. This event\nexecutes once---one hour following its creation---by running an SQL\nstatement that increments the value of the myschema.mytable table\'s\nmycol column by 1.\n\nThe event_name must be a valid MySQL identifier with a maximum length\nof 64 characters. Event names are not case sensitive, so you cannot\nhave two events named myevent and MyEvent in the same schema. In\ngeneral, the rules governing event names are the same as those for\nnames of stored routines. See\nhttps://mariadb.com/kb/en/identifier-names/.\n\nAn event is associated with a schema. If no schema is indicated as part\nof event_name, the default (current) schema is assumed. To create an\nevent in a specific schema, qualify the event name with a schema using\nschema_name.event_name syntax.\n\nURL: https://mariadb.com/kb/en/create-event/\n\n','','https://mariadb.com/kb/en/create-event/'),(90,'ABS',4,'Syntax:\nABS(X)\n\nReturns the absolute value of X.\n\nURL: https://mariadb.com/kb/en/abs/\n\n','MariaDB> SELECT ABS(2);\n        -> 2\nMariaDB> SELECT ABS(-32);\n        -> 32\n','https://mariadb.com/kb/en/abs/'),(91,'POLYFROMWKB',32,'PolyFromWKB(wkb[,srid]), PolygonFromWKB(wkb[,srid])\n\nConstructs a POLYGON value using its WKB representation and SRID.\n\nURL: https://mariadb.com/kb/en/polyfromwkb/\n\n','','https://mariadb.com/kb/en/polyfromwkb/'),(92,'NOT LIKE',37,'Syntax:\nexpr NOT LIKE pat [ESCAPE \'escape_char\']\n\nThis is the same as NOT (expr LIKE pat [ESCAPE \'escape_char\']).\n\nURL: https://mariadb.com/kb/en/not-like/\n\n','','https://mariadb.com/kb/en/not-like/'),(93,'SPACE',37,'Syntax:\nSPACE(N)\n\nReturns a string consisting of N space characters.\n\nURL: https://mariadb.com/kb/en/space/\n\n','MariaDB> SELECT SPACE(6);\n        -> \'      \'\n','https://mariadb.com/kb/en/space/'),(94,'MBR DEFINITION',6,'Its MBR (Minimum Bounding Rectangle), or Envelope. This is the bounding\ngeometry, formed by the minimum and maximum (X,Y) coordinates:\n\nURL: https://mariadb.com/kb/en/mbr-definition/\n\n','((MINX MINY, MAXX MINY, MAXX MAXY, MINX MAXY, MINX MINY))\n','https://mariadb.com/kb/en/mbr-definition/'),(95,'GEOMETRYCOLLECTION',24,'GeometryCollection(g1,g2,...)\n\nConstructs a GeometryCollection.\n\nURL: https://mariadb.com/kb/en/geometrycollection/\n\n','','https://mariadb.com/kb/en/geometrycollection/'),(96,'MAX',16,'Syntax:\nMAX([DISTINCT] expr)\n\nReturns the maximum value of expr. MAX() may take a string argument; in\nsuch cases, it returns the maximum string value. See\nhttps://mariadb.com/kb/en/max/. The DISTINCT\nkeyword can be used to find the maximum of the distinct values of expr,\nhowever, this produces the same result as omitting DISTINCT.\n\nMAX() returns NULL if there were no matching rows.\n\nURL: https://mariadb.com/kb/en/max/\n\n','MariaDB> SELECT student_name, MIN(test_score), MAX(test_score)\n    ->        FROM student\n    ->        GROUP BY student_name;\n','https://mariadb.com/kb/en/max/'),(97,'CREATE FUNCTION UDF',21,'Syntax:\nCREATE [AGGREGATE] FUNCTION function_name RETURNS {STRING|INTEGER|REAL|DECIMAL}\n    SONAME shared_library_name\n\nA user-defined function (UDF) is a way to extend MySQL with a new\nfunction that works like a native (built-in) MySQL function such as\nABS() or CONCAT().\n\nfunction_name is the name that should be used in SQL statements to\ninvoke the function. The RETURNS clause indicates the type of the\nfunction\'s return value. DECIMAL is a legal value after RETURNS, but\ncurrently DECIMAL functions return string values and should be written\nlike STRING functions.\n\nshared_library_name is the basename of the shared object file that\ncontains the code that implements the function. The file must be\nlocated in the plugin directory. This directory is given by the value\nof the plugin_dir system variable. For more information, see\nhttp://dev.mysql.com/doc/refman/5.5/en/udf-compiling.html.\n\nTo create a function, you must have the INSERT privilege for the mysql\ndatabase. This is necessary because CREATE FUNCTION adds a row to the\nmysql.func system table that records the function\'s name, type, and\nshared library name. If you do not have this table, you should run the\nmysql_upgrade command to create it. See\nhttps://mariadb.com/kb/en/mysql_upgrade/.\n\nURL: https://mariadb.com/kb/en/create-function-udf/\n\n','','https://mariadb.com/kb/en/create-function-udf/'),(98,'*',4,'Syntax:\n*\n\nMultiplication:\n\nURL: https://mariadb.com/kb/en/multiplication-operator/\n\n','MariaDB> SELECT 3*5;\n        -> 15\nMariaDB> SELECT 18014398509481984*18014398509481984.0;\n        -> 324518553658426726783156020576256.0\nMariaDB> SELECT 18014398509481984*18014398509481984;\n        -> 0\n','https://mariadb.com/kb/en/multiplication-operator/'),(99,'TIMESTAMP',22,'TIMESTAMP\n\nA timestamp. The range is \'1970-01-01 00:00:01\' UTC to \'2038-01-19\n03:14:07\' UTC. TIMESTAMP values are stored as the number of seconds\nsince the epoch (\'1970-01-01 00:00:00\' UTC). A TIMESTAMP cannot\nrepresent the value \'1970-01-01 00:00:00\' because that is equivalent to\n0 seconds from the epoch and the value 0 is reserved for representing\n\'0000-00-00 00:00:00\', the \"zero\" TIMESTAMP value.\n\nUnless specified otherwise, the first TIMESTAMP column in a table is\ndefined to be automatically set to the date and time of the most recent\nmodification if not explicitly assigned a value. This makes TIMESTAMP\nuseful for recording the timestamp of an INSERT or UPDATE operation.\nYou can also set any TIMESTAMP column to the current date and time by\nassigning it a NULL value, unless it has been defined with the NULL\nattribute to permit NULL values. The automatic initialization and\nupdating to the current date and time can be specified using DEFAULT\nCURRENT_TIMESTAMP and ON UPDATE CURRENT_TIMESTAMP clauses, as described\nin\nhttps://mariadb.com/kb/en/timestamp/.\n\n*Note*: The TIMESTAMP format that was used prior to MySQL 4.1 is not\nsupported in MySQL 5.5; see MySQL 3.23, 4.0, 4.1 Reference Manual for\ninformation regarding the old format.\n\nURL: https://mariadb.com/kb/en/timestamp/\n\n','','https://mariadb.com/kb/en/timestamp/'),(100,'DES_DECRYPT',12,'Syntax:\nDES_DECRYPT(crypt_str[,key_str])\n\nDecrypts a string encrypted with DES_ENCRYPT(). If an error occurs,\nthis function returns NULL.\n\nThis function works only if MySQL has been configured with SSL support.\nSee https://mariadb.com/kb/en/ssl-connections/.\n\nIf no key_str argument is given, DES_DECRYPT() examines the first byte\nof the encrypted string to determine the DES key number that was used\nto encrypt the original string, and then reads the key from the DES key\nfile to decrypt the message. For this to work, the user must have the\nSUPER privilege. The key file can be specified with the --des-key-file\nserver option.\n\nIf you pass this function a key_str argument, that string is used as\nthe key for decrypting the message.\n\nIf the crypt_str argument does not appear to be an encrypted string,\nMySQL returns the given crypt_str.\n\nURL: https://mariadb.com/kb/en/des_decrypt/\n\n','','https://mariadb.com/kb/en/des_decrypt/'),(101,'CACHE INDEX',26,'Syntax:\nCACHE INDEX\n  tbl_index_list [, tbl_index_list] ...\n  [PARTITION (partition_list | ALL)]\n  IN key_cache_name\n\ntbl_index_list:\n  tbl_name [[INDEX|KEY] (index_name[, index_name] ...)]\n\npartition_list:\n  partition_name[, partition_name][, ...]\n\nThe CACHE INDEX statement assigns table indexes to a specific key\ncache. It is used only for MyISAM tables. After the indexes have been\nassigned, they can be preloaded into the cache if desired with LOAD\nINDEX INTO CACHE.\n\nThe following statement assigns indexes from the tables t1, t2, and t3\nto the key cache named hot_cache:\n\nMariaDB> CACHE INDEX t1, t2, t3 IN hot_cache;\n+---------+--------------------+----------+----------+\n| Table   | Op                 | Msg_type | Msg_text |\n+---------+--------------------+----------+----------+\n| test.t1 | assign_to_keycache | status   | OK       |\n| test.t2 | assign_to_keycache | status   | OK       |\n| test.t3 | assign_to_keycache | status   | OK       |\n+---------+--------------------+----------+----------+\n\nURL: https://mariadb.com/kb/en/cache-index/\n\n','','https://mariadb.com/kb/en/cache-index/'),(102,'ENDPOINT',13,'EndPoint(ls)\n\nReturns the Point that is the endpoint of the LineString value ls.\n\nURL: https://mariadb.com/kb/en/endpoint/\n\n','MariaDB> SET @ls = \'LineString(1 1,2 2,3 3)\';\nMariaDB> SELECT AsText(EndPoint(GeomFromText(@ls)));\n+-------------------------------------+\n| AsText(EndPoint(GeomFromText(@ls))) |\n+-------------------------------------+\n| POINT(3 3)                          |\n+-------------------------------------+\n','https://mariadb.com/kb/en/endpoint/'),(103,'COMPRESS',12,'Syntax:\nCOMPRESS(string_to_compress)\n\nCompresses a string and returns the result as a binary string. This\nfunction requires MySQL to have been compiled with a compression\nlibrary such as zlib. Otherwise, the return value is always NULL. The\ncompressed string can be uncompressed with UNCOMPRESS().\n\nURL: https://mariadb.com/kb/en/compress/\n\n','MariaDB> SELECT LENGTH(COMPRESS(REPEAT(\'a\',1000)));\n        -> 21\nMariaDB> SELECT LENGTH(COMPRESS(\'\'));\n        -> 0\nMariaDB> SELECT LENGTH(COMPRESS(\'a\'));\n        -> 13\nMariaDB> SELECT LENGTH(COMPRESS(REPEAT(\'a\',16)));\n        -> 15\n','https://mariadb.com/kb/en/compress/'),(104,'INSERT',27,'Syntax:\nINSERT [LOW_PRIORITY | DELAYED | HIGH_PRIORITY] [IGNORE]\n    [INTO] tbl_name [(col_name,...)]\n    {VALUES | VALUE} ({expr | DEFAULT},...),(...),...\n    [ ON DUPLICATE KEY UPDATE\n      col_name=expr\n        [, col_name=expr] ... ]\n\nOr:\n\nINSERT [LOW_PRIORITY | DELAYED | HIGH_PRIORITY] [IGNORE]\n    [INTO] tbl_name\n    SET col_name={expr | DEFAULT}, ...\n    [ ON DUPLICATE KEY UPDATE\n      col_name=expr\n        [, col_name=expr] ... ]\n\nOr:\n\nINSERT [LOW_PRIORITY | HIGH_PRIORITY] [IGNORE]\n    [INTO] tbl_name [(col_name,...)]\n    SELECT ...\n    [ ON DUPLICATE KEY UPDATE\n      col_name=expr\n        [, col_name=expr] ... ]\n\nINSERT inserts new rows into an existing table. The INSERT ... VALUES\nand INSERT ... SET forms of the statement insert rows based on\nexplicitly specified values. The INSERT ... SELECT form inserts rows\nselected from another table or tables. INSERT ... SELECT is discussed\nfurther in [HELP INSERT SELECT].\n\nURL: https://mariadb.com/kb/en/insert/\n\n','','https://mariadb.com/kb/en/insert/'),(105,'COUNT',16,'Syntax:\nCOUNT(expr)\n\nReturns a count of the number of non-NULL values of expr in the rows\nretrieved by a SELECT statement. The result is a BIGINT value.\n\nCOUNT() returns 0 if there were no matching rows.\n\nURL: https://mariadb.com/kb/en/count/\n\n','MariaDB> SELECT student.student_name,COUNT(*)\n    ->        FROM student,course\n    ->        WHERE student.student_id=course.student_id\n    ->        GROUP BY student_name;\n','https://mariadb.com/kb/en/count/'),(106,'HANDLER',27,'Syntax:\nHANDLER tbl_name OPEN [ [AS] alias]\n\nHANDLER tbl_name READ index_name { = | <= | >= | < | > } (value1,value2,...)\n    [ WHERE where_condition ] [LIMIT ... ]\nHANDLER tbl_name READ index_name { FIRST | NEXT | PREV | LAST }\n    [ WHERE where_condition ] [LIMIT ... ]\nHANDLER tbl_name READ { FIRST | NEXT }\n    [ WHERE where_condition ] [LIMIT ... ]\n\nHANDLER tbl_name CLOSE\n\nThe HANDLER statement provides direct access to table storage engine\ninterfaces. It is available for MyISAM and InnoDB tables.\n\nURL: https://mariadb.com/kb/en/handler-commands/\n\n','','https://mariadb.com/kb/en/handler-commands/'),(107,'MLINEFROMTEXT',3,'MLineFromText(wkt[,srid]), MultiLineStringFromText(wkt[,srid])\n\nConstructs a MULTILINESTRING value using its WKT representation and\nSRID.\n\nURL: https://mariadb.com/kb/en/mlinefromtext/\n\n','','https://mariadb.com/kb/en/mlinefromtext/'),(108,'GEOMCOLLFROMWKB',32,'GeomCollFromWKB(wkb[,srid]), GeometryCollectionFromWKB(wkb[,srid])\n\nConstructs a GEOMETRYCOLLECTION value using its WKB representation and\nSRID.\n\nURL: https://mariadb.com/kb/en/geomcollfromwkb/\n\n','','https://mariadb.com/kb/en/geomcollfromwkb/'),(109,'HELP_DATE',9,'This help information was generated from the MySQL 5.5 Reference Manual\non: 2012-08-25\n','',''),(110,'RENAME TABLE',39,'Syntax:\nRENAME TABLE tbl_name TO new_tbl_name\n    [, tbl_name2 TO new_tbl_name2] ...\n\nThis statement renames one or more tables.\n\nThe rename operation is done atomically, which means that no other\nsession can access any of the tables while the rename is running. For\nexample, if you have an existing table old_table, you can create\nanother table new_table that has the same structure but is empty, and\nthen replace the existing table with the empty one as follows (assuming\nthat backup_table does not already exist):\n\nURL: https://mariadb.com/kb/en/rename-table/\n\n','CREATE TABLE new_table (...);\nRENAME TABLE old_table TO backup_table, new_table TO old_table;\n','https://mariadb.com/kb/en/rename-table/'),(111,'BOOLEAN',22,'BOOL, BOOLEAN\n\nThese types are synonyms for TINYINT(1). A value of zero is considered\nfalse. Nonzero values are considered true:\n\nMariaDB> SELECT IF(0, \'true\', \'false\');\n+------------------------+\n| IF(0, \'true\', \'false\') |\n+------------------------+\n| false                  |\n+------------------------+\n\nMariaDB> SELECT IF(1, \'true\', \'false\');\n+------------------------+\n| IF(1, \'true\', \'false\') |\n+------------------------+\n| true                   |\n+------------------------+\n\nMariaDB> SELECT IF(2, \'true\', \'false\');\n+------------------------+\n| IF(2, \'true\', \'false\') |\n+------------------------+\n| true                   |\n+------------------------+\n\nHowever, the values TRUE and FALSE are merely aliases for 1 and 0,\nrespectively, as shown here:\n\nMariaDB> SELECT IF(0 = FALSE, \'true\', \'false\');\n+--------------------------------+\n| IF(0 = FALSE, \'true\', \'false\') |\n+--------------------------------+\n| true                           |\n+--------------------------------+\n\nMariaDB> SELECT IF(1 = TRUE, \'true\', \'false\');\n+-------------------------------+\n| IF(1 = TRUE, \'true\', \'false\') |\n+-------------------------------+\n| true                          |\n+-------------------------------+\n\nMariaDB> SELECT IF(2 = TRUE, \'true\', \'false\');\n+-------------------------------+\n| IF(2 = TRUE, \'true\', \'false\') |\n+-------------------------------+\n| false                         |\n+-------------------------------+\n\nMariaDB> SELECT IF(2 = FALSE, \'true\', \'false\');\n+--------------------------------+\n| IF(2 = FALSE, \'true\', \'false\') |\n+--------------------------------+\n| false                          |\n+--------------------------------+\n\nThe last two statements display the results shown because 2 is equal to\nneither 1 nor 0.\n\nURL: https://mariadb.com/kb/en/boolean/\n\n','','https://mariadb.com/kb/en/boolean/'),(112,'DEFAULT',14,'Syntax:\nDEFAULT(col_name)\n\nReturns the default value for a table column. An error results if the\ncolumn has no default value.\n\nURL: https://mariadb.com/kb/en/default/\n\n','MariaDB> UPDATE t SET i = DEFAULT(i)+1 WHERE id < 100;\n','https://mariadb.com/kb/en/default/'),(113,'MOD',4,'Syntax:\nMOD(N,M), N % M, N MOD M\n\nModulo operation. Returns the remainder of N divided by M.\n\nURL: https://mariadb.com/kb/en/mod/\n\n','MariaDB> SELECT MOD(234, 10);\n        -> 4\nMariaDB> SELECT 253 % 7;\n        -> 1\nMariaDB> SELECT MOD(29,9);\n        -> 2\nMariaDB> SELECT 29 MOD 9;\n        -> 2\n','https://mariadb.com/kb/en/mod/'),(114,'TINYTEXT',22,'TINYTEXT [CHARACTER SET charset_name] [COLLATE collation_name]\n\nA TEXT column with a maximum length of 255 (28 - 1) characters. The\neffective maximum length is less if the value contains multi-byte\ncharacters. Each TINYTEXT value is stored using a 1-byte length prefix\nthat indicates the number of bytes in the value.\n\nURL: https://mariadb.com/kb/en/tinytext/\n\n','','https://mariadb.com/kb/en/tinytext/'),(115,'OPTIMIZE TABLE',20,'Syntax:\nOPTIMIZE [NO_WRITE_TO_BINLOG | LOCAL] TABLE\n    tbl_name [, tbl_name] ...\n\nOPTIMIZE TABLE should be used if you have deleted a large part of a\ntable or if you have made many changes to a table with variable-length\nrows (tables that have VARCHAR, VARBINARY, BLOB, or TEXT columns).\nDeleted rows are maintained in a linked list and subsequent INSERT\noperations reuse old row positions. You can use OPTIMIZE TABLE to\nreclaim the unused space and to defragment the data file. After\nextensive changes to a table, this statement may also improve\nperformance of statements that use the table, sometimes significantly.\n\nThis statement requires SELECT and INSERT privileges for the table.\n\nOPTIMIZE TABLE is supported for partitioned tables, and you can use\nALTER TABLE ... OPTIMIZE PARTITION to optimize one or more partitions;\nfor more information, see [HELP ALTER TABLE], and\nhttp://dev.mysql.com/doc/refman/5.5/en/partitioning-maintenance.html.\n\nURL: https://mariadb.com/kb/en/optimize-table/\n\n','','https://mariadb.com/kb/en/optimize-table/'),(116,'DECODE',12,'Syntax:\nDECODE(crypt_str,pass_str)\n\nDecrypts the encrypted string crypt_str using pass_str as the password.\ncrypt_str should be a string returned from ENCODE().\n\nURL: https://mariadb.com/kb/en/decode/\n\n','','https://mariadb.com/kb/en/decode/'),(117,'<=>',18,'Syntax:\n<=>\n\nNULL-safe equal. This operator performs an equality comparison like the\n= operator, but returns 1 rather than NULL if both operands are NULL,\nand 0 rather than NULL if one operand is NULL.\n\nURL: https://mariadb.com/kb/en/null-safe-equal/\n\n','MariaDB> SELECT 1 <=> 1, NULL <=> NULL, 1 <=> NULL;\n        -> 1, 1, 0\nMariaDB> SELECT 1 = 1, NULL = NULL, 1 = NULL;\n        -> 1, NULL, NULL\n','https://mariadb.com/kb/en/null-safe-equal/'),(118,'HELP STATEMENT',28,'Syntax:\nHELP \'search_string\'\n\nThe HELP statement returns online information from the MySQL Reference\nmanual. Its proper operation requires that the help tables in the mysql\ndatabase be initialized with help topic information.\n\nThe HELP statement searches the help tables for the given search string\nand displays the result of the search. The search string is not case\nsensitive.\n\nURL: https://mariadb.com/kb/en/help-command/\n\n','','https://mariadb.com/kb/en/help-command/'),(119,'RESET',26,'Syntax:\nRESET reset_option [, reset_option] ...\n\nThe RESET statement is used to clear the state of various server\noperations. You must have the RELOAD privilege to execute RESET.\n\nRESET acts as a stronger version of the FLUSH statement. See [HELP\nFLUSH].\n\nThe RESET statement causes an implicit commit. See\nhttps://mariadb.com/kb/en/sql-statements-that-cause-an-implicit-commit/.\n\nURL: https://mariadb.com/kb/en/reset/\n\n','','https://mariadb.com/kb/en/reset/'),(120,'GET_LOCK',14,'Syntax:\nGET_LOCK(str,timeout)\n\nTries to obtain a lock with a name given by the string str, using a\ntimeout of timeout seconds. Returns 1 if the lock was obtained\nsuccessfully, 0 if the attempt timed out (for example, because another\nclient has previously locked the name), or NULL if an error occurred\n(such as running out of memory or the thread was killed with mysqladmin\nkill). If you have a lock obtained with GET_LOCK(), it is released when\nyou execute RELEASE_LOCK(), execute a new GET_LOCK(), or your\nconnection terminates (either normally or abnormally). Locks obtained\nwith GET_LOCK() do not interact with transactions. That is, committing\na transaction does not release any such locks obtained during the\ntransaction.\n\nThis function can be used to implement application locks or to simulate\nrecord locks. Names are locked on a server-wide basis. If a name has\nbeen locked by one client, GET_LOCK() blocks any request by another\nclient for a lock with the same name. This enables clients that agree\non a given lock name to use the name to perform cooperative advisory\nlocking. But be aware that it also enables a client that is not among\nthe set of cooperating clients to lock a name, either inadvertently or\ndeliberately, and thus prevent any of the cooperating clients from\nlocking that name. One way to reduce the likelihood of this is to use\nlock names that are database-specific or application-specific. For\nexample, use lock names of the form db_name.str or app_name.str.\n\nURL: https://mariadb.com/kb/en/get_lock/\n\n','MariaDB> SELECT GET_LOCK(\'lock1\',10);\n        -> 1\nMariaDB> SELECT IS_FREE_LOCK(\'lock2\');\n        -> 1\nMariaDB> SELECT GET_LOCK(\'lock2\',10);\n        -> 1\nMariaDB> SELECT RELEASE_LOCK(\'lock2\');\n        -> 1\nMariaDB> SELECT RELEASE_LOCK(\'lock1\');\n        -> NULL\n','https://mariadb.com/kb/en/get_lock/'),(121,'UCASE',37,'Syntax:\nUCASE(str)\n\nUCASE() is a synonym for UPPER().\n\nURL: https://mariadb.com/kb/en/ucase/\n\n','','https://mariadb.com/kb/en/ucase/'),(122,'SHOW BINLOG EVENTS',26,'Syntax:\nSHOW BINLOG EVENTS\n   [IN \'log_name\'] [FROM pos] [LIMIT [offset,] row_count]\n\nShows the events in the binary log. If you do not specify \'log_name\',\nthe first binary log is displayed.\n\nURL: https://mariadb.com/kb/en/show-binlog-events/\n\n','','https://mariadb.com/kb/en/show-binlog-events/'),(123,'MPOLYFROMWKB',32,'MPolyFromWKB(wkb[,srid]), MultiPolygonFromWKB(wkb[,srid])\n\nConstructs a MULTIPOLYGON value using its WKB representation and SRID.\n\nURL: https://mariadb.com/kb/en/mpolyfromwkb/\n\n','','https://mariadb.com/kb/en/mpolyfromwkb/'),(124,'ITERATE',23,'Syntax:\nITERATE label\n\nITERATE can appear only within LOOP, REPEAT, and WHILE statements.\nITERATE means \"start the loop again.\"\n\nURL: https://mariadb.com/kb/en/iterate/\n\n','','https://mariadb.com/kb/en/iterate/'),(125,'DO',27,'Syntax:\nDO expr [, expr] ...\n\nDO executes the expressions but does not return any results. In most\nrespects, DO is shorthand for SELECT expr, ..., but has the advantage\nthat it is slightly faster when you do not care about the result.\n\nDO is useful primarily with functions that have side effects, such as\nRELEASE_LOCK().\n\nURL: https://mariadb.com/kb/en/do/\n\n','','https://mariadb.com/kb/en/do/'),(126,'CURTIME',31,'Syntax:\nCURTIME()\n\nReturns the current time as a value in \'HH:MM:SS\' or HHMMSS.uuuuuu\nformat, depending on whether the function is used in a string or\nnumeric context. The value is expressed in the current time zone.\n\nURL: https://mariadb.com/kb/en/curtime/\n\n','MariaDB> SELECT CURTIME();\n        -> \'23:50:26\'\nMariaDB> SELECT CURTIME() + 0;\n        -> 235026.000000\n','https://mariadb.com/kb/en/curtime/'),(127,'CHAR_LENGTH',37,'Syntax:\nCHAR_LENGTH(str)\n\nReturns the length of the string str, measured in characters. A\nmulti-byte character counts as a single character. This means that for\na string containing five 2-byte characters, LENGTH() returns 10,\nwhereas CHAR_LENGTH() returns 5.\n\nURL: https://mariadb.com/kb/en/char_length/\n\n','','https://mariadb.com/kb/en/char_length/'),(128,'BIGINT',22,'BIGINT[(M)] [UNSIGNED] [ZEROFILL]\n\nA large integer. The signed range is -9223372036854775808 to\n9223372036854775807. The unsigned range is 0 to 18446744073709551615.\n\nSERIAL is an alias for BIGINT UNSIGNED NOT NULL AUTO_INCREMENT UNIQUE.\n\nURL: https://mariadb.com/kb/en/bigint/\n\n','','https://mariadb.com/kb/en/bigint/'),(129,'SET',26,'Syntax:\nSET variable_assignment [, variable_assignment] ...\n\nvariable_assignment:\n      user_var_name = expr\n    | [GLOBAL | SESSION] system_var_name = expr\n    | [@@global. | @@session. | @@]system_var_name = expr\n\nThe SET statement assigns values to different types of variables that\naffect the operation of the server or your client. Older versions of\nMySQL employed SET OPTION, but this syntax is deprecated in favor of\nSET without OPTION.\n\nURL: https://mariadb.com/kb/en/set/\n\n','','https://mariadb.com/kb/en/set/'),(130,'LOAD XML',27,'Syntax:\nLOAD XML [LOW_PRIORITY | CONCURRENT] [LOCAL] INFILE \'file_name\'\n    [REPLACE | IGNORE]\n    INTO TABLE [db_name.]tbl_name\n    [CHARACTER SET charset_name]\n    [ROWS IDENTIFIED BY \'<tagname>\']\n    [IGNORE number {LINES | ROWS}]\n    [(column_or_user_var,...)]\n    [SET col_name = expr,...]\n\nThe LOAD XML statement reads data from an XML file into a table. The\nfile_name must be given as a literal string. The tagname in the\noptional ROWS IDENTIFIED BY clause must also be given as a literal\nstring, and must be surrounded by angle brackets (< and >).\n\nLOAD XML acts as the complement of running the mysql client in XML\noutput mode (that is, starting the client with the --xml option). To\nwrite data from a table to an XML file, use a command such as the\nfollowing one from the system shell:\n\nshell> mysql --xml -e \'SELECT * FROM mytable\' > file.xml\n\nTo read the file back into a table, use LOAD XML INFILE. By default,\nthe <row> element is considered to be the equivalent of a database\ntable row; this can be changed using the ROWS IDENTIFIED BY clause.\n\nThis statement supports three different XML formats:\n\no Column names as attributes and column values as attribute values:\n\n<row column1=\"value1\" column2=\"value2\" .../>\n\no Column names as tags and column values as the content of these tags:\n\n<row>\n  <column1>value1</column1>\n  <column2>value2</column2>\n</row>\n\no Column names are the name attributes of <field> tags, and values are\n  the contents of these tags:\n\n<row>\n  <field name=\'column1\'>value1</field>\n  <field name=\'column2\'>value2</field>\n</row>\n\n  This is the format used by other MySQL tools, such as mysqldump.\n\nAll 3 formats can be used in the same XML file; the import routine\nautomatically detects the format for each row and interprets it\ncorrectly. Tags are matched based on the tag or attribute name and the\ncolumn name.\n\nThe following clauses work essentially the same way for LOAD XML as\nthey do for LOAD DATA:\n\no LOW_PRIORITY or CONCURRENT\n\no LOCAL\n\no REPLACE or IGNORE\n\no CHARACTER SET\n\no (column_or_user_var,...)\n\no SET\n\nSee [HELP LOAD DATA], for more information about these clauses.\n\nThe IGNORE number LINES or IGNORE number ROWS clause causes the first\nnumber rows in the XML file to be skipped. It is analogous to the LOAD\nDATA statement\'s IGNORE ... LINES clause.\n\nURL: https://mariadb.com/kb/en/load-xml/\n\n','','https://mariadb.com/kb/en/load-xml/'),(131,'CONV',4,'Syntax:\nCONV(N,from_base,to_base)\n\nConverts numbers between different number bases. Returns a string\nrepresentation of the number N, converted from base from_base to base\nto_base. Returns NULL if any argument is NULL. The argument N is\ninterpreted as an integer, but may be specified as an integer or a\nstring. The minimum base is 2 and the maximum base is 36. If to_base is\na negative number, N is regarded as a signed number. Otherwise, N is\ntreated as unsigned. CONV() works with 64-bit precision.\n\nURL: https://mariadb.com/kb/en/conv/\n\n','MariaDB> SELECT CONV(\'a\',16,2);\n        -> \'1010\'\nMariaDB> SELECT CONV(\'6E\',18,8);\n        -> \'172\'\nMariaDB> SELECT CONV(-17,10,-18);\n        -> \'-H\'\nMariaDB> SELECT CONV(10+\'10\'+\'10\'+0xa,10,10);\n        -> \'40\'\n','https://mariadb.com/kb/en/conv/'),(132,'DATE',22,'DATE\n\nA date. The supported range is \'1000-01-01\' to \'9999-12-31\'. MySQL\ndisplays DATE values in \'YYYY-MM-DD\' format, but permits assignment of\nvalues to DATE columns using either strings or numbers.\n\nURL: https://mariadb.com/kb/en/date/\n\n','','https://mariadb.com/kb/en/date/'),(133,'ASSIGN-VALUE',15,'Syntax:\n:=\n\nAssignment operator. Causes the user variable on the left hand side of\nthe operator to take on the value to its right. The value on the right\nhand side may be a literal value, another variable storing a value, or\nany legal expression that yields a scalar value, including the result\nof a query (provided that this value is a scalar value). You can\nperform multiple assignments in the same SET statement. You can perform\nmultiple assignments in the same statement-\n\nUnlike =, the := operator is never interpreted as a comparison\noperator. This means you can use := in any valid SQL statement (not\njust in SET statements) to assign a value to a variable.\n\nURL: https://mariadb.com/kb/en/assignment-operator/\n\n','MariaDB> SELECT @var1, @var2;\n        -> NULL, NULL\nMariaDB> SELECT @var1 := 1, @var2;\n        -> 1, NULL\nMariaDB> SELECT @var1, @var2;\n        -> 1, NULL\nMariaDB> SELECT @var1, @var2 := @var1;\n        -> 1, 1\nMariaDB> SELECT @var1, @var2;\n        -> 1, 1\n\nMariaDB> SELECT @var1:=COUNT(*) FROM t1;\n        -> 4\nMariaDB> SELECT @var1;\n        -> 4\n','https://mariadb.com/kb/en/assignment-operator/'),(134,'SHOW OPEN TABLES',26,'Syntax:\nSHOW OPEN TABLES [{FROM | IN} db_name]\n    [LIKE \'pattern\' | WHERE expr]\n\nSHOW OPEN TABLES lists the non-TEMPORARY tables that are currently open\nin the table cache. See\nhttp://dev.mysql.com/doc/refman/5.5/en/table-cache.html. The FROM\nclause, if present, restricts the tables shown to those present in the\ndb_name database. The LIKE clause, if present, indicates which table\nnames to match. The WHERE clause can be given to select rows using more\ngeneral conditions, as discussed in\nhttps://mariadb.com/kb/en/extended-show/.\n\nURL: https://mariadb.com/kb/en/show-open-tables/\n\n','','https://mariadb.com/kb/en/show-open-tables/'),(135,'EXTRACT',31,'Syntax:\nEXTRACT(unit FROM date)\n\nThe EXTRACT() function uses the same kinds of unit specifiers as\nDATE_ADD() or DATE_SUB(), but extracts parts from the date rather than\nperforming date arithmetic.\n\nURL: https://mariadb.com/kb/en/extract/\n\n','MariaDB> SELECT EXTRACT(YEAR FROM \'2009-07-02\');\n       -> 2009\nMariaDB> SELECT EXTRACT(YEAR_MONTH FROM \'2009-07-02 01:02:03\');\n       -> 200907\nMariaDB> SELECT EXTRACT(DAY_MINUTE FROM \'2009-07-02 01:02:03\');\n       -> 20102\nMariaDB> SELECT EXTRACT(MICROSECOND\n    ->                FROM \'2003-01-02 10:30:00.000123\');\n        -> 123\n','https://mariadb.com/kb/en/extract/'),(136,'ENCRYPT',12,'Syntax:\nENCRYPT(str[,salt])\n\nEncrypts str using the Unix crypt() system call and returns a binary\nstring. The salt argument must be a string with at least two characters\nor the result will be NULL. If no salt argument is given, a random\nvalue is used.\n\nURL: https://mariadb.com/kb/en/encrypt/\n\n','MariaDB> SELECT ENCRYPT(\'hello\');\n        -> \'VxuFAJXVARROc\'\n','https://mariadb.com/kb/en/encrypt/'),(137,'SHOW STATUS',26,'Syntax:\nSHOW [GLOBAL | SESSION] STATUS\n    [LIKE \'pattern\' | WHERE expr]\n\nSHOW STATUS provides server status information. This information also\ncan be obtained using the mysqladmin extended-status command. The LIKE\nclause, if present, indicates which variable names to match. The WHERE\nclause can be given to select rows using more general conditions, as\ndiscussed in https://mariadb.com/kb/en/extended-show/.\nThis statement does not require any privilege. It requires only the\nability to connect to the server.\nWith a LIKE clause, the statement displays only rows for those\nvariables with names that match the pattern:\n\nMariaDB> SHOW STATUS LIKE \'Key%\';\n+--------------------+----------+\n| Variable_name      | Value    |\n+--------------------+----------+\n| Key_blocks_used    | 14955    |\n| Key_read_requests  | 96854827 |\n| Key_reads          | 162040   |\n| Key_write_requests | 7589728  |\n| Key_writes         | 3813196  |\n+--------------------+----------+\n\nWith the GLOBAL modifier, SHOW STATUS displays the status values for\nall connections to MySQL. With SESSION, it displays the status values\nfor the current connection. If no modifier is present, the default is\nSESSION. LOCAL is a synonym for SESSION.\n\nSome status variables have only a global value. For these, you get the\nsame value for both GLOBAL and SESSION. The scope for each status\nvariable is listed at\nhttps://mariadb.com/kb/en/server-status-variables/.\n\nEach invocation of the SHOW STATUS statement uses an internal temporary\ntable and increments the global Created_tmp_tables value.\n\nURL: https://mariadb.com/kb/en/show-status/\n\n','','https://mariadb.com/kb/en/show-status/'),(138,'EXTRACTVALUE',37,'Syntax:\nExtractValue(xml_frag, xpath_expr)\n\nExtractValue() takes two string arguments, a fragment of XML markup\nxml_frag and an XPath expression xpath_expr (also known as a locator);\nit returns the text (CDATA) of the first text node which is a child of\nthe elements or elements matched by the XPath expression. In MySQL 5.5,\nthe XPath expression can contain at most 127 characters. (This\nlimitation is lifted in MySQL 5.6.)\n\nUsing this function is the equivalent of performing a match using the\nxpath_expr after appending /text(). In other words,\nExtractValue(\'<a><b>Sakila</b></a>\', \'/a/b\') and\nExtractValue(\'<a><b>Sakila</b></a>\', \'/a/b/text()\') produce the same\nresult.\n\nIf multiple matches are found, the content of the first child text node\nof each matching element is returned (in the order matched) as a\nsingle, space-delimited string.\n\nIf no matching text node is found for the expression (including the\nimplicit /text())---for whatever reason, as long as xpath_expr is\nvalid, and xml_frag consists of elements which are properly nested and\nclosed---an empty string is returned. No distinction is made between a\nmatch on an empty element and no match at all. This is by design.\n\nIf you need to determine whether no matching element was found in\nxml_frag or such an element was found but contained no child text\nnodes, you should test the result of an expression that uses the XPath\ncount() function. For example, both of these statements return an empty\nstring, as shown here:\n\nMariaDB> SELECT ExtractValue(\'<a><b/></a>\', \'/a/b\');\n+-------------------------------------+\n| ExtractValue(\'<a><b/></a>\', \'/a/b\') |\n+-------------------------------------+\n|                                     |\n+-------------------------------------+\n1 row in set (0.00 sec)\n\nMariaDB> SELECT ExtractValue(\'<a><c/></a>\', \'/a/b\');\n+-------------------------------------+\n| ExtractValue(\'<a><c/></a>\', \'/a/b\') |\n+-------------------------------------+\n|                                     |\n+-------------------------------------+\n1 row in set (0.00 sec)\n\nHowever, you can determine whether there was actually a matching\nelement using the following:\n\nMariaDB> SELECT ExtractValue(\'<a><b/></a>\', \'count(/a/b)\');\n+-------------------------------------+\n| ExtractValue(\'<a><b/></a>\', \'count(/a/b)\') |\n+-------------------------------------+\n| 1                                   |\n+-------------------------------------+\n1 row in set (0.00 sec)\n\nMariaDB> SELECT ExtractValue(\'<a><c/></a>\', \'count(/a/b)\');\n+-------------------------------------+\n| ExtractValue(\'<a><c/></a>\', \'count(/a/b)\') |\n+-------------------------------------+\n| 0                                   |\n+-------------------------------------+\n1 row in set (0.01 sec)\n\n*Important*: ExtractValue() returns only CDATA, and does not return any\ntags that might be contained within a matching tag, nor any of their\ncontent (see the result returned as val1 in the following example).\n\nURL: https://mariadb.com/kb/en/extractvalue/\n\n','MariaDB> SELECT\n    ->   ExtractValue(\'<a>ccc<b>ddd</b></a>\', \'/a\') AS val1,\n    ->   ExtractValue(\'<a>ccc<b>ddd</b></a>\', \'/a/b\') AS val2,\n    ->   ExtractValue(\'<a>ccc<b>ddd</b></a>\', \'//b\') AS val3,\n    ->   ExtractValue(\'<a>ccc<b>ddd</b></a>\', \'/b\') AS val4,\n    ->   ExtractValue(\'<a>ccc<b>ddd</b><b>eee</b></a>\', \'//b\') AS val5;\n\n+------+------+------+------+---------+\n| val1 | val2 | val3 | val4 | val5    |\n+------+------+------+------+---------+\n| ccc  | ddd  | ddd  |      | ddd eee |\n+------+------+------+------+---------+\n','https://mariadb.com/kb/en/extractvalue/'),(139,'OLD_PASSWORD',12,'Syntax:\nOLD_PASSWORD(str)\n\nOLD_PASSWORD() was added when the implementation of PASSWORD() was\nchanged in MySQL 4.1 to improve security. OLD_PASSWORD() returns the\nvalue of the pre-4.1 implementation of PASSWORD() as a string, and is\nintended to permit you to reset passwords for any pre-4.1 clients that\nneed to connect to your version 5.5 MySQL server without locking them\nout. See http://dev.mysql.com/doc/refman/5.1/en/password-hashing.html.\n\nAs of MySQL 5.5.3, the return value is a nonbinary string in the\nconnection character set. Before 5.5.3, the return value is a binary\nstring.\n\nURL: https://mariadb.com/kb/en/old_password/\n\n','','https://mariadb.com/kb/en/old_password/'),(140,'FORMAT',37,'Syntax:\nFORMAT(X,D[,locale])\n\nFormats the number X to a format like \'#,###,###.##\', rounded to D\ndecimal places, and returns the result as a string. If D is 0, the\nresult has no decimal point or fractional part.\n\nThe optional third parameter enables a locale to be specified to be\nused for the result number\'s decimal point, thousands separator, and\ngrouping between separators. Permissible locale values are the same as\nthe legal values for the lc_time_names system variable (see\nhttps://mariadb.com/kb/en/server-locale/). If no\nlocale is specified, the default is \'en_US\'.\n\nURL: https://mariadb.com/kb/en/format/\n\n','MariaDB> SELECT FORMAT(12332.123456, 4);\n        -> \'12,332.1235\'\nMariaDB> SELECT FORMAT(12332.1,4);\n        -> \'12,332.1000\'\nMariaDB> SELECT FORMAT(12332.2,0);\n        -> \'12,332\'\nMariaDB> SELECT FORMAT(12332.2,2,\'de_DE\');\n        -> \'12.332,20\'\n','https://mariadb.com/kb/en/format/'),(141,'||',15,'Syntax:\nOR, ||\n\nLogical OR. When both operands are non-NULL, the result is 1 if any\noperand is nonzero, and 0 otherwise. With a NULL operand, the result is\n1 if the other operand is nonzero, and NULL otherwise. If both operands\nare NULL, the result is NULL.\n\nURL: https://mariadb.com/kb/en/or/\n\n','MariaDB> SELECT 1 || 1;\n        -> 1\nMariaDB> SELECT 1 || 0;\n        -> 1\nMariaDB> SELECT 0 || 0;\n        -> 0\nMariaDB> SELECT 0 || NULL;\n        -> NULL\nMariaDB> SELECT 1 || NULL;\n        -> 1\n','https://mariadb.com/kb/en/or/'),(142,'BIT_LENGTH',37,'Syntax:\nBIT_LENGTH(str)\n\nReturns the length of the string str in bits.\n\nURL: https://mariadb.com/kb/en/bit_length/\n\n','MariaDB> SELECT BIT_LENGTH(\'text\');\n        -> 32\n','https://mariadb.com/kb/en/bit_length/'),(143,'EXTERIORRING',2,'ExteriorRing(poly)\n\nReturns the exterior ring of the Polygon value poly as a LineString.\n\nURL: https://mariadb.com/kb/en/exteriorring/\n\n','MariaDB> SET @poly =\n    -> \'Polygon((0 0,0 3,3 3,3 0,0 0),(1 1,1 2,2 2,2 1,1 1))\';\nMariaDB> SELECT AsText(ExteriorRing(GeomFromText(@poly)));\n+-------------------------------------------+\n| AsText(ExteriorRing(GeomFromText(@poly))) |\n+-------------------------------------------+\n| LINESTRING(0 0,0 3,3 3,3 0,0 0)           |\n+-------------------------------------------+\n','https://mariadb.com/kb/en/exteriorring/'),(144,'GEOMFROMWKB',32,'GeomFromWKB(wkb[,srid]), GeometryFromWKB(wkb[,srid])\n\nConstructs a geometry value of any type using its WKB representation\nand SRID.\n\nURL: https://mariadb.com/kb/en/geomfromwkb/\n\n','','https://mariadb.com/kb/en/geomfromwkb/'),(145,'SHOW SLAVE HOSTS',26,'Syntax:\nSHOW SLAVE HOSTS\n\nDisplays a list of replication slaves currently registered with the\nmaster. (Before MySQL 5.5.3, only slaves started with the\n--report-host=host_name option are visible in this list.)\n\nThe list is displayed on any server (not just the master server). The\noutput looks like this:\n\nMariaDB> SHOW SLAVE HOSTS;\n+------------+-----------+------+-----------+\n| Server_id  | Host      | Port | Master_id |\n+------------+-----------+------+-----------+\n|  192168010 | iconnect2 | 3306 | 192168011 |\n| 1921680101 | athena    | 3306 | 192168011 |\n+------------+-----------+------+-----------+\n\no Server_id: The unique server ID of the slave server, as configured in\n  the server\'s option file, or on the command line with\n  --server-id=value.\n\no Host: The host name of the slave server, as configured in the\n  server\'s option file, or on the command line with\n  --report-host=host_name. Note that this can differ from the machine\n  name as configured in the operating system.\n\no Port: The port the slave server is listening on.\n\n  In MySQL 5.5.23 and later, a zero in this column means that the slave\n  port (--report-port) was not set. Prior to MySQL 5.5.23, 3306 was\n  used as the default in such cases (Bug #13333431).\n\no Master_id: The unique server ID of the master server that the slave\n  server is replicating from.\n\nSome MySQL versions report another variable, Rpl_recovery_rank. This\nvariable was never used, and was removed in MySQL 5.5.3. (Bug #13963)\n\nURL: https://mariadb.com/kb/en/show-slave-hosts/\n\n','','https://mariadb.com/kb/en/show-slave-hosts/'),(146,'START TRANSACTION',8,'Syntax:\nSTART TRANSACTION [WITH CONSISTENT SNAPSHOT]\nBEGIN [WORK]\nCOMMIT [WORK] [AND [NO] CHAIN] [[NO] RELEASE]\nROLLBACK [WORK] [AND [NO] CHAIN] [[NO] RELEASE]\nSET autocommit = {0 | 1}\n\nThese statements provide control over use of transactions:\n\no START TRANSACTION or BEGIN start a new transaction.\n\no COMMIT commits the current transaction, making its changes permanent.\n\no ROLLBACK rolls back the current transaction, canceling its changes.\n\no SET autocommit disables or enables the default autocommit mode for\n  the current session.\n\nBy default, MySQL runs with autocommit mode enabled. This means that as\nsoon as you execute a statement that updates (modifies) a table, MySQL\nstores the update on disk to make it permanent. The change cannot be\nrolled back.\n\nTo disable autocommit mode implicitly for a single series of\nstatements, use the START TRANSACTION statement:\n\nSTART TRANSACTION;\nSELECT @A:=SUM(salary) FROM table1 WHERE type=1;\nUPDATE table2 SET summary=@A WHERE type=1;\nCOMMIT;\n\nWith START TRANSACTION, autocommit remains disabled until you end the\ntransaction with COMMIT or ROLLBACK. The autocommit mode then reverts\nto its previous state.\n\nYou can also begin a transaction like this:\n\nSTART TRANSACTION WITH CONSISTENT SNAPSHOT;\n\nThe WITH CONSISTENT SNAPSHOT option starts a consistent read for\nstorage engines that are capable of it. This applies only to InnoDB.\nThe effect is the same as issuing a START TRANSACTION followed by a\nSELECT from any InnoDB table. See\nhttp://dev.mysql.com/doc/refman/5.5/en/innodb-consistent-read.html. The\nWITH CONSISTENT SNAPSHOT option does not change the current transaction\nisolation level, so it provides a consistent snapshot only if the\ncurrent isolation level is one that permits consistent read (REPEATABLE\nREAD or SERIALIZABLE).\n\n*Important*: Many APIs used for writing MySQL client applications (such\nas JDBC) provide their own methods for starting transactions that can\n(and sometimes should) be used instead of sending a START TRANSACTION\nstatement from the client. See\nhttp://dev.mysql.com/doc/refman/5.5/en/connectors-apis.html, or the\ndocumentation for your API, for more information.\n\nTo disable autocommit mode explicitly, use the following statement:\n\nSET autocommit=0;\n\nAfter disabling autocommit mode by setting the autocommit variable to\nzero, changes to transaction-safe tables (such as those for InnoDB) are not made permanent immediately. You must use COMMIT to\nstore your changes to disk or ROLLBACK to ignore the changes.\n\nautocommit is a session variable and must be set for each session. To\ndisable autocommit mode for each new connection, see the description of\nthe autocommit system variable at\nhttps://mariadb.com/kb/en/server-system-variables/.\n\nBEGIN and BEGIN WORK are supported as aliases of START TRANSACTION for\ninitiating a transaction. START TRANSACTION is standard SQL syntax and\nis the recommended way to start an ad-hoc transaction.\n\nThe BEGIN statement differs from the use of the BEGIN keyword that\nstarts a BEGIN ... END compound statement. The latter does not begin a\ntransaction. See [HELP BEGIN END].\n\n*Note*: Within all stored programs (stored procedures and functions,\ntriggers, and events), the parser treats BEGIN [WORK] as the beginning\nof a BEGIN ... END block. Begin a transaction in this context with\nSTART TRANSACTION instead.\n\nThe optional WORK keyword is supported for COMMIT and ROLLBACK, as are\nthe CHAIN and RELEASE clauses. CHAIN and RELEASE can be used for\nadditional control over transaction completion. The value of the\ncompletion_type system variable determines the default completion\nbehavior. See\nhttps://mariadb.com/kb/en/server-system-variables/.\n\nThe AND CHAIN clause causes a new transaction to begin as soon as the\ncurrent one ends, and the new transaction has the same isolation level\nas the just-terminated transaction. The RELEASE clause causes the\nserver to disconnect the current client session after terminating the\ncurrent transaction. Including the NO keyword suppresses CHAIN or\nRELEASE completion, which can be useful if the completion_type system\nvariable is set to cause chaining or release completion by default.\n\nURL: https://mariadb.com/kb/en/start-transaction/\n\n','','https://mariadb.com/kb/en/start-transaction/'),(147,'BETWEEN AND',18,'Syntax:\nexpr BETWEEN min AND max\n\nIf expr is greater than or equal to min and expr is less than or equal\nto max, BETWEEN returns 1, otherwise it returns 0. This is equivalent\nto the expression (min <= expr AND expr <= max) if all the arguments\nare of the same type. Otherwise type conversion takes place according\nto the rules described in\nhttps://mariadb.com/kb/en/type-conversion/, but\napplied to all the three arguments.\n\nURL: https://mariadb.com/kb/en/between-and/\n\n','MariaDB> SELECT 2 BETWEEN 1 AND 3, 2 BETWEEN 3 and 1;\n        -> 1, 0\nMariaDB> SELECT 1 BETWEEN 2 AND 3;\n        -> 0\nMariaDB> SELECT \'b\' BETWEEN \'a\' AND \'c\';\n        -> 1\nMariaDB> SELECT 2 BETWEEN 2 AND \'3\';\n        -> 1\nMariaDB> SELECT 2 BETWEEN 2 AND \'x-3\';\n        -> 0\n','https://mariadb.com/kb/en/between-and/'),(148,'MULTIPOLYGON',24,'MultiPolygon(poly1,poly2,...)\n\nConstructs a MultiPolygon value from a set of Polygon or WKB Polygon\narguments.\n\nURL: https://mariadb.com/kb/en/multipolygon/\n\n','','https://mariadb.com/kb/en/multipolygon/'),(149,'TIME_FORMAT',31,'Syntax:\nTIME_FORMAT(time,format)\n\nThis is used like the DATE_FORMAT() function, but the format string may\ncontain format specifiers only for hours, minutes, seconds, and\nmicroseconds. Other specifiers produce a NULL value or 0.\n\nURL: https://mariadb.com/kb/en/time_format/\n\n','MariaDB> SELECT TIME_FORMAT(\'100:00:00\', \'%H %k %h %I %l\');\n        -> \'100 100 04 04 4\'\n','https://mariadb.com/kb/en/time_format/'),(150,'LEFT',37,'Syntax:\nLEFT(str,len)\n\nReturns the leftmost len characters from the string str, or NULL if any\nargument is NULL.\n\nURL: https://mariadb.com/kb/en/left/\n\n','MariaDB> SELECT LEFT(\'foobarbar\', 5);\n        -> \'fooba\'\n','https://mariadb.com/kb/en/left/'),(151,'FLUSH QUERY CACHE',26,'You can defragment the query cache to better utilize its memory with\nthe FLUSH QUERY CACHE statement. The statement does not remove any\nqueries from the cache.\n\nThe RESET QUERY CACHE statement removes all query results from the\nquery cache. The FLUSH TABLES statement also does this.\n\nURL: https://mariadb.com/kb/en/flush-query-cache/\n\n','','https://mariadb.com/kb/en/flush-query-cache/'),(152,'SET DATA TYPE',22,'SET(\'value1\',\'value2\',...) [CHARACTER SET charset_name] [COLLATE\ncollation_name]\n\nA set. A string object that can have zero or more values, each of which\nmust be chosen from the list of values \'value1\', \'value2\', ... A SET\ncolumn can have a maximum of 64 members. SET values are represented\ninternally as integers.\n\nURL: https://mariadb.com/kb/en/set-data-type/\n\n','','https://mariadb.com/kb/en/set-data-type/'),(153,'RAND',4,'Syntax:\nRAND(), RAND(N)\n\nReturns a random floating-point value v in the range 0 <= v < 1.0. If a\nconstant integer argument N is specified, it is used as the seed value,\nwhich produces a repeatable sequence of column values. In the following\nexample, note that the sequences of values produced by RAND(3) is the\nsame both places where it occurs.\n\nURL: https://mariadb.com/kb/en/rand/\n\n','MariaDB> CREATE TABLE t (i INT);\nQuery OK, 0 rows affected (0.42 sec)\n\nMariaDB> INSERT INTO t VALUES(1),(2),(3);\nQuery OK, 3 rows affected (0.00 sec)\nRecords: 3  Duplicates: 0  Warnings: 0\n\nMariaDB> SELECT i, RAND() FROM t;\n+------+------------------+\n| i    | RAND()           |\n+------+------------------+\n|    1 | 0.61914388706828 |\n|    2 | 0.93845168309142 |\n|    3 | 0.83482678498591 |\n+------+------------------+\n3 rows in set (0.00 sec)\n\nMariaDB> SELECT i, RAND(3) FROM t;\n+------+------------------+\n| i    | RAND(3)          |\n+------+------------------+\n|    1 | 0.90576975597606 |\n|    2 | 0.37307905813035 |\n|    3 | 0.14808605345719 |\n+------+------------------+\n3 rows in set (0.00 sec)\n\nMariaDB> SELECT i, RAND() FROM t;\n+------+------------------+\n| i    | RAND()           |\n+------+------------------+\n|    1 | 0.35877890638893 |\n|    2 | 0.28941420772058 |\n|    3 | 0.37073435016976 |\n+------+------------------+\n3 rows in set (0.00 sec)\n\nMariaDB> SELECT i, RAND(3) FROM t;\n+------+------------------+\n| i    | RAND(3)          |\n+------+------------------+\n|    1 | 0.90576975597606 |\n|    2 | 0.37307905813035 |\n|    3 | 0.14808605345719 |\n+------+------------------+\n3 rows in set (0.01 sec)\n','https://mariadb.com/kb/en/rand/'),(154,'RPAD',37,'Syntax:\nRPAD(str,len,padstr)\n\nReturns the string str, right-padded with the string padstr to a length\nof len characters. If str is longer than len, the return value is\nshortened to len characters.\n\nURL: https://mariadb.com/kb/en/rpad/\n\n','MariaDB> SELECT RPAD(\'hi\',5,\'?\');\n        -> \'hi???\'\nMariaDB> SELECT RPAD(\'hi\',1,\'?\');\n        -> \'h\'\n','https://mariadb.com/kb/en/rpad/'),(155,'CREATE DATABASE',39,'Syntax:\nCREATE {DATABASE | SCHEMA} [IF NOT EXISTS] db_name\n    [create_specification] ...\n\ncreate_specification:\n    [DEFAULT] CHARACTER SET [=] charset_name\n  | [DEFAULT] COLLATE [=] collation_name\n\nCREATE DATABASE creates a database with the given name. To use this\nstatement, you need the CREATE privilege for the database. CREATE\nSCHEMA is a synonym for CREATE DATABASE.\n\nURL: https://mariadb.com/kb/en/create-database/\n\n','','https://mariadb.com/kb/en/create-database/'),(156,'DEC',22,'DEC[(M[,D])] [UNSIGNED] [ZEROFILL], NUMERIC[(M[,D])] [UNSIGNED]\n[ZEROFILL], FIXED[(M[,D])] [UNSIGNED] [ZEROFILL]\n\nThese types are synonyms for DECIMAL. The FIXED synonym is available\nfor compatibility with other database systems.\n\nURL: https://mariadb.com/kb/en/dec-numeric-fixed/\n\n','','https://mariadb.com/kb/en/dec-numeric-fixed/'),(157,'VAR_POP',16,'Syntax:\nVAR_POP(expr)\n\nReturns the population standard variance of expr. It considers rows as\nthe whole population, not as a sample, so it has the number of rows as\nthe denominator. You can also use VARIANCE(), which is equivalent but\nis not standard SQL.\n\nVAR_POP() returns NULL if there were no matching rows.\n\nURL: https://mariadb.com/kb/en/var_pop/\n\n','','https://mariadb.com/kb/en/var_pop/'),(158,'ELT',37,'Syntax:\nELT(N,str1,str2,str3,...)\n\nReturns str1 if N = 1, str2 if N = 2, and so on. Returns NULL if N is\nless than 1 or greater than the number of arguments. ELT() is the\ncomplement of FIELD().\n\nURL: https://mariadb.com/kb/en/elt/.html\n\n','MariaDB> SELECT ELT(1, \'ej\', \'Heja\', \'hej\', \'foo\');\n        -> \'ej\'\nMariaDB> SELECT ELT(4, \'ej\', \'Heja\', \'hej\', \'foo\');\n        -> \'foo\'\n','https://mariadb.com/kb/en/elt/.html'),(159,'ALTER VIEW',39,'Syntax:\nALTER\n    [ALGORITHM = {UNDEFINED | MERGE | TEMPTABLE}]\n    [DEFINER = { user | CURRENT_USER }]\n    [SQL SECURITY { DEFINER | INVOKER }]\n    VIEW view_name [(column_list)]\n    AS select_statement\n    [WITH [CASCADED | LOCAL] CHECK OPTION]\n\nThis statement changes the definition of a view, which must exist. The\nsyntax is similar to that for CREATE VIEW and the effect is the same as\nfor CREATE OR REPLACE VIEW. See [HELP CREATE VIEW]. This statement\nrequires the CREATE VIEW and DROP privileges for the view, and some\nprivilege for each column referred to in the SELECT statement. ALTER\nVIEW is permitted only to the definer or users with the SUPER\nprivilege.\n\nURL: https://mariadb.com/kb/en/alter-view/\n\n','','https://mariadb.com/kb/en/alter-view/'),(160,'SHOW DATABASES',26,'Syntax:\nSHOW {DATABASES | SCHEMAS}\n    [LIKE \'pattern\' | WHERE expr]\n\nSHOW DATABASES lists the databases on the MySQL server host. SHOW\nSCHEMAS is a synonym for SHOW DATABASES. The LIKE clause, if present,\nindicates which database names to match. The WHERE clause can be given\nto select rows using more general conditions, as discussed in\nhttps://mariadb.com/kb/en/extended-show/.\n\nYou see only those databases for which you have some kind of privilege,\nunless you have the global SHOW DATABASES privilege. You can also get\nthis list using the mysqlshow command.\n\nIf the server was started with the --skip-show-database option, you\ncannot use this statement at all unless you have the SHOW DATABASES\nprivilege.\n\nURL: https://mariadb.com/kb/en/show-databases/\n\n','','https://mariadb.com/kb/en/show-databases/'),(161,'~',19,'Syntax:\n~\n\nInvert all bits.\n\nURL: https://mariadb.com/kb/en/3489/\n\n','MariaDB> SELECT 5 & ~1;\n        -> 4\n','https://mariadb.com/kb/en/3489/'),(162,'TEXT',22,'TEXT[(M)] [CHARACTER SET charset_name] [COLLATE collation_name]\n\nA TEXT column with a maximum length of 65,535 (216 - 1) characters. The\neffective maximum length is less if the value contains multi-byte\ncharacters. Each TEXT value is stored using a 2-byte length prefix that\nindicates the number of bytes in the value.\n\nAn optional length M can be given for this type. If this is done, MySQL\ncreates the column as the smallest TEXT type large enough to hold\nvalues M characters long.\n\nURL: https://mariadb.com/kb/en/text/\n\n','','https://mariadb.com/kb/en/text/'),(163,'CONCAT_WS',37,'Syntax:\nCONCAT_WS(separator,str1,str2,...)\n\nCONCAT_WS() stands for Concatenate With Separator and is a special form\nof CONCAT(). The first argument is the separator for the rest of the\narguments. The separator is added between the strings to be\nconcatenated. The separator can be a string, as can the rest of the\narguments. If the separator is NULL, the result is NULL.\n\nURL: https://mariadb.com/kb/en/concat_ws/\n\n','MariaDB> SELECT CONCAT_WS(\',\',\'First name\',\'Second name\',\'Last Name\');\n        -> \'First name,Second name,Last Name\'\nMariaDB> SELECT CONCAT_WS(\',\',\'First name\',NULL,\'Last Name\');\n        -> \'First name,Last Name\'\n','https://mariadb.com/kb/en/concat_ws/'),(164,'ROW_COUNT',17,'Syntax:\nROW_COUNT()\n\nBefore MySQL 5.5.5, ROW_COUNT() returns the number of rows changed,\ndeleted, or inserted by the last statement if it was an UPDATE, DELETE,\nor INSERT. For other statements, the value may not be meaningful.\n\nAs of MySQL 5.5.5, ROW_COUNT() returns a value as follows:\n\no DDL statements: 0. This applies to statements such as CREATE TABLE or\n  DROP TABLE.\n\no DML statements other than SELECT: The number of affected rows. This\n  applies to statements such as UPDATE, INSERT, or DELETE (as before),\n  but now also to statements such as ALTER TABLE and LOAD DATA INFILE.\n\no SELECT: -1 if the statement returns a result set, or the number of\n  rows \"affected\" if it does not. For example, for SELECT * FROM t1,\n  ROW_COUNT() returns -1. For SELECT * FROM t1 INTO OUTFILE\n  \'file_name\', ROW_COUNT() returns the number of rows written to the\n  file.\n\no SIGNAL statements: 0.\n\nFor UPDATE statements, the affected-rows value by default is the number\nof rows actually changed. If you specify the CLIENT_FOUND_ROWS flag to\nmysql_real_connect() when connecting to mysqld, the affected-rows value\nis the number of rows \"found\"; that is, matched by the WHERE clause.\n\nFor REPLACE statements, the affected-rows value is 2 if the new row\nreplaced an old row, because in this case, one row was inserted after\nthe duplicate was deleted.\n\nFor INSERT ... ON DUPLICATE KEY UPDATE statements, the affected-rows\nvalue is 1 if the row is inserted as a new row and 2 if an existing row\nis updated.\n\nThe ROW_COUNT() value is similar to the value from the\nmysql_affected_rows() C API function and the row count that the mysql\nclient displays following statement execution.\n\nURL: https://mariadb.com/kb/en/information-functions-row_count/\n\n','MariaDB> INSERT INTO t VALUES(1),(2),(3);\nQuery OK, 3 rows affected (0.00 sec)\nRecords: 3  Duplicates: 0  Warnings: 0\n\nMariaDB> SELECT ROW_COUNT();\n+-------------+\n| ROW_COUNT() |\n+-------------+\n|           3 |\n+-------------+\n1 row in set (0.00 sec)\n\nMariaDB> DELETE FROM t WHERE i IN(1,2);\nQuery OK, 2 rows affected (0.00 sec)\n\nMariaDB> SELECT ROW_COUNT();\n+-------------+\n| ROW_COUNT() |\n+-------------+\n|           2 |\n+-------------+\n1 row in set (0.00 sec)\n','https://mariadb.com/kb/en/information-functions-row_count/'),(165,'ASIN',4,'Syntax:\nASIN(X)\n\nReturns the arc sine of X, that is, the value whose sine is X. Returns\nNULL if X is not in the range -1 to 1.\n\nURL: https://mariadb.com/kb/en/asin/\n\n','MariaDB> SELECT ASIN(0.2);\n        -> 0.20135792079033\nMariaDB> SELECT ASIN(\'foo\');\n\n+-------------+\n| ASIN(\'foo\') |\n+-------------+\n|           0 |\n+-------------+\n1 row in set, 1 warning (0.00 sec)\n\nMariaDB> SHOW WARNINGS;\n+---------+------+-----------------------------------------+\n| Level   | Code | Message                                 |\n+---------+------+-----------------------------------------+\n| Warning | 1292 | Truncated incorrect DOUBLE value: \'foo\' |\n+---------+------+-----------------------------------------+\n','https://mariadb.com/kb/en/asin/'),(166,'SIGN',4,'Syntax:\nSIGN(X)\n\nReturns the sign of the argument as -1, 0, or 1, depending on whether X\nis negative, zero, or positive.\n\nURL: https://mariadb.com/kb/en/sign/\n\n','MariaDB> SELECT SIGN(-32);\n        -> -1\nMariaDB> SELECT SIGN(0);\n        -> 0\nMariaDB> SELECT SIGN(234);\n        -> 1\n','https://mariadb.com/kb/en/sign/'),(167,'SEC_TO_TIME',31,'Syntax:\nSEC_TO_TIME(seconds)\n\nReturns the seconds argument, converted to hours, minutes, and seconds,\nas a TIME value. The range of the result is constrained to that of the\nTIME data type. A warning occurs if the argument corresponds to a value\noutside that range.\n\nURL: https://mariadb.com/kb/en/sec_to_time/\n\n','MariaDB> SELECT SEC_TO_TIME(2378);\n        -> \'00:39:38\'\nMariaDB> SELECT SEC_TO_TIME(2378) + 0;\n        -> 3938\n','https://mariadb.com/kb/en/sec_to_time/'),(168,'FLOAT',22,'FLOAT[(M,D)] [UNSIGNED] [ZEROFILL]\n\nA small (single-precision) floating-point number. Permissible values\nare -3.402823466E+38 to -1.175494351E-38, 0, and 1.175494351E-38 to\n3.402823466E+38. These are the theoretical limits, based on the IEEE\nstandard. The actual range might be slightly smaller depending on your\nhardware or operating system.\n\nM is the total number of digits and D is the number of digits following\nthe decimal point. If M and D are omitted, values are stored to the\nlimits permitted by the hardware. A single-precision floating-point\nnumber is accurate to approximately 7 decimal places.\n\nUNSIGNED, if specified, disallows negative values.\n\nUsing FLOAT might give you some unexpected problems because all\ncalculations in MySQL are done with double precision. See\nhttps://mariadb.com/kb/en/floating-point-accuracy/.\n\nURL: https://mariadb.com/kb/en/float/\n\n','','https://mariadb.com/kb/en/float/'),(169,'LOCATE',37,'Syntax:\nLOCATE(substr,str), LOCATE(substr,str,pos)\n\nThe first syntax returns the position of the first occurrence of\nsubstring substr in string str. The second syntax returns the position\nof the first occurrence of substring substr in string str, starting at\nposition pos. Returns 0 if substr is not in str.\n\nURL: https://mariadb.com/kb/en/locate/\n\n','MariaDB> SELECT LOCATE(\'bar\', \'foobarbar\');\n        -> 4\nMariaDB> SELECT LOCATE(\'xbar\', \'foobar\');\n        -> 0\nMariaDB> SELECT LOCATE(\'bar\', \'foobarbar\', 5);\n        -> 7\n','https://mariadb.com/kb/en/locate/'),(170,'SHOW EVENTS',26,'Syntax:\nSHOW EVENTS [{FROM | IN} schema_name]\n    [LIKE \'pattern\' | WHERE expr]\n\nThis statement displays information about Event Manager events. It\nrequires the EVENT privilege for the database from which the events are\nto be shown.\n\nIn its simplest form, SHOW EVENTS lists all of the events in the\ncurrent schema:\n\nMariaDB> SELECT CURRENT_USER(), SCHEMA();\n+----------------+----------+\n| CURRENT_USER() | SCHEMA() |\n+----------------+----------+\n| jon@ghidora    | myschema |\n+----------------+----------+\n1 row in set (0.00 sec)\n\nMariaDB> SHOW EVENTS\\G\n*************************** 1. row ***************************\n                  Db: myschema\n                Name: e_daily\n             Definer: jon@ghidora\n           Time zone: SYSTEM\n                Type: RECURRING\n          Execute at: NULL\n      Interval value: 10\n      Interval field: SECOND\n              Starts: 2006-02-09 10:41:23\n                Ends: NULL\n              Status: ENABLED\n          Originator: 0\ncharacter_set_client: latin1\ncollation_connection: latin1_swedish_ci\n  Database Collation: latin1_swedish_ci\n\nTo see events for a specific schema, use the FROM clause. For example,\nto see events for the test schema, use the following statement:\n\nSHOW EVENTS FROM test;\n\nThe LIKE clause, if present, indicates which event names to match. The\nWHERE clause can be given to select rows using more general conditions,\nas discussed in\nhttps://mariadb.com/kb/en/extended-show/.\n\nURL: https://mariadb.com/kb/en/show-events/\n\n','','https://mariadb.com/kb/en/show-events/'),(171,'CHARSET',17,'Syntax:\nCHARSET(str)\n\nReturns the character set of the string argument.\n\nURL: https://mariadb.com/kb/en/charset/\n\n','MariaDB> SELECT CHARSET(\'abc\');\n        -> \'latin1\'\nMariaDB> SELECT CHARSET(CONVERT(\'abc\' USING utf8));\n        -> \'utf8\'\nMariaDB> SELECT CHARSET(USER());\n        -> \'utf8\'\n','https://mariadb.com/kb/en/charset/'),(172,'SUBDATE',31,'Syntax:\nSUBDATE(date,INTERVAL expr unit), SUBDATE(expr,days)\n\nWhen invoked with the INTERVAL form of the second argument, SUBDATE()\nis a synonym for DATE_SUB(). For information on the INTERVAL unit\nargument, see the discussion for DATE_ADD().\n\nMariaDB> SELECT DATE_SUB(\'2008-01-02\', INTERVAL 31 DAY);\n        -> \'2007-12-02\'\nMariaDB> SELECT SUBDATE(\'2008-01-02\', INTERVAL 31 DAY);\n        -> \'2007-12-02\'\n\nThe second form enables the use of an integer value for days. In such\ncases, it is interpreted as the number of days to be subtracted from\nthe date or datetime expression expr.\n\nMariaDB> SELECT SUBDATE(\'2008-01-02 12:00:00\', 31);\n        -> \'2007-12-02 12:00:00\'\n\nURL: https://mariadb.com/kb/en/subdate/\n\n','','https://mariadb.com/kb/en/subdate/'),(173,'DAYOFYEAR',31,'Syntax:\nDAYOFYEAR(date)\n\nReturns the day of the year for date, in the range 1 to 366.\n\nURL: https://mariadb.com/kb/en/dayofyear/\n\n','MariaDB> SELECT DAYOFYEAR(\'2007-02-03\');\n        -> 34\n','https://mariadb.com/kb/en/dayofyear/'),(174,'%',4,'Syntax:\nN % M, N MOD M\n\nModulo operation. Returns the remainder of N divided by M. For more\ninformation, see the description for the MOD() function in\nhttps://mariadb.com/kb/en/mod/.\n\nURL: https://mariadb.com/kb/en/modulo-operator/\n\n','','https://mariadb.com/kb/en/modulo-operator/'),(175,'LONGTEXT',22,'LONGTEXT [CHARACTER SET charset_name] [COLLATE collation_name]\n\nA TEXT column with a maximum length of 4,294,967,295 or 4GB (232 - 1)\ncharacters. The effective maximum length is less if the value contains\nmulti-byte characters. The effective maximum length of LONGTEXT columns\nalso depends on the configured maximum packet size in the client/server\nprotocol and available memory. Each LONGTEXT value is stored using a\n4-byte length prefix that indicates the number of bytes in the value.\n\nURL: https://mariadb.com/kb/en/longtext/\n\n','','https://mariadb.com/kb/en/longtext/'),(176,'KILL',26,'Syntax:\nKILL [CONNECTION | QUERY] thread_id\n\nEach connection to mysqld runs in a separate thread. You can see which\nthreads are running with the SHOW PROCESSLIST statement and kill a\nthread with the KILL thread_id statement.\n\nKILL permits an optional CONNECTION or QUERY modifier:\n\no KILL CONNECTION is the same as KILL with no modifier: It terminates\n  the connection associated with the given thread_id.\n\no KILL QUERY terminates the statement that the connection is currently\n  executing, but leaves the connection itself intact.\n\nIf you have the PROCESS privilege, you can see all threads. If you have\nthe SUPER privilege, you can kill all threads and statements.\nOtherwise, you can see and kill only your own threads and statements.\n\nYou can also use the mysqladmin processlist and mysqladmin kill\ncommands to examine and kill threads.\n\n*Note*: You cannot use KILL with the Embedded MySQL Server library\nbecause the embedded server merely runs inside the threads of the host\napplication. It does not create any connection threads of its own.\n\nURL: https://mariadb.com/kb/en/data-manipulation-kill-connection-query/\n\n','','https://mariadb.com/kb/en/data-manipulation-kill-connection-query/'),(177,'DISJOINT',30,'Disjoint(g1,g2)\n\nReturns 1 or 0 to indicate whether g1 is spatially disjoint from (does\nnot intersect) g2.\n\nURL: https://mariadb.com/kb/en/disjoint/\n\n','','https://mariadb.com/kb/en/disjoint/'),(178,'ASTEXT',3,'AsText(g), AsWKT(g)\n\nConverts a value in internal geometry format to its WKT representation\nand returns the string result.\n\nURL: https://mariadb.com/kb/en/astext/\n\n','MariaDB> SET @g = \'LineString(1 1,2 2,3 3)\';\nMariaDB> SELECT AsText(GeomFromText(@g));\n+--------------------------+\n| AsText(GeomFromText(@g)) |\n+--------------------------+\n| LINESTRING(1 1,2 2,3 3)  |\n+--------------------------+\n','https://mariadb.com/kb/en/astext/'),(179,'LPAD',37,'Syntax:\nLPAD(str,len,padstr)\n\nReturns the string str, left-padded with the string padstr to a length\nof len characters. If str is longer than len, the return value is\nshortened to len characters.\n\n\nURL: https://mariadb.com/kb/en/lpad/\n\n','MariaDB> SELECT LPAD(\'hi\',4,\'??\');\n        -> \'??hi\'\nMariaDB> SELECT LPAD(\'hi\',1,\'??\');\n        -> \'h\'\n','https://mariadb.com/kb/en/lpad/'),(180,'DECLARE CONDITION',23,'Syntax:\nDECLARE condition_name CONDITION FOR condition_value\n\ncondition_value:\n    mysql_error_code\n  | SQLSTATE [VALUE] sqlstate_value\n\nThe DECLARE ... CONDITION statement declares a named error condition,\nassociating a name with a condition that needs specific handling. The\nname can be referred to in a subsequent DECLARE ... HANDLER statement\n(see [HELP DECLARE HANDLER]).\n\nCondition declarations must appear before cursor or handler\ndeclarations.\n\nThe condition_value for DECLARE ... CONDITION can be a MySQL error code\n(a number) or an SQLSTATE value (a 5-character string literal). You\nshould not use MySQL error code 0 or SQLSTATE values that begin with\n\'00\', because those indicate success rather than an error condition.\nFor a list of MySQL error codes and SQLSTATE values, see\nhttps://mariadb.com/kb/en/mariadb-error-codes/.\n\nURL: https://mariadb.com/kb/en/declare-condition/\n\n','','https://mariadb.com/kb/en/declare-condition/'),(181,'OVERLAPS',30,'Overlaps(g1,g2)\n\nReturns 1 or 0 to indicate whether g1 spatially overlaps g2. The term\nspatially overlaps is used if two geometries intersect and their\nintersection results in a geometry of the same dimension but not equal\nto either of the given geometries.\n\nURL: https://mariadb.com/kb/en/overlaps/\n\n','','https://mariadb.com/kb/en/overlaps/'),(182,'SET GLOBAL SQL_SLAVE_SKIP_COUNTER',8,'Syntax:\nSET GLOBAL sql_slave_skip_counter = N\n\nThis statement skips the next N events from the master. This is useful\nfor recovering from replication stops caused by a statement.\n\nThis statement is valid only when the slave threads are not running.\nOtherwise, it produces an error.\n\nURL: https://mariadb.com/kb/en/set-global-sql_slave_skip_counter/\n\n','','https://mariadb.com/kb/en/set-global-sql_slave_skip_counter/'),(183,'NUMGEOMETRIES',25,'NumGeometries(gc)\n\nReturns the number of geometries in the GeometryCollection value gc.\n\nURL: https://mariadb.com/kb/en/numgeometries/\n\n','MariaDB> SET @gc = \'GeometryCollection(Point(1 1),LineString(2 2, 3 3))\';\nMariaDB> SELECT NumGeometries(GeomFromText(@gc));\n+----------------------------------+\n| NumGeometries(GeomFromText(@gc)) |\n+----------------------------------+\n|                                2 |\n+----------------------------------+\n','https://mariadb.com/kb/en/numgeometries/'),(184,'MONTHNAME',31,'Syntax:\nMONTHNAME(date)\n\nReturns the full name of the month for date. The language used for the\nname is controlled by the value of the lc_time_names system variable\n(https://mariadb.com/kb/en/server-locale/).\n\nURL: https://mariadb.com/kb/en/monthname/\n\n','MariaDB> SELECT MONTHNAME(\'2008-02-03\');\n        -> \'February\'\n','https://mariadb.com/kb/en/monthname/'),(185,'CHANGE MASTER TO',8,'Syntax:\nCHANGE MASTER TO option [, option] ...\n\noption:\n    MASTER_BIND = \'interface_name\'\n  | MASTER_HOST = \'host_name\'\n  | MASTER_USER = \'user_name\'\n  | MASTER_PASSWORD = \'password\'\n  | MASTER_PORT = port_num\n  | MASTER_CONNECT_RETRY = interval\n  | MASTER_HEARTBEAT_PERIOD = interval\n  | MASTER_LOG_FILE = \'master_log_name\'\n  | MASTER_LOG_POS = master_log_pos\n  | RELAY_LOG_FILE = \'relay_log_name\'\n  | RELAY_LOG_POS = relay_log_pos\n  | MASTER_SSL = {0|1}\n  | MASTER_SSL_CA = \'ca_file_name\'\n  | MASTER_SSL_CAPATH = \'ca_directory_name\'\n  | MASTER_SSL_CERT = \'cert_file_name\'\n  | MASTER_SSL_KEY = \'key_file_name\'\n  | MASTER_SSL_CIPHER = \'cipher_list\'\n  | MASTER_SSL_VERIFY_SERVER_CERT = {0|1}\n  | IGNORE_SERVER_IDS = (server_id_list)\n\nserver_id_list:\n    [server_id [, server_id] ... ]\n\nCHANGE MASTER TO changes the parameters that the slave server uses for\nconnecting to the master server, for reading the master binary log, and\nreading the slave relay log. It also updates the contents of the\nmaster.info and relay-log.info files. To use CHANGE MASTER TO, the\nslave replication threads must be stopped (use STOP SLAVE if\nnecessary).\n\nOptions not specified retain their value, except as indicated in the\nfollowing discussion. Thus, in most cases, there is no need to specify\noptions that do not change. For example, if the password to connect to\nyour MySQL master has changed, you just need to issue these statements\nto tell the slave about the new password:\n\nSTOP SLAVE; -- if replication was running\nCHANGE MASTER TO MASTER_PASSWORD=\'new3cret\';\nSTART SLAVE; -- if you want to restart replication\n\nMASTER_HOST, MASTER_USER, MASTER_PASSWORD, and MASTER_PORT provide\ninformation to the slave about how to connect to its master:\n\no MASTER_HOST and MASTER_PORT are the host name (or IP address) of the\n  master host and its TCP/IP port.\n\n  *Note*: Replication cannot use Unix socket files. You must be able to\n  connect to the master MySQL server using TCP/IP.\n\n  If you specify the MASTER_HOST or MASTER_PORT option, the slave\n  assumes that the master server is different from before (even if the\n  option value is the same as its current value.) In this case, the old\n  values for the master binary log file name and position are\n  considered no longer applicable, so if you do not specify\n  MASTER_LOG_FILE and MASTER_LOG_POS in the statement,\n  MASTER_LOG_FILE=\'\' and MASTER_LOG_POS=4 are silently appended to it.\n\n  Setting MASTER_HOST=\'\' (that is, setting its value explicitly to an\n  empty string) is not the same as not setting MASTER_HOST at all.\n  Beginning with MySQL 5.5, trying to set MASTER_HOST to an empty\n  string fails with an error. Previously, setting MASTER_HOST to an\n  empty string caused START SLAVE subsequently to fail. (Bug #28796)\n\no MASTER_USER and MASTER_PASSWORD are the user name and password of the\n  account to use for connecting to the master.\n\n  In MySQL 5.5.20 and later, MASTER_USER cannot be made empty; setting\n  MASTER_USER = \'\' or leaving it unset when setting a value for for\n  MASTER_PASSWORD causes an error (Bug #13427949).\n\n  Currently, a password used for a replication slave account is\n  effectively limited to 32 characters in length; the password can be\n  longer, but any excess characters are truncated. This is not due to\n  any limit imposed by the MySQL Server generally, but rather is an\n  issue specific to MySQL Replication. (For more information, see Bug\n  #43439.)\n\n  The text of a running CHANGE MASTER TO statement, including values\n  for MASTER_USER and MASTER_PASSWORD, can be seen in the output of a\n  concurrent SHOW PROCESSLIST statement.\n\nThe MASTER_SSL_xxx options provide information about using SSL for the\nconnection. They correspond to the --ssl-xxx options described in\nhttps://mariadb.com/kb/en/ssl-server-system-variables/, and\nhttp://dev.mysql.com/doc/refman/5.5/en/replication-solutions-ssl.html.\nThese options can be changed even on slaves that are compiled without\nSSL support. They are saved to the master.info file, but are ignored if\nthe slave does not have SSL support enabled.\n\nMASTER_CONNECT_RETRY specifies how many seconds to wait between connect\nretries. The default is 60. The number of reconnection attempts is\nlimited by the --master-retry-count server option; for more\ninformation, see\nhttps://mariadb.com/kb/en/replication-and-binary-log-server-system-variables/.\n\nMASTER_HEARTBEAT_PERIOD sets the interval in seconds between\nreplication heartbeats. Whenever the master\'s binary log is updated\nwith an event, the waiting period for the next heartbeat is reset.\ninterval is a decimal value having the range 0 to 4294967 seconds and a\nresolution in milliseconds; the smallest nonzero value is 0.001.\nHeartbeats are sent by the master only if there are no unsent events in\nthe binary log file for a period longer than interval.\n\nSetting interval to 0 disables heartbeats altogether. The default value\nfor interval is equal to the value of slave_net_timeout divided by 2.\n\nSetting @@global.slave_net_timeout to a value less than that of the\ncurrent heartbeat interval results in a warning being issued. The\neffect of issuing RESET SLAVE on the heartbeat interval is to reset it\nto the default value.\n\nMASTER_LOG_FILE and MASTER_LOG_POS are the coordinates at which the\nslave I/O thread should begin reading from the master the next time the\nthread starts. RELAY_LOG_FILE and RELAY_LOG_POS are the coordinates at\nwhich the slave SQL thread should begin reading from the relay log the\nnext time the thread starts. If you specify either of MASTER_LOG_FILE\nor MASTER_LOG_POS, you cannot specify RELAY_LOG_FILE or RELAY_LOG_POS.\nIf neither of MASTER_LOG_FILE or MASTER_LOG_POS is specified, the slave\nuses the last coordinates of the slave SQL thread before CHANGE MASTER\nTO was issued. This ensures that there is no discontinuity in\nreplication, even if the slave SQL thread was late compared to the\nslave I/O thread, when you merely want to change, say, the password to\nuse.\n\nCHANGE MASTER TO deletes all relay log files and starts a new one,\nunless you specify RELAY_LOG_FILE or RELAY_LOG_POS. In that case, relay\nlog files are kept; the relay_log_purge global variable is set silently\nto 0.\n\nPrior to MySQL 5.5, RELAY_LOG_FILE required an absolute path. In MySQL\n5.5, the path can be relative, in which case the path is assumed to be\nrelative to the slave\'s data directory. (Bug #12190)\n\nIGNORE_SERVER_IDS was added in MySQL 5.5. This option takes a\ncomma-separated list of 0 or more server IDs. Events originating from\nthe corresponding servers are ignored, with the exception of log\nrotation and deletion events, which are still recorded in the relay\nlog.\n\nIn circular replication, the originating server normally acts as the\nterminator of its own events, so that they are not applied more than\nonce. Thus, this option is useful in circular replication when one of\nthe servers in the circle is removed. Suppose that you have a circular\nreplication setup with 4 servers, having server IDs 1, 2, 3, and 4, and\nserver 3 fails. When bridging the gap by starting replication from\nserver 2 to server 4, you can include IGNORE_SERVER_IDS = (3) in the\nCHANGE MASTER TO statement that you issue on server 4 to tell it to use\nserver 2 as its master instead of server 3. Doing so causes it to\nignore and not to propagate any statements that originated with the\nserver that is no longer in use.\n\nIf a CHANGE MASTER TO statement is issued without any IGNORE_SERVER_IDS\noption, any existing list is preserved; RESET SLAVE also has no effect\non the server ID list. To clear the list of ignored servers, it is\nnecessary to use the option with an empty list:\n\nCHANGE MASTER TO IGNORE_SERVER_IDS = ();\n\nIf IGNORE_SERVER_IDS contains the server\'s own ID and the server was\nstarted with the --replicate-same-server-id option enabled, an error\nresults.\n\nAlso beginning with MySQL 5.5, the master.info file and the output of\nSHOW SLAVE STATUS are extended to provide the list of servers that are\ncurrently ignored. For more information, see\nhttps://mariadb.com/kb/en/show-slave-status/, and\n[HELP SHOW SLAVE STATUS].\n\nBeginning with MySQL 5.5.5, invoking CHANGE MASTER TO causes the\nprevious values for MASTER_HOST, MASTER_PORT, MASTER_LOG_FILE, and\nMASTER_LOG_POS to be written to the error log, along with other\ninformation about the slave\'s state prior to execution.\n\nCHANGE MASTER TO is useful for setting up a slave when you have the\nsnapshot of the master and have recorded the master binary log\ncoordinates corresponding to the time of the snapshot. After loading\nthe snapshot into the slave to synchronize it to the slave, you can run\nCHANGE MASTER TO MASTER_LOG_FILE=\'log_name\', MASTER_LOG_POS=log_pos on\nthe slave to specify the coordinates at which the slave should begin\nreading the master binary log.\n\nThe following example changes the master server the slave uses and\nestablishes the master binary log coordinates from which the slave\nbegins reading. This is used when you want to set up the slave to\nreplicate the master:\n\nCHANGE MASTER TO\n  MASTER_HOST=\'master2.mycompany.com\',\n  MASTER_USER=\'replication\',\n  MASTER_PASSWORD=\'bigs3cret\',\n  MASTER_PORT=3306,\n  MASTER_LOG_FILE=\'master2-bin.001\',\n  MASTER_LOG_POS=4,\n  MASTER_CONNECT_RETRY=10;\n\nThe next example shows an operation that is less frequently employed.\nIt is used when the slave has relay log files that you want it to\nexecute again for some reason. To do this, the master need not be\nreachable. You need only use CHANGE MASTER TO and start the SQL thread\n(START SLAVE SQL_THREAD):\n\nCHANGE MASTER TO\n  RELAY_LOG_FILE=\'slave-relay-bin.006\',\n  RELAY_LOG_POS=4025;\n\nURL: https://mariadb.com/kb/en/change-master-to/\n\n','','https://mariadb.com/kb/en/change-master-to/'),(186,'DROP DATABASE',39,'Syntax:\nDROP {DATABASE | SCHEMA} [IF EXISTS] db_name\n\nDROP DATABASE drops all tables in the database and deletes the\ndatabase. Be very careful with this statement! To use DROP DATABASE,\nyou need the DROP privilege on the database. DROP SCHEMA is a synonym\nfor DROP DATABASE.\n\n*Important*: When a database is dropped, user privileges on the\ndatabase are not automatically dropped. See [HELP GRANT].\n\nIF EXISTS is used to prevent an error from occurring if the database\ndoes not exist.\n\nURL: https://mariadb.com/kb/en/drop-database/\n\n','','https://mariadb.com/kb/en/drop-database/'),(187,'MBREQUAL',6,'MBREqual(g1,g2)\n\nReturns 1 or 0 to indicate whether the Minimum Bounding Rectangles of\nthe two geometries g1 and g2 are the same.\n\nURL: https://mariadb.com/kb/en/mbrequal/\n\n','','https://mariadb.com/kb/en/mbrequal/'),(188,'TIMESTAMP FUNCTION',31,'Syntax:\nTIMESTAMP(expr), TIMESTAMP(expr1,expr2)\n\nWith a single argument, this function returns the date or datetime\nexpression expr as a datetime value. With two arguments, it adds the\ntime expression expr2 to the date or datetime expression expr1 and\nreturns the result as a datetime value.\n\nURL: https://mariadb.com/kb/en/timestamp-function/\n\n','MariaDB> SELECT TIMESTAMP(\'2003-12-31\');\n        -> \'2003-12-31 00:00:00\'\nMariaDB> SELECT TIMESTAMP(\'2003-12-31 12:00:00\',\'12:00:00\');\n        -> \'2004-01-01 00:00:00\'\n','https://mariadb.com/kb/en/timestamp-function/'),(189,'PROCEDURE ANALYSE',33,'Syntax:\nANALYSE([max_elements[,max_memory]])\n\nANALYSE() examines the result from a query and returns an analysis of\nthe results that suggests optimal data types for each column that may\nhelp reduce table sizes. To obtain this analysis, append PROCEDURE\nANALYSE to the end of a SELECT statement:\n\nSELECT ... FROM ... WHERE ... PROCEDURE ANALYSE([max_elements,[max_memory]])\n\nFor example:\n\nSELECT col1, col2 FROM table1 PROCEDURE ANALYSE(10, 2000);\n\nThe results show some statistics for the values returned by the query,\nand propose an optimal data type for the columns. This can be helpful\nfor checking your existing tables, or after importing new data. You may\nneed to try different settings for the arguments so that PROCEDURE\nANALYSE() does not suggest the ENUM data type when it is not\nappropriate.\n\nThe arguments are optional and are used as follows:\n\no max_elements (default 256) is the maximum number of distinct values\n  that ANALYSE() notices per column. This is used by ANALYSE() to check\n  whether the optimal data type should be of type ENUM; if there are\n  more than max_elements distinct values, then ENUM is not a suggested\n  type.\n\no max_memory (default 8192) is the maximum amount of memory that\n  ANALYSE() should allocate per column while trying to find all\n  distinct values.\n\nURL: https://mariadb.com/kb/en/procedure-analyse/\n\n','','https://mariadb.com/kb/en/procedure-analyse/'),(190,'HELP_VERSION',9,'This help information was generated from the MySQL 5.5 Reference Manual\non: 2012-08-25 (revision: 31914)\n\nThis information applies to MySQL 5.5 through 5.5.29.\n','',''),(191,'CHARACTER_LENGTH',37,'Syntax:\nCHARACTER_LENGTH(str)\n\nCHARACTER_LENGTH() is a synonym for CHAR_LENGTH().\n\nURL: https://mariadb.com/kb/en/character_length/\n\n','','https://mariadb.com/kb/en/character_length/'),(192,'SHOW GRANTS',26,'Syntax:\nSHOW GRANTS [FOR user]\n\nThis statement lists the GRANT statement or statements that must be\nissued to duplicate the privileges that are granted to a MySQL user\naccount. The account is named using the same format as for the GRANT\nstatement; for example, \'jeffrey\'@\'localhost\'. If you specify only the\nuser name part of the account name, a host name part of \'%\' is used.\nFor additional information about specifying account names, see [HELP\nGRANT].\n\nMariaDB> SHOW GRANTS FOR \'root\'@\'localhost\';\n+---------------------------------------------------------------------+\n| Grants for root@localhost                                           |\n+---------------------------------------------------------------------+\n| GRANT ALL PRIVILEGES ON *.* TO \'root\'@\'localhost\' WITH GRANT OPTION |\n+---------------------------------------------------------------------+\n\nTo list the privileges granted to the account that you are using to\nconnect to the server, you can use any of the following statements:\n\nSHOW GRANTS;\nSHOW GRANTS FOR CURRENT_USER;\nSHOW GRANTS FOR CURRENT_USER();\n\nIf SHOW GRANTS FOR CURRENT_USER (or any of the equivalent syntaxes) is\nused in DEFINER context, such as within a stored procedure that is\ndefined with SQL SECURITY DEFINER), the grants displayed are those of\nthe definer and not the invoker.\n\nURL: https://mariadb.com/kb/en/show-grants/\n\n','','https://mariadb.com/kb/en/show-grants/'),(193,'SHOW PRIVILEGES',26,'Syntax:\nSHOW PRIVILEGES\n\nSHOW PRIVILEGES shows the list of system privileges that the MySQL\nserver supports. The exact list of privileges depends on the version of\nyour server.\n\nURL: https://mariadb.com/kb/en/show-privileges/\n\n','','https://mariadb.com/kb/en/show-privileges/'),(194,'CREATE TABLESPACE',39,'Syntax:\nCREATE TABLESPACE tablespace_name\n    ADD DATAFILE \'file_name\'\n    USE LOGFILE GROUP logfile_group\n    [EXTENT_SIZE [=] extent_size]\n    [INITIAL_SIZE [=] initial_size]\n    [AUTOEXTEND_SIZE [=] autoextend_size]\n    [MAX_SIZE [=] max_size]\n    [NODEGROUP [=] nodegroup_id]\n    [WAIT]\n    [COMMENT [=] comment_text]\n    ENGINE [=] engine_name\n\nThis statement is used with NDB cluster, which is not supported by MariaDB.','','https://mariadb.com/kb/en/create-tablespace/'),(195,'INSERT FUNCTION',37,'Syntax:\nINSERT(str,pos,len,newstr)\n\nReturns the string str, with the substring beginning at position pos\nand len characters long replaced by the string newstr. Returns the\noriginal string if pos is not within the length of the string. Replaces\nthe rest of the string from position pos if len is not within the\nlength of the rest of the string. Returns NULL if any argument is NULL.\n\nURL: https://mariadb.com/kb/en/insert-function/\n\n','MariaDB> SELECT INSERT(\'Quadratic\', 3, 4, \'What\');\n        -> \'QuWhattic\'\nMariaDB> SELECT INSERT(\'Quadratic\', -1, 4, \'What\');\n        -> \'Quadratic\'\nMariaDB> SELECT INSERT(\'Quadratic\', 3, 100, \'What\');\n        -> \'QuWhat\'\n','https://mariadb.com/kb/en/insert-function/'),(196,'CRC32',4,'Syntax:\nCRC32(expr)\n\nComputes a cyclic redundancy check value and returns a 32-bit unsigned\nvalue. The result is NULL if the argument is NULL. The argument is\nexpected to be a string and (if possible) is treated as one if it is\nnot.\n\nURL: https://mariadb.com/kb/en/crc32/\n\n','MariaDB> SELECT CRC32(\'MySQL\');\n        -> 3259397556\nMariaDB> SELECT CRC32(\'mysql\');\n        -> 2501908538\n','https://mariadb.com/kb/en/crc32/'),(197,'XOR',15,'Syntax:\nXOR\n\nLogical XOR. Returns NULL if either operand is NULL. For non-NULL\noperands, evaluates to 1 if an odd number of operands is nonzero,\notherwise 0 is returned.\n\nURL: https://mariadb.com/kb/en/xor/\n\n','MariaDB> SELECT 1 XOR 1;\n        -> 0\nMariaDB> SELECT 1 XOR 0;\n        -> 1\nMariaDB> SELECT 1 XOR NULL;\n        -> NULL\nMariaDB> SELECT 1 XOR 1 XOR 1;\n        -> 1\n','https://mariadb.com/kb/en/xor/'),(198,'STARTPOINT',13,'StartPoint(ls)\n\nReturns the Point that is the start point of the LineString value ls.\n\nURL: https://mariadb.com/kb/en/startpoint/\n\n','MariaDB> SET @ls = \'LineString(1 1,2 2,3 3)\';\nMariaDB> SELECT AsText(StartPoint(GeomFromText(@ls)));\n+---------------------------------------+\n| AsText(StartPoint(GeomFromText(@ls))) |\n+---------------------------------------+\n| POINT(1 1)                            |\n+---------------------------------------+\n','https://mariadb.com/kb/en/startpoint/'),(199,'GRANT',10,'Syntax:\nGRANT\n    priv_type [(column_list)]\n      [, priv_type [(column_list)]] ...\n    ON [object_type] priv_level\n    TO user_specification [, user_specification] ...\n    [REQUIRE {NONE | ssl_option [[AND] ssl_option] ...}]\n    [WITH with_option ...]\n\nGRANT PROXY ON user_specification\n    TO user_specification [, user_specification] ...\n    [WITH GRANT OPTION]\n\nobject_type:\n    TABLE\n  | FUNCTION\n  | PROCEDURE\n\npriv_level:\n    *\n  | *.*\n  | db_name.*\n  | db_name.tbl_name\n  | tbl_name\n  | db_name.routine_name\n\nuser_specification:\n    user\n    [\n        IDENTIFIED BY [PASSWORD] \'password\'\n      | IDENTIFIED WITH auth_plugin [AS \'auth_string\']\n    ]\n\nssl_option:\n    SSL\n  | X509\n  | CIPHER \'cipher\'\n  | ISSUER \'issuer\'\n  | SUBJECT \'subject\'\n\nwith_option:\n    GRANT OPTION\n  | MAX_QUERIES_PER_HOUR count\n  | MAX_UPDATES_PER_HOUR count\n  | MAX_CONNECTIONS_PER_HOUR count\n  | MAX_USER_CONNECTIONS count\n\nThe GRANT statement grants privileges to MySQL user accounts. GRANT\nalso serves to specify other account characteristics such as use of\nsecure connections and limits on access to server resources. To use\nGRANT, you must have the GRANT OPTION privilege, and you must have the\nprivileges that you are granting.\n\nNormally, a database administrator first uses CREATE USER to create an\naccount, then GRANT to define its privileges and characteristics. For\nexample:\n\nCREATE USER \'jeffrey\'@\'localhost\' IDENTIFIED BY \'mypass\';\nGRANT ALL ON db1.* TO \'jeffrey\'@\'localhost\';\nGRANT SELECT ON db2.invoice TO \'jeffrey\'@\'localhost\';\nGRANT USAGE ON *.* TO \'jeffrey\'@\'localhost\' WITH MAX_QUERIES_PER_HOUR 90;\n\nHowever, if an account named in a GRANT statement does not already\nexist, GRANT may create it under the conditions described later in the\ndiscussion of the NO_AUTO_CREATE_USER SQL mode.\n\nThe REVOKE statement is related to GRANT and enables administrators to\nremove account privileges. See [HELP REVOKE].\n\nWhen successfully executed from the mysql program, GRANT responds with\nQuery OK, 0 rows affected. To determine what privileges result from the\noperation, use SHOW GRANTS. See [HELP SHOW GRANTS].\n\nURL: https://mariadb.com/kb/en/grant/\n\n','','https://mariadb.com/kb/en/grant/'),(200,'DECLARE VARIABLE',23,'Syntax:\nDECLARE var_name [, var_name] ... type [DEFAULT value]\n\nThis statement declares local variables within stored programs. To\nprovide a default value for a variable, include a DEFAULT clause. The\nvalue can be specified as an expression; it need not be a constant. If\nthe DEFAULT clause is missing, the initial value is NULL.\n\nLocal variables are treated like stored routine parameters with respect\nto data type and overflow checking. See [HELP CREATE PROCEDURE].\n\nVariable declarations must appear before cursor or handler\ndeclarations.\n\nLocal variable names are not case sensitive. Permissible characters and\nquoting rules are the same as for other identifiers, as described in\nhttps://mariadb.com/kb/en/identifier-names/.\n\nThe scope of a local variable is the BEGIN ... END block within which\nit is declared. The variable can be referred to in blocks nested within\nthe declaring block, except those blocks that declare a variable with\nthe same name.\n\nURL: https://mariadb.com/kb/en/declare-variable/\n\n','','https://mariadb.com/kb/en/declare-variable/'),(201,'MPOLYFROMTEXT',3,'MPolyFromText(wkt[,srid]), MultiPolygonFromText(wkt[,srid])\n\nConstructs a MULTIPOLYGON value using its WKT representation and SRID.\n\nURL: https://mariadb.com/kb/en/mpolyfromtext/\n\n','','https://mariadb.com/kb/en/mpolyfromtext/'),(202,'MBRINTERSECTS',6,'MBRIntersects(g1,g2)\n\nReturns 1 or 0 to indicate whether the Minimum Bounding Rectangles of\nthe two geometries g1 and g2 intersect.\n\nURL: https://mariadb.com/kb/en/mbrintersects/\n\n','','https://mariadb.com/kb/en/mbrintersects/'),(203,'BIT_OR',16,'Syntax:\nBIT_OR(expr)\n\nReturns the bitwise OR of all bits in expr. The calculation is\nperformed with 64-bit (BIGINT) precision.\n\nURL: https://mariadb.com/kb/en/bit_or/\n\n','','https://mariadb.com/kb/en/bit_or/'),(204,'YEARWEEK',31,'Syntax:\nYEARWEEK(date), YEARWEEK(date,mode)\n\nReturns year and week for a date. The mode argument works exactly like\nthe mode argument to WEEK(). The year in the result may be different\nfrom the year in the date argument for the first and the last week of\nthe year.\n\nURL: https://mariadb.com/kb/en/yearweek/\n\n','MariaDB> SELECT YEARWEEK(\'1987-01-01\');\n        -> 198653\n','https://mariadb.com/kb/en/yearweek/'),(205,'NOT BETWEEN',18,'Syntax:\nexpr NOT BETWEEN min AND max\n\nThis is the same as NOT (expr BETWEEN min AND max).\n\nURL: https://mariadb.com/kb/en/not-between/\n\n','','https://mariadb.com/kb/en/not-between/'),(206,'IS NOT',18,'Syntax:\nIS NOT boolean_value\n\nTests a value against a boolean value, where boolean_value can be TRUE,\nFALSE, or UNKNOWN.\n\nURL: https://mariadb.com/kb/en/is-not/\n\n','MariaDB> SELECT 1 IS NOT UNKNOWN, 0 IS NOT UNKNOWN, NULL IS NOT UNKNOWN;\n        -> 1, 1, 0\n','https://mariadb.com/kb/en/is-not/'),(207,'LOG10',4,'Syntax:\nLOG10(X)\n\nReturns the base-10 logarithm of X.\n\nURL: https://mariadb.com/kb/en/log10/\n\n','MariaDB> SELECT LOG10(2);\n        -> 0.30102999566398\nMariaDB> SELECT LOG10(100);\n        -> 2\nMariaDB> SELECT LOG10(-100);\n        -> NULL\n','https://mariadb.com/kb/en/log10/'),(208,'SQRT',4,'Syntax:\nSQRT(X)\n\nReturns the square root of a nonnegative number X.\n\nURL: https://mariadb.com/kb/en/sqrt/\n\n','MariaDB> SELECT SQRT(4);\n        -> 2\nMariaDB> SELECT SQRT(20);\n        -> 4.4721359549996\nMariaDB> SELECT SQRT(-16);\n        -> NULL\n','https://mariadb.com/kb/en/sqrt/'),(209,'DECIMAL',22,'DECIMAL[(M[,D])] [UNSIGNED] [ZEROFILL]\n\nA packed \"exact\" fixed-point number. M is the total number of digits\n(the precision) and D is the number of digits after the decimal point\n(the scale). The decimal point and (for negative numbers) the \"-\" sign\nare not counted in M. If D is 0, values have no decimal point or\nfractional part. The maximum number of digits (M) for DECIMAL is 65.\nThe maximum number of supported decimals (D) is 30. If D is omitted,\nthe default is 0. If M is omitted, the default is 10.\n\nUNSIGNED, if specified, disallows negative values.\n\nAll basic calculations (+, -, *, /) with DECIMAL columns are done with\na precision of 65 digits.\n\nURL: https://mariadb.com/kb/en/decimal/\n\n','','https://mariadb.com/kb/en/decimal/'),(210,'CREATE INDEX',39,'Syntax:\nCREATE [ONLINE|OFFLINE] [UNIQUE|FULLTEXT|SPATIAL] INDEX index_name\n    [index_type]\n    ON tbl_name (index_col_name,...)\n    [index_option] ...\n\nindex_col_name:\n    col_name [(length)] [ASC | DESC]\n\nindex_type:\n    USING {BTREE | HASH}\n\nindex_option:\n    KEY_BLOCK_SIZE [=] value\n  | index_type\n  | WITH PARSER parser_name\n  | COMMENT \'string\'\n\nCREATE INDEX is mapped to an ALTER TABLE statement to create indexes.\nSee [HELP ALTER TABLE]. CREATE INDEX cannot be used to create a PRIMARY\nKEY; use ALTER TABLE instead. For more information about indexes, see\nhttps://mariadb.com/kb/en/optimization-and-indexes/.\n\nURL: https://mariadb.com/kb/en/create-index/\n\n','','https://mariadb.com/kb/en/create-index/'),(211,'CREATE FUNCTION',39,'The CREATE FUNCTION statement is used to create stored functions and\nuser-defined functions (UDFs):\n\no For information about creating stored functions, see [HELP CREATE\n  PROCEDURE].\n\no For information about creating user-defined functions, see [HELP\n  CREATE FUNCTION UDF].\n\nURL: https://mariadb.com/kb/en/create-function/\n\n','','https://mariadb.com/kb/en/create-function/'),(212,'ALTER DATABASE',39,'Syntax:\nALTER {DATABASE | SCHEMA} [db_name]\n    alter_specification ...\nALTER {DATABASE | SCHEMA} db_name\n    UPGRADE DATA DIRECTORY NAME\n\nalter_specification:\n    [DEFAULT] CHARACTER SET [=] charset_name\n  | [DEFAULT] COLLATE [=] collation_name\n\nALTER DATABASE enables you to change the overall characteristics of a\ndatabase. These characteristics are stored in the db.opt file in the\ndatabase directory. To use ALTER DATABASE, you need the ALTER privilege\non the database. ALTER SCHEMA is a synonym for ALTER DATABASE.\n\nThe database name can be omitted from the first syntax, in which case\nthe statement applies to the default database.\n\nNational Language Characteristics\n\nThe CHARACTER SET clause changes the default database character set.\nThe COLLATE clause changes the default database collation.\nhttps://mariadb.com/kb/en/data-types-character-sets-and-collations/, discusses\ncharacter set and collation names.\n\nYou can see what character sets and collations are available using,\nrespectively, the SHOW CHARACTER SET and SHOW COLLATION statements. See\n[HELP SHOW CHARACTER SET], and [HELP SHOW COLLATION], for more\ninformation.\n\nIf you change the default character set or collation for a database,\nstored routines that use the database defaults must be dropped and\nrecreated so that they use the new defaults. (In a stored routine,\nvariables with character data types use the database defaults if the\ncharacter set or collation are not specified explicitly. See [HELP\nCREATE PROCEDURE].)\n\nUpgrading from Versions Older than MySQL 5.1\n\nThe syntax that includes the UPGRADE DATA DIRECTORY NAME clause updates\nthe name of the directory associated with the database to use the\nencoding implemented in MySQL 5.1 for mapping database names to\ndatabase directory names (see\nhttps://mariadb.com/kb/en/identifier-to-file-name-mapping/). This\nclause is for use under these conditions:\n\no It is intended when upgrading MySQL to 5.1 or later from older\n  versions.\n\no It is intended to update a database directory name to the current\n  encoding format if the name contains special characters that need\n  encoding.\n\no The statement is used by mysqlcheck (as invoked by mysql_upgrade).\n\nFor example, if a database in MySQL 5.0 has the name a-b-c, the name\ncontains instances of the - (dash) character. In MySQL 5.0, the\ndatabase directory is also named a-b-c, which is not necessarily safe\nfor all file systems. In MySQL 5.1 and later, the same database name is\nencoded as a@002db@002dc to produce a file system-neutral directory\nname.\n\nWhen a MySQL installation is upgraded to MySQL 5.1 or later from an\nolder version,the server displays a name such as a-b-c (which is in the\nold format) as #mysql50#a-b-c, and you must refer to the name using the\n#mysql50# prefix. Use UPGRADE DATA DIRECTORY NAME in this case to\nexplicitly tell the server to re-encode the database directory name to\nthe current encoding format:\n\nALTER DATABASE `#mysql50#a-b-c` UPGRADE DATA DIRECTORY NAME;\n\nAfter executing this statement, you can refer to the database as a-b-c\nwithout the special #mysql50# prefix.\n\nURL: https://mariadb.com/kb/en/alter-database/\n\n','','https://mariadb.com/kb/en/alter-database/'),(213,'GEOMETRYN',25,'GeometryN(gc,N)\n\nReturns the N-th geometry in the GeometryCollection value gc.\nGeometries are numbered beginning with 1.\n\nURL: https://mariadb.com/kb/en/geometryn/\n\n','MariaDB> SET @gc = \'GeometryCollection(Point(1 1),LineString(2 2, 3 3))\';\nMariaDB> SELECT AsText(GeometryN(GeomFromText(@gc),1));\n+----------------------------------------+\n| AsText(GeometryN(GeomFromText(@gc),1)) |\n+----------------------------------------+\n| POINT(1 1)                             |\n+----------------------------------------+\n','https://mariadb.com/kb/en/geometryn/'),(214,'<<',19,'Syntax:\n<<\n\nShifts a longlong (BIGINT) number to the left.\n\nURL: https://mariadb.com/kb/en/shift-left/\n\n','MariaDB> SELECT 1 << 2;\n        -> 4\n','https://mariadb.com/kb/en/shift-left/'),(215,'SHOW TABLE STATUS',26,'Syntax:\nSHOW TABLE STATUS [{FROM | IN} db_name]\n    [LIKE \'pattern\' | WHERE expr]\n\nSHOW TABLE STATUS works likes SHOW TABLES, but provides a lot of\ninformation about each non-TEMPORARY table. You can also get this list\nusing the mysqlshow --status db_name command. The LIKE clause, if\npresent, indicates which table names to match. The WHERE clause can be\ngiven to select rows using more general conditions, as discussed in\nhttps://mariadb.com/kb/en/extended-show/.\n\nURL: https://mariadb.com/kb/en/show-table-status/\n\n','','https://mariadb.com/kb/en/show-table-status/'),(216,'MD5',12,'Syntax:\nMD5(str)\n\nCalculates an MD5 128-bit checksum for the string. The value is\nreturned as a string of 32 hex digits, or NULL if the argument was\nNULL. The return value can, for example, be used as a hash key. See the\nnotes at the beginning of this section about storing hash values\nefficiently.\n\nAs of MySQL 5.5.3, the return value is a nonbinary string in the\nconnection character set. Before 5.5.3, the return value is a binary\nstring; see the notes at the beginning of this section about using the\nvalue as a nonbinary string.\n\nURL: https://mariadb.com/kb/en/md5/\n\n','MariaDB> SELECT MD5(\'testing\');\n        -> \'ae2b1fca515949e5d54fb22b8ed95575\'\n','https://mariadb.com/kb/en/md5/'),(217,'<',18,'Syntax:\n<\n\nLess than:\n\nURL: https://mariadb.com/kb/en/less-than/\n\n','MariaDB> SELECT 2 < 2;\n        -> 0\n','https://mariadb.com/kb/en/less-than/'),(218,'UNIX_TIMESTAMP',31,'Syntax:\nUNIX_TIMESTAMP(), UNIX_TIMESTAMP(date)\n\nIf called with no argument, returns a Unix timestamp (seconds since\n\'1970-01-01 00:00:00\' UTC) as an unsigned integer. If UNIX_TIMESTAMP()\nis called with a date argument, it returns the value of the argument as\nseconds since \'1970-01-01 00:00:00\' UTC. date may be a DATE string, a\nDATETIME string, a TIMESTAMP, or a number in the format YYMMDD or\nYYYYMMDD. The server interprets date as a value in the current time\nzone and converts it to an internal value in UTC. Clients can set their\ntime zone as described in\nhttps://mariadb.com/kb/en/time-zones/.\n\nURL: https://mariadb.com/kb/en/unix_timestamp/\n\n','MariaDB> SELECT UNIX_TIMESTAMP();\n        -> 1196440210\nMariaDB> SELECT UNIX_TIMESTAMP(\'2007-11-30 10:30:19\');\n        -> 1196440219\n','https://mariadb.com/kb/en/unix_timestamp/'),(219,'DAYOFMONTH',31,'Syntax:\nDAYOFMONTH(date)\n\nReturns the day of the month for date, in the range 1 to 31, or 0 for\ndates such as \'0000-00-00\' or \'2008-00-00\' that have a zero day part.\n\nURL: https://mariadb.com/kb/en/dayofmonth/\n\n','MariaDB> SELECT DAYOFMONTH(\'2007-02-03\');\n        -> 3\n','https://mariadb.com/kb/en/dayofmonth/'),(220,'ASCII',37,'Syntax:\nASCII(str)\n\nReturns the numeric value of the leftmost character of the string str.\nReturns 0 if str is the empty string. Returns NULL if str is NULL.\nASCII() works for 8-bit characters.\n\nURL: https://mariadb.com/kb/en/ascii/\n\n','MariaDB> SELECT ASCII(\'2\');\n        -> 50\nMariaDB> SELECT ASCII(2);\n        -> 50\nMariaDB> SELECT ASCII(\'dx\');\n        -> 100\n','https://mariadb.com/kb/en/ascii/'),(221,'DIV',4,'Syntax:\nDIV\n\nInteger division. Similar to FLOOR(), but is safe with BIGINT values.\n\nAs of MySQL 5.5.3, if either operand has a noninteger type, the\noperands are converted to DECIMAL and divided using DECIMAL arithmetic\nbefore converting the result to BIGINT. If the result exceeds BIGINT\nrange, an error occurs. Before MySQL 5.5.3, incorrect results may occur\nfor noninteger operands that exceed BIGINT range.\n\nURL: https://mariadb.com/kb/en/div/\n\n','MariaDB> SELECT 5 DIV 2;\n        -> 2\n','https://mariadb.com/kb/en/div/'),(222,'RENAME USER',10,'Syntax:\nRENAME USER old_user TO new_user\n    [, old_user TO new_user] ...\n\nThe RENAME USER statement renames existing MySQL accounts. To use it,\nyou must have the global CREATE USER privilege or the UPDATE privilege\nfor the mysql database. An error occurs if any old account does not\nexist or any new account exists. Each account name uses the format\ndescribed in https://mariadb.com/kb/en/create-user/#account-names.\nFor example:\n\nRENAME USER \'jeffrey\'@\'localhost\' TO \'jeff\'@\'127.0.0.1\';\n\nIf you specify only the user name part of the account name, a host name\npart of \'%\' is used.\n\nRENAME USER causes the privileges held by the old user to be those held\nby the new user. However, RENAME USER does not automatically drop or\ninvalidate databases or objects within them that the old user created.\nThis includes stored programs or views for which the DEFINER attribute\nnames the old user. Attempts to access such objects may produce an\nerror if they execute in definer security context. (For information\nabout security context, see\nhttps://mariadb.com/kb/en/stored-routine-privileges/.)\n\nThe privilege changes take effect as indicated in\nhttp://dev.mysql.com/doc/refman/5.5/en/privilege-changes.html.\n\nURL: https://mariadb.com/kb/en/rename-user/\n\n','','https://mariadb.com/kb/en/rename-user/'),(223,'SHOW SLAVE STATUS',26,'Syntax:\nSHOW SLAVE STATUS\n\nThis statement provides status information on essential parameters of\nthe slave threads. It requires either the SUPER or REPLICATION CLIENT\nprivilege.\n\nIf you issue this statement using the mysql client, you can use a \\G\nstatement terminator rather than a semicolon to obtain a more readable\nvertical layout:\n\nMariaDB> SHOW SLAVE STATUS\\G\n*************************** 1. row ***************************\n               Slave_IO_State: Waiting for master to send event\n                  Master_Host: localhost\n                  Master_User: root\n                  Master_Port: 3306\n                Connect_Retry: 3\n              Master_Log_File: gbichot-bin.005\n          Read_Master_Log_Pos: 79\n               Relay_Log_File: gbichot-relay-bin.005\n                Relay_Log_Pos: 548\n        Relay_Master_Log_File: gbichot-bin.005\n             Slave_IO_Running: Yes\n            Slave_SQL_Running: Yes\n              Replicate_Do_DB:\n          Replicate_Ignore_DB:\n           Replicate_Do_Table:\n       Replicate_Ignore_Table:\n      Replicate_Wild_Do_Table:\n  Replicate_Wild_Ignore_Table:\n                   Last_Errno: 0\n                   Last_Error:\n                 Skip_Counter: 0\n          Exec_Master_Log_Pos: 79\n              Relay_Log_Space: 552\n              Until_Condition: None\n               Until_Log_File:\n                Until_Log_Pos: 0\n           Master_SSL_Allowed: No\n           Master_SSL_CA_File:\n           Master_SSL_CA_Path:\n              Master_SSL_Cert:\n            Master_SSL_Cipher:\n               Master_SSL_Key:\n        Seconds_Behind_Master: 8\nMaster_SSL_Verify_Server_Cert: No\n                Last_IO_Errno: 0\n                Last_IO_Error:\n               Last_SQL_Errno: 0\n               Last_SQL_Error:\n  Replicate_Ignore_Server_Ids: 0\n             Master_Server_Id: 1\n\nURL: https://mariadb.com/kb/en/show-slave-status/\n\n','','https://mariadb.com/kb/en/show-slave-status/'),(224,'GEOMETRY',34,'MySQL provides a standard way of creating spatial columns for geometry\ntypes, for example, with CREATE TABLE or ALTER TABLE. Currently,\nspatial columns are supported for MyISAM, Aria, InnoDB and ARCHIVE\ntables. See also the annotations about spatial indexes under [HELP\nSPATIAL].\n\nURL: https://mariadb.com/kb/en/gis-functionality/\n\n','CREATE TABLE geom (g GEOMETRY);\n','https://mariadb.com/kb/en/gis-functionality/'),(225,'NUMPOINTS',13,'NumPoints(ls)\n\nReturns the number of Point objects in the LineString value ls.\n\nURL: https://mariadb.com/kb/en/numpoints/\n\n','MariaDB> SET @ls = \'LineString(1 1,2 2,3 3)\';\nMariaDB> SELECT NumPoints(GeomFromText(@ls));\n+------------------------------+\n| NumPoints(GeomFromText(@ls)) |\n+------------------------------+\n|                            3 |\n+------------------------------+\n','https://mariadb.com/kb/en/numpoints/'),(226,'ALTER LOGFILE GROUP',39,'Syntax:\nALTER LOGFILE GROUP logfile_group\n    ADD UNDOFILE \'file_name\'\n    [INITIAL_SIZE [=] size]\n    [WAIT]\n    ENGINE [=] engine_name\n\nThis statement is used with NDB cluster, which is not supported by MariaDB.\n','','https://mariadb.com/kb/en/alter-logfile-group/'),(227,'&',19,'Syntax:\n&\n\nBitwise AND:\n\nURL: https://mariadb.com/kb/en/bitwise_and/\n\n','MariaDB> SELECT 29 & 15;\n        -> 13\n','https://mariadb.com/kb/en/bitwise_and/'),(228,'LOCALTIMESTAMP',31,'Syntax:\nLOCALTIMESTAMP, LOCALTIMESTAMP()\n\nLOCALTIMESTAMP and LOCALTIMESTAMP() are synonyms for NOW().\n\nURL: https://mariadb.com/kb/en/localtimestamp/\n\n','','https://mariadb.com/kb/en/localtimestamp/'),(229,'ASSIGN-EQUAL',15,'Syntax:\n=\n\nThis operator is used to perform value assignments in two cases,\ndescribed in the next two paragraphs.\n\nWithin a SET statement, = is treated as an assignment operator that\ncauses the user variable on the left hand side of the operator to take\non the value to its right. (In other words, when used in a SET\nstatement, = is treated identically to :=.) The value on the right hand\nside may be a literal value, another variable storing a value, or any\nlegal expression that yields a scalar value, including the result of a\nquery (provided that this value is a scalar value). You can perform\nmultiple assignments in the same SET statement.\n\nIn the SET clause of an UPDATE statement, = also acts as an assignment\noperator; in this case, however, it causes the column named on the left\nhand side of the operator to assume the value given to the right,\nprovided any WHERE conditions that are part of the UPDATE are met. You\ncan make multiple assignments in the same SET clause of an UPDATE\nstatement.\n\nIn any other context, = is treated as a comparison operator.\n\nURL: https://mariadb.com/kb/en/assignment-operators-assignment-operator/\n\n','MariaDB> SELECT @var1, @var2;\n        -> NULL, NULL\nMariaDB> SELECT @var1 := 1, @var2;\n        -> 1, NULL\nMariaDB> SELECT @var1, @var2;\n        -> 1, NULL\nMariaDB> SELECT @var1, @var2 := @var1;\n        -> 1, 1\nMariaDB> SELECT @var1, @var2;\n        -> 1, 1\n','https://mariadb.com/kb/en/assignment-operators-assignment-operator/'),(230,'CONVERT',37,'Syntax:\nCONVERT(expr,type), CONVERT(expr USING transcoding_name)\n\nThe CONVERT() and CAST() functions take an expression of any type and\nproduce a result value of a specified type.\n\nThe type for the result can be one of the following values:\n\no BINARY[(N)]\n\no CHAR[(N)]\n\no DATE\n\no DATETIME\n\no DECIMAL[(M[,D])]\n\no SIGNED [INTEGER]\n\no TIME\n\no UNSIGNED [INTEGER]\n\nBINARY produces a string with the BINARY data type. See\nhttps://mariadb.com/kb/en/binary/ for a\ndescription of how this affects comparisons. If the optional length N\nis given, BINARY(N) causes the cast to use no more than N bytes of the\nargument. Values shorter than N bytes are padded with 0x00 bytes to a\nlength of N.\n\nCHAR(N) causes the cast to use no more than N characters of the\nargument.\n\nCAST() and CONVERT(... USING ...) are standard SQL syntax. The\nnon-USING form of CONVERT() is ODBC syntax.\n\nCONVERT() with USING is used to convert data between different\ncharacter sets. In MySQL, transcoding names are the same as the\ncorresponding character set names. For example, this statement converts\nthe string \'abc\' in the default character set to the corresponding\nstring in the utf8 character set:\n\nSELECT CONVERT(\'abc\' USING utf8);\n\nURL: https://mariadb.com/kb/en/convert/\n\n','SELECT enum_col FROM tbl_name ORDER BY CAST(enum_col AS CHAR);\n','https://mariadb.com/kb/en/convert/'),(231,'ADDDATE',31,'Syntax:\nADDDATE(date,INTERVAL expr unit), ADDDATE(expr,days)\n\nWhen invoked with the INTERVAL form of the second argument, ADDDATE()\nis a synonym for DATE_ADD(). The related function SUBDATE() is a\nsynonym for DATE_SUB(). For information on the INTERVAL unit argument,\nsee the discussion for DATE_ADD().\n\nMariaDB> SELECT DATE_ADD(\'2008-01-02\', INTERVAL 31 DAY);\n        -> \'2008-02-02\'\nMariaDB> SELECT ADDDATE(\'2008-01-02\', INTERVAL 31 DAY);\n        -> \'2008-02-02\'\n\nWhen invoked with the days form of the second argument, MySQL treats it\nas an integer number of days to be added to expr.\n\nURL: https://mariadb.com/kb/en/adddate/\n\n','MariaDB> SELECT ADDDATE(\'2008-01-02\', 31);\n        -> \'2008-02-02\'\n','https://mariadb.com/kb/en/adddate/'),(232,'REPEAT LOOP',23,'Syntax:\n[begin_label:] REPEAT\n    statement_list\nUNTIL search_condition\nEND REPEAT [end_label]\n\nThe statement list within a REPEAT statement is repeated until the\nsearch_condition expression is true. Thus, a REPEAT always enters the\nloop at least once. statement_list consists of one or more statements,\neach terminated by a semicolon (;) statement delimiter.\n\nA REPEAT statement can be labeled. For the rules regarding label use,\nsee [HELP labels].\n\nURL: https://mariadb.com/kb/en/repeat-loop/\n\n','MariaDB> delimiter //\n\nMariaDB> CREATE PROCEDURE dorepeat(p1 INT)\n    -> BEGIN\n    ->   SET @x = 0;\n    ->   REPEAT\n    ->     SET @x = @x + 1;\n    ->   UNTIL @x > p1 END REPEAT;\n    -> END\n    -> //\nQuery OK, 0 rows affected (0.00 sec)\n\nMariaDB> CALL dorepeat(1000)//\nQuery OK, 0 rows affected (0.00 sec)\n\nMariaDB> SELECT @x//\n+------+\n| @x   |\n+------+\n| 1001 |\n+------+\n1 row in set (0.00 sec)\n','https://mariadb.com/kb/en/repeat-loop/'),(233,'ALTER FUNCTION',39,'Syntax:\nALTER FUNCTION func_name [characteristic ...]\n\ncharacteristic:\n    COMMENT \'string\'\n  | LANGUAGE SQL\n  | { CONTAINS SQL | NO SQL | READS SQL DATA | MODIFIES SQL DATA }\n  | SQL SECURITY { DEFINER | INVOKER }\n\nThis statement can be used to change the characteristics of a stored\nfunction. More than one change may be specified in an ALTER FUNCTION\nstatement. However, you cannot change the parameters or body of a\nstored function using this statement; to make such changes, you must\ndrop and re-create the function using DROP FUNCTION and CREATE\nFUNCTION.\n\nYou must have the ALTER ROUTINE privilege for the function. (That\nprivilege is granted automatically to the function creator.) If binary\nlogging is enabled, the ALTER FUNCTION statement might also require the\nSUPER privilege, as described in\nhttps://mariadb.com/kb/en/binary-logging-of-stored-routines/.\n\nURL: https://mariadb.com/kb/en/alter-function/\n\n','','https://mariadb.com/kb/en/alter-function/'),(234,'SMALLINT',22,'SMALLINT[(M)] [UNSIGNED] [ZEROFILL]\n\nA small integer. The signed range is -32768 to 32767. The unsigned\nrange is 0 to 65535.\n\nURL: https://mariadb.com/kb/en/smallint/\n\n','','https://mariadb.com/kb/en/smallint/'),(235,'DOUBLE PRECISION',22,'DOUBLE PRECISION[(M,D)] [UNSIGNED] [ZEROFILL], REAL[(M,D)] [UNSIGNED]\n[ZEROFILL]\n\nThese types are synonyms for DOUBLE. Exception: If the REAL_AS_FLOAT\nSQL mode is enabled, REAL is a synonym for FLOAT rather than DOUBLE.\n\nURL: https://mariadb.com/kb/en/double-precision/\n\n','','https://mariadb.com/kb/en/double-precision/'),(236,'ORD',37,'Syntax:\nORD(str)\n\nIf the leftmost character of the string str is a multi-byte character,\nreturns the code for that character, calculated from the numeric values\nof its constituent bytes using this formula:\n\n  (1st byte code)\n+ (2nd byte code * 256)\n+ (3rd byte code * 2562) ...\n\nIf the leftmost character is not a multi-byte character, ORD() returns\nthe same value as the ASCII() function.\n\nURL: https://mariadb.com/kb/en/ord/\n\n','MariaDB> SELECT ORD(\'2\');\n        -> 50\n','https://mariadb.com/kb/en/ord/'),(237,'DEALLOCATE PREPARE',8,'Syntax:\n{DEALLOCATE | DROP} PREPARE stmt_name\n\nTo deallocate a prepared statement produced with PREPARE, use a\nDEALLOCATE PREPARE statement that refers to the prepared statement\nname. Attempting to execute a prepared statement after deallocating it\nresults in an error.\n\nURL: https://mariadb.com/kb/en/deallocate-drop-prepared-statement/\n\n','','https://mariadb.com/kb/en/deallocate-drop-prepared-statement/'),(238,'ENVELOPE',36,'Envelope(g)\n\nReturns the Minimum Bounding Rectangle (MBR) for the geometry value g.\nThe result is returned as a Polygon value.\n\nThe polygon is defined by the corner points of the bounding box:\n\nPOLYGON((MINX MINY, MAXX MINY, MAXX MAXY, MINX MAXY, MINX MINY))\n\nURL: https://mariadb.com/kb/en/envelope/\n\n','MariaDB> SELECT AsText(Envelope(GeomFromText(\'LineString(1 1,2 2)\')));\n+-------------------------------------------------------+\n| AsText(Envelope(GeomFromText(\'LineString(1 1,2 2)\'))) |\n+-------------------------------------------------------+\n| POLYGON((1 1,2 1,2 2,1 2,1 1))                        |\n+-------------------------------------------------------+\n','https://mariadb.com/kb/en/envelope/'),(239,'IS_FREE_LOCK',14,'Syntax:\nIS_FREE_LOCK(str)\n\nChecks whether the lock named str is free to use (that is, not locked).\nReturns 1 if the lock is free (no one is using the lock), 0 if the lock\nis in use, and NULL if an error occurs (such as an incorrect argument).\n\nURL: https://mariadb.com/kb/en/is_free_lock/\n\n','','https://mariadb.com/kb/en/is_free_lock/'),(240,'TOUCHES',30,'Touches(g1,g2)\n\nReturns 1 or 0 to indicate whether g1 spatially touches g2. Two\ngeometries spatially touch if the interiors of the geometries do not\nintersect, but the boundary of one of the geometries intersects either\nthe boundary or the interior of the other.\n\nURL: https://mariadb.com/kb/en/touches/\n\n','','https://mariadb.com/kb/en/touches/'),(241,'INET_ATON',14,'Syntax:\nINET_ATON(expr)\n\nGiven the dotted-quad representation of an IPv4 network address as a\nstring, returns an integer that represents the numeric value of the\naddress in network byte order (big endian). INET_ATON() returns NULL if\nit does not understand its argument.\n\nURL: https://mariadb.com/kb/en/inet_aton/\n\n','MariaDB> SELECT INET_ATON(\'10.0.5.9\');\n        -> 167773449\n','https://mariadb.com/kb/en/inet_aton/'),(242,'UNCOMPRESS',12,'Syntax:\nUNCOMPRESS(string_to_uncompress)\n\nUncompresses a string compressed by the COMPRESS() function. If the\nargument is not a compressed value, the result is NULL. This function\nrequires MySQL to have been compiled with a compression library such as\nzlib. Otherwise, the return value is always NULL.\n\nURL: https://mariadb.com/kb/en/uncompress/\n\n','MariaDB> SELECT UNCOMPRESS(COMPRESS(\'any string\'));\n        -> \'any string\'\nMariaDB> SELECT UNCOMPRESS(\'any string\');\n        -> NULL\n','https://mariadb.com/kb/en/uncompress/'),(243,'AUTO_INCREMENT',22,'The AUTO_INCREMENT attribute can be used to generate a unique identity\nfor new rows:\n\nURL: https://mariadb.com/kb/en/auto_increment/\n\n','CREATE TABLE animals (\n     id MEDIUMINT NOT NULL AUTO_INCREMENT,\n     name CHAR(30) NOT NULL,\n     PRIMARY KEY (id)\n);\n\nINSERT INTO animals (name) VALUES\n    (\'dog\'),(\'cat\'),(\'penguin\'),\n    (\'lax\'),(\'whale\'),(\'ostrich\');\n\nSELECT * FROM animals;\n','https://mariadb.com/kb/en/auto_increment/'),(244,'ISSIMPLE',36,'IsSimple(g)\n\nCurrently, this function is a placeholder and should not be used. If\nimplemented, its behavior will be as described in the next paragraph.\n\nReturns 1 if the geometry value g has no anomalous geometric points,\nsuch as self-intersection or self-tangency. IsSimple() returns 0 if the\nargument is not simple, and -1 if it is NULL.\n\nThe description of each instantiable geometric class given earlier in\nthe chapter includes the specific conditions that cause an instance of\nthat class to be classified as not simple. (See [HELP Geometry\nhierarchy].)\n\nURL: https://mariadb.com/kb/en/issimple/\n\n','','https://mariadb.com/kb/en/issimple/'),(245,'- BINARY',4,'Syntax:\n-\n\nSubtraction:\n\nURL: https://mariadb.com/kb/en/subtraction-operator-/\n\n','MariaDB> SELECT 3-5;\n        -> -2\n','https://mariadb.com/kb/en/subtraction-operator-/'),(246,'GEOMCOLLFROMTEXT',3,'GeomCollFromText(wkt[,srid]), GeometryCollectionFromText(wkt[,srid])\n\nConstructs a GEOMETRYCOLLECTION value using its WKT representation and\nSRID.\n\nURL: https://mariadb.com/kb/en/geomcollfromtext/\n\n','','https://mariadb.com/kb/en/geomcollfromtext/'),(247,'WKT DEFINITION',3,'The Well-Known Text (WKT) representation of Geometry is designed to\nexchange geometry data in ASCII form. For a Backus-Naur grammar that\nspecifies the formal production rules for writing WKT values, see the\nOpenGIS specification document referenced in\nhttps://mariadb.com/kb/en/gis-resources/.\n\nURL: https://mariadb.com/kb/en/wkt-definition/\n\n','','https://mariadb.com/kb/en/wkt-definition/'),(248,'CURRENT_TIME',31,'Syntax:\nCURRENT_TIME, CURRENT_TIME()\n\nCURRENT_TIME and CURRENT_TIME() are synonyms for CURTIME().\n\nURL: https://mariadb.com/kb/en/current_time/\n\n','','https://mariadb.com/kb/en/current_time/'),(249,'REVOKE',10,'Syntax:\nREVOKE\n    priv_type [(column_list)]\n      [, priv_type [(column_list)]] ...\n    ON [object_type] priv_level\n    FROM user [, user] ...\n\nREVOKE ALL PRIVILEGES, GRANT OPTION\n    FROM user [, user] ...\n\nREVOKE PROXY ON user\n    FROM user [, user] ...\n\nThe REVOKE statement enables system administrators to revoke privileges\nfrom MySQL accounts. Each account name uses the format described in\nhttps://mariadb.com/kb/en/create-user#account-names. For example:\n\nREVOKE INSERT ON *.* FROM \'jeffrey\'@\'localhost\';\n\nIf you specify only the user name part of the account name, a host name\npart of \'%\' is used.\n\nFor details on the levels at which privileges exist, the permissible\npriv_type and priv_level values, and the syntax for specifying users\nand passwords, see [HELP GRANT]\n\nTo use the first REVOKE syntax, you must have the GRANT OPTION\nprivilege, and you must have the privileges that you are revoking.\n\nTo revoke all privileges, use the second syntax, which drops all\nglobal, database, table, column, and routine privileges for the named\nuser or users:\n\nREVOKE ALL PRIVILEGES, GRANT OPTION FROM user [, user] ...\n\nTo use this REVOKE syntax, you must have the global CREATE USER\nprivilege or the UPDATE privilege for the mysql database.\n\nURL: https://mariadb.com/kb/en/revoke/\n\n','','https://mariadb.com/kb/en/revoke/'),(250,'LAST_INSERT_ID',17,'Syntax:\nLAST_INSERT_ID(), LAST_INSERT_ID(expr)\n\nLAST_INSERT_ID() (with no argument) returns a BIGINT (64-bit) value\nrepresenting the first automatically generated value successfully\ninserted for an AUTO_INCREMENT column as a result of the most recently\nexecuted INSERT statement. The value of LAST_INSERT_ID() remains\nunchanged if no rows are successfully inserted.\n\nFor example, after inserting a row that generates an AUTO_INCREMENT\nvalue, you can get the value like this:\n\nMariaDB> SELECT LAST_INSERT_ID();\n        -> 195\n\nThe currently executing statement does not affect the value of\nLAST_INSERT_ID(). Suppose that you generate an AUTO_INCREMENT value\nwith one statement, and then refer to LAST_INSERT_ID() in a\nmultiple-row INSERT statement that inserts rows into a table with its\nown AUTO_INCREMENT column. The value of LAST_INSERT_ID() will remain\nstable in the second statement; its value for the second and later rows\nis not affected by the earlier row insertions. (However, if you mix\nreferences to LAST_INSERT_ID() and LAST_INSERT_ID(expr), the effect is\nundefined.)\n\nIf the previous statement returned an error, the value of\nLAST_INSERT_ID() is undefined. For transactional tables, if the\nstatement is rolled back due to an error, the value of LAST_INSERT_ID()\nis left undefined. For manual ROLLBACK, the value of LAST_INSERT_ID()\nis not restored to that before the transaction; it remains as it was at\nthe point of the ROLLBACK.\n\nWithin the body of a stored routine (procedure or function) or a\ntrigger, the value of LAST_INSERT_ID() changes the same way as for\nstatements executed outside the body of these kinds of objects. The\neffect of a stored routine or trigger upon the value of\nLAST_INSERT_ID() that is seen by following statements depends on the\nkind of routine:\n\no If a stored procedure executes statements that change the value of\n  LAST_INSERT_ID(), the changed value is seen by statements that follow\n  the procedure call.\n\no For stored functions and triggers that change the value, the value is\n  restored when the function or trigger ends, so following statements\n  will not see a changed value.\n\nURL: https://mariadb.com/kb/en/last_insert_id/\n\n','','https://mariadb.com/kb/en/last_insert_id/'),(251,'LAST_DAY',31,'Syntax:\nLAST_DAY(date)\n\nTakes a date or datetime value and returns the corresponding value for\nthe last day of the month. Returns NULL if the argument is invalid.\n\nURL: https://mariadb.com/kb/en/last_day/\n\n','MariaDB> SELECT LAST_DAY(\'2003-02-05\');\n        -> \'2003-02-28\'\nMariaDB> SELECT LAST_DAY(\'2004-02-05\');\n        -> \'2004-02-29\'\nMariaDB> SELECT LAST_DAY(\'2004-01-01 01:01:01\');\n        -> \'2004-01-31\'\nMariaDB> SELECT LAST_DAY(\'2003-03-32\');\n        -> NULL\n','https://mariadb.com/kb/en/last_day/'),(252,'MEDIUMINT',22,'MEDIUMINT[(M)] [UNSIGNED] [ZEROFILL]\n\nA medium-sized integer. The signed range is -8388608 to 8388607. The\nunsigned range is 0 to 16777215.\n\nURL: https://mariadb.com/kb/en/mediumint/\n\n','','https://mariadb.com/kb/en/mediumint/'),(253,'FLOOR',4,'Syntax:\nFLOOR(X)\n\nReturns the largest integer value not greater than X.\n\nURL: https://mariadb.com/kb/en/floor/\n\n','MariaDB> SELECT FLOOR(1.23);\n        -> 1\nMariaDB> SELECT FLOOR(-1.23);\n        -> -2\n','https://mariadb.com/kb/en/floor/'),(254,'RTRIM',37,'Syntax:\nRTRIM(str)\n\nReturns the string str with trailing space characters removed.\n\nURL: https://mariadb.com/kb/en/rtrim/\n\n','MariaDB> SELECT RTRIM(\'barbar   \');\n        -> \'barbar\'\n','https://mariadb.com/kb/en/rtrim/'),(255,'EXPLAIN',28,'Syntax:\nEXPLAIN [explain_type] SELECT select_options\n\nexplain_type:\n    EXTENDED\n  | PARTITIONS\n\nOr:\n\nEXPLAIN tbl_name\n\nThe EXPLAIN statement can be used either as a way to obtain information\nabout how MySQL executes a statement, or as a synonym for DESCRIBE:\n\no When you precede a SELECT statement with the keyword EXPLAIN, MySQL\n  displays information from the optimizer about the query execution\n  plan. That is, MySQL explains how it would process the statement,\n  including information about how tables are joined and in which order.\n  EXPLAIN EXTENDED can be used to obtain additional information.\n\n  For information about using EXPLAIN and EXPLAIN EXTENDED to obtain\n  query execution plan information, see\n  https://mariadb.com/kb/en/explain/.\n\no EXPLAIN PARTITIONS is useful only when examining queries involving\n  partitioned tables. For details, see\n  http://dev.mysql.com/doc/refman/5.5/en/partitioning-info.html.\n\no EXPLAIN tbl_name is synonymous with DESCRIBE tbl_name or SHOW COLUMNS\n  FROM tbl_name. For information about DESCRIBE and SHOW COLUMNS, see\n  [HELP DESCRIBE], and [HELP SHOW COLUMNS].\n\nURL: https://mariadb.com/kb/en/explain/\n\n','','https://mariadb.com/kb/en/explain/'),(256,'DEGREES',4,'Syntax:\nDEGREES(X)\n\nReturns the argument X, converted from radians to degrees.\n\nURL: https://mariadb.com/kb/en/degrees/\n\n','MariaDB> SELECT DEGREES(PI());\n        -> 180\nMariaDB> SELECT DEGREES(PI() / 2);\n        -> 90\n','https://mariadb.com/kb/en/degrees/'),(257,'VARCHAR',22,'[NATIONAL] VARCHAR(M) [CHARACTER SET charset_name] [COLLATE\ncollation_name]\n\nA variable-length string. M represents the maximum column length in\ncharacters. The range of M is 0 to 65,535. The effective maximum length\nof a VARCHAR is subject to the maximum row size (65,535 bytes, which is\nshared among all columns) and the character set used. For example, utf8\ncharacters can require up to three bytes per character, so a VARCHAR\ncolumn that uses the utf8 character set can be declared to be a maximum\nof 21,844 characters. See\nhttp://dev.mysql.com/doc/refman/5.5/en/column-count-limit.html.\n\nMySQL stores VARCHAR values as a 1-byte or 2-byte length prefix plus\ndata. The length prefix indicates the number of bytes in the value. A\nVARCHAR column uses one length byte if values require no more than 255\nbytes, two length bytes if values may require more than 255 bytes.\n\n*Note*: MySQL 5.5 follows the standard SQL specification, and does not\nremove trailing spaces from VARCHAR values.\n\nVARCHAR is shorthand for CHARACTER VARYING. NATIONAL VARCHAR is the\nstandard SQL way to define that a VARCHAR column should use some\npredefined character set. MySQL 4.1 and up uses utf8 as this predefined\ncharacter set.\nhttps://mariadb.com/kb/en/varchar/. NVARCHAR\nis shorthand for NATIONAL VARCHAR.\n\nURL: https://mariadb.com/kb/en/varchar/\n\n','','https://mariadb.com/kb/en/varchar/'),(258,'UNHEX',37,'Syntax:\n\nUNHEX(str)\n\nFor a string argument str, UNHEX(str) performs the inverse operation of\nHEX(str). That is, it interprets each pair of characters in the\nargument as a hexadecimal number and converts it to the character\nrepresented by the number. The return value is a binary string.\n\nURL: https://mariadb.com/kb/en/unhex/\n\n','MariaDB> SELECT UNHEX(\'4D7953514C\');\n        -> \'MySQL\'\nMariaDB> SELECT 0x4D7953514C;\n        -> \'MySQL\'\nMariaDB> SELECT UNHEX(HEX(\'string\'));\n        -> \'string\'\nMariaDB> SELECT HEX(UNHEX(\'1267\'));\n        -> \'1267\'\n','https://mariadb.com/kb/en/unhex/'),(259,'- UNARY',4,'Syntax:\n-\n\nUnary minus. This operator changes the sign of the operand.\n\nURL: https://mariadb.com/kb/en/subtraction-operator-/\n\n','MariaDB> SELECT - 2;\n        -> -2\n','https://mariadb.com/kb/en/subtraction-operator-/'),(260,'STD',16,'Syntax:\nSTD(expr)\n\nReturns the population standard deviation of expr. This is an extension\nto standard SQL. The standard SQL function STDDEV_POP() can be used\ninstead.\n\nThis function returns NULL if there were no matching rows.\n\nURL: https://mariadb.com/kb/en/std/\n\n','','https://mariadb.com/kb/en/std/'),(261,'COS',4,'Syntax:\nCOS(X)\n\nReturns the cosine of X, where X is given in radians.\n\nURL: https://mariadb.com/kb/en/cos/\n\n','MariaDB> SELECT COS(PI());\n        -> -1\n','https://mariadb.com/kb/en/cos/'),(262,'DATE FUNCTION',31,'Syntax:\nDATE(expr)\n\nExtracts the date part of the date or datetime expression expr.\n\nURL: https://mariadb.com/kb/en/date-function/\n\n','MariaDB> SELECT DATE(\'2003-12-31 01:02:03\');\n        -> \'2003-12-31\'\n','https://mariadb.com/kb/en/date-function/'),(263,'DROP TRIGGER',39,'Syntax:\nDROP TRIGGER [IF EXISTS] [schema_name.]trigger_name\n\nThis statement drops a trigger. The schema (database) name is optional.\nIf the schema is omitted, the trigger is dropped from the default\nschema. DROP TRIGGER requires the TRIGGER privilege for the table\nassociated with the trigger.\n\nUse IF EXISTS to prevent an error from occurring for a trigger that\ndoes not exist. A NOTE is generated for a nonexistent trigger when\nusing IF EXISTS. See [HELP SHOW WARNINGS].\n\nTriggers for a table are also dropped if you drop the table.\n\nURL: https://mariadb.com/kb/en/drop-trigger/\n\n','','https://mariadb.com/kb/en/drop-trigger/'),(264,'RESET MASTER',8,'Syntax:\nRESET MASTER\n\nDeletes all binary log files listed in the index file, resets the\nbinary log index file to be empty, and creates a new binary log file.\nThis statement is intended to be used only when the master is started\nfor the first time.\n\nURL: https://mariadb.com/kb/en/reset-master/\n\n','','https://mariadb.com/kb/en/reset-master/'),(265,'TAN',4,'Syntax:\nTAN(X)\n\nReturns the tangent of X, where X is given in radians.\n\nURL: https://mariadb.com/kb/en/tan/\n\n','MariaDB> SELECT TAN(PI());\n        -> -1.2246063538224e-16\nMariaDB> SELECT TAN(PI()+1);\n        -> 1.5574077246549\n','https://mariadb.com/kb/en/tan/'),(266,'PI',4,'Syntax:\nPI()\n\nReturns the value of  (pi). The default number of decimal places\ndisplayed is seven, but MySQL uses the full double-precision value\ninternally.\n\nURL: https://mariadb.com/kb/en/pi/\n\n','MariaDB> SELECT PI();\n        -> 3.141593\nMariaDB> SELECT PI()+0.000000000000000000;\n        -> 3.141592653589793116\n','https://mariadb.com/kb/en/pi/'),(267,'WEEKOFYEAR',31,'Syntax:\nWEEKOFYEAR(date)\n\nReturns the calendar week of the date as a number in the range from 1\nto 53. WEEKOFYEAR() is a compatibility function that is equivalent to\nWEEK(date,3).\n\nURL: https://mariadb.com/kb/en/weekofyear/\n\n','MariaDB> SELECT WEEKOFYEAR(\'2008-02-20\');\n        -> 8\n','https://mariadb.com/kb/en/weekofyear/'),(268,'/',4,'Syntax:\n/\n\nDivision:\n\nURL: https://mariadb.com/kb/en/division-operator/\n\n','MariaDB> SELECT 3/5;\n        -> 0.60\n','https://mariadb.com/kb/en/division-operator/'),(269,'PURGE BINARY LOGS',8,'Syntax:\nPURGE { BINARY | MASTER } LOGS\n    { TO \'log_name\' | BEFORE datetime_expr }\n\nThe binary log is a set of files that contain information about data\nmodifications made by the MySQL server. The log consists of a set of\nbinary log files, plus an index file (see\nhttps://mariadb.com/kb/en/overview-of-the-binary-log/).\n\nThe PURGE BINARY LOGS statement deletes all the binary log files listed\nin the log index file prior to the specified log file name or date.\nBINARY and MASTER are synonyms. Deleted log files also are removed from\nthe list recorded in the index file, so that the given log file becomes\nthe first in the list.\n\nThis statement has no effect if the server was not started with the\n--log-bin option to enable binary logging.\n\nURL: https://mariadb.com/kb/en/sql-commands-purge-logs/\n\n','PURGE BINARY LOGS TO \'mysql-bin.010\';\nPURGE BINARY LOGS BEFORE \'2008-04-02 22:46:26\';\n','https://mariadb.com/kb/en/sql-commands-purge-logs/'),(270,'STDDEV_SAMP',16,'Syntax:\nSTDDEV_SAMP(expr)\n\nReturns the sample standard deviation of expr (the square root of\nVAR_SAMP().\n\nSTDDEV_SAMP() returns NULL if there were no matching rows.\n\nURL: https://mariadb.com/kb/en/stddev_samp/\n\n','','https://mariadb.com/kb/en/stddev_samp/'),(271,'SCHEMA',17,'Syntax:\nSCHEMA()\n\nThis function is a synonym for DATABASE().\n\nURL: https://mariadb.com/kb/en/schema/\n\n','','https://mariadb.com/kb/en/schema/'),(272,'MLINEFROMWKB',32,'MLineFromWKB(wkb[,srid]), MultiLineStringFromWKB(wkb[,srid])\n\nConstructs a MULTILINESTRING value using its WKB representation and\nSRID.\n\nURL: https://mariadb.com/kb/en/mlinefromwkb/\n\n','','https://mariadb.com/kb/en/mlinefromwkb/'),(273,'LOG2',4,'Syntax:\nLOG2(X)\n\nReturns the base-2 logarithm of X.\n\nURL: https://mariadb.com/kb/en/log2/\n\n','MariaDB> SELECT LOG2(65536);\n        -> 16\nMariaDB> SELECT LOG2(-100);\n        -> NULL\n','https://mariadb.com/kb/en/log2/'),(274,'SUBTIME',31,'Syntax:\nSUBTIME(expr1,expr2)\n\nSUBTIME() returns expr1 - expr2 expressed as a value in the same format\nas expr1. expr1 is a time or datetime expression, and expr2 is a time\nexpression.\n\nURL: https://mariadb.com/kb/en/subtime/\n\n','MariaDB> SELECT SUBTIME(\'2007-12-31 23:59:59.999999\',\'1 1:1:1.000002\');\n        -> \'2007-12-30 22:58:58.999997\'\nMariaDB> SELECT SUBTIME(\'01:00:00.999999\', \'02:00:00.999998\');\n        -> \'-00:59:59.999999\'\n','https://mariadb.com/kb/en/subtime/'),(275,'UNCOMPRESSED_LENGTH',12,'Syntax:\nUNCOMPRESSED_LENGTH(compressed_string)\n\nReturns the length that the compressed string had before being\ncompressed.\n\nURL: https://mariadb.com/kb/en/uncompressed_length/\n\n','MariaDB> SELECT UNCOMPRESSED_LENGTH(COMPRESS(REPEAT(\'a\',30)));\n        -> 30\n','https://mariadb.com/kb/en/uncompressed_length/'),(276,'DROP TABLE',39,'Syntax:\nDROP [TEMPORARY] TABLE [IF EXISTS]\n    tbl_name [, tbl_name] ...\n    [RESTRICT | CASCADE]\n\nDROP TABLE removes one or more tables. You must have the DROP privilege\nfor each table. All table data and the table definition are removed, so\nbe careful with this statement! If any of the tables named in the\nargument list do not exist, MySQL returns an error indicating by name\nwhich nonexisting tables it was unable to drop, but it also drops all\nof the tables in the list that do exist.\n\n*Important*: When a table is dropped, user privileges on the table are\nnot automatically dropped. See [HELP GRANT].\n\nNote that for a partitioned table, DROP TABLE permanently removes the\ntable definition, all of its partitions, and all of the data which was\nstored in those partitions. It also removes the partitioning definition\n(.par) file associated with the dropped table.\n\nUse IF EXISTS to prevent an error from occurring for tables that do not\nexist. A NOTE is generated for each nonexistent table when using IF\nEXISTS. See [HELP SHOW WARNINGS].\n\nRESTRICT and CASCADE are permitted to make porting easier. In MySQL\n5.5, they do nothing.\n\n*Note*: DROP TABLE automatically commits the current active\ntransaction, unless you use the TEMPORARY keyword.\n\nURL: https://mariadb.com/kb/en/drop-table/\n\n','','https://mariadb.com/kb/en/drop-table/'),(277,'POW',4,'Syntax:\nPOW(X,Y)\n\nReturns the value of X raised to the power of Y.\n\nURL: https://mariadb.com/kb/en/pow/\n\n','MariaDB> SELECT POW(2,2);\n        -> 4\nMariaDB> SELECT POW(2,-2);\n        -> 0.25\n','https://mariadb.com/kb/en/pow/'),(278,'SHOW CREATE TABLE',26,'Syntax:\nSHOW CREATE TABLE tbl_name\n\nShows the CREATE TABLE statement that creates the given table. To use\nthis statement, you must have some privilege for the table. This\nstatement also works with views.\nSHOW CREATE TABLE quotes table and column names according to the value\nof the sql_quote_show_create option. See\nhttps://mariadb.com/kb/en/server-system-variables/.\n\nURL: https://mariadb.com/kb/en/show-create-table/\n\n','MariaDB> SHOW CREATE TABLE t\\G\n*************************** 1. row ***************************\n       Table: t\nCreate Table: CREATE TABLE t (\n  id INT(11) default NULL auto_increment,\n  s char(60) default NULL,\n  PRIMARY KEY (id)\n) ENGINE=MyISAM\n','https://mariadb.com/kb/en/show-create-table/'),(279,'DUAL',27,'You are permitted to specify DUAL as a dummy table name in situations\nwhere no tables are referenced:\n\nMariaDB> SELECT 1 + 1 FROM DUAL;\n        -> 2\n\nDUAL is purely for the convenience of people who require that all\nSELECT statements should have FROM and possibly other clauses. MySQL\nmay ignore the clauses. MySQL does not require FROM DUAL if no tables\nare referenced.\n\nURL: https://mariadb.com/kb/en/dual/\n\n','','https://mariadb.com/kb/en/dual/'),(280,'INSTR',37,'Syntax:\nINSTR(str,substr)\n\nReturns the position of the first occurrence of substring substr in\nstring str. This is the same as the two-argument form of LOCATE(),\nexcept that the order of the arguments is reversed.\n\nURL: https://mariadb.com/kb/en/instr/\n\n','MariaDB> SELECT INSTR(\'foobarbar\', \'bar\');\n        -> 4\nMariaDB> SELECT INSTR(\'xbar\', \'foobar\');\n        -> 0\n','https://mariadb.com/kb/en/instr/'),(281,'NOW',31,'Syntax:\nNOW()\n\nReturns the current date and time as a value in \'YYYY-MM-DD HH:MM:SS\'\nor YYYYMMDDHHMMSS.uuuuuu format, depending on whether the function is\nused in a string or numeric context. The value is expressed in the\ncurrent time zone.\n\nURL: https://mariadb.com/kb/en/now/\n\n','MariaDB> SELECT NOW();\n        -> \'2007-12-15 23:50:26\'\nMariaDB> SELECT NOW() + 0;\n        -> 20071215235026.000000\n','https://mariadb.com/kb/en/now/'),(282,'SHOW ENGINES',26,'Syntax:\nSHOW [STORAGE] ENGINES\n\nSHOW ENGINES displays status information about the server\'s storage\nengines. This is particularly useful for checking whether a storage\nengine is supported, or to see what the default engine is.\n\nURL: https://mariadb.com/kb/en/show-engines/\n\n','','https://mariadb.com/kb/en/show-engines/'),(283,'>=',18,'Syntax:\n>=\n\nGreater than or equal:\n\nURL: https://mariadb.com/kb/en/greater-than-or-equal/\n\n','MariaDB> SELECT 2 >= 2;\n        -> 1\n','https://mariadb.com/kb/en/greater-than-or-equal/'),(284,'EXP',4,'Syntax:\nEXP(X)\n\nReturns the value of e (the base of natural logarithms) raised to the\npower of X. The inverse of this function is LOG() (using a single\nargument only) or LN().\n\nURL: https://mariadb.com/kb/en/exp/\n\n','MariaDB> SELECT EXP(2);\n        -> 7.3890560989307\nMariaDB> SELECT EXP(-2);\n        -> 0.13533528323661\nMariaDB> SELECT EXP(0);\n        -> 1\n','https://mariadb.com/kb/en/exp/'),(285,'LONGBLOB',22,'LONGBLOB\n\nA BLOB column with a maximum length of 4,294,967,295 or 4GB (232 - 1)\nbytes. The effective maximum length of LONGBLOB columns depends on the\nconfigured maximum packet size in the client/server protocol and\navailable memory. Each LONGBLOB value is stored using a 4-byte length\nprefix that indicates the number of bytes in the value.\n\nURL: https://mariadb.com/kb/en/longblob/\n\n','','https://mariadb.com/kb/en/longblob/'),(286,'POINTN',13,'PointN(ls,N)\n\nReturns the N-th Point in the Linestring value ls. Points are numbered\nbeginning with 1.\n\nURL: https://mariadb.com/kb/en/pointn/\n\n','MariaDB> SET @ls = \'LineString(1 1,2 2,3 3)\';\nMariaDB> SELECT AsText(PointN(GeomFromText(@ls),2));\n+-------------------------------------+\n| AsText(PointN(GeomFromText(@ls),2)) |\n+-------------------------------------+\n| POINT(2 2)                          |\n+-------------------------------------+\n','https://mariadb.com/kb/en/pointn/'),(287,'YEAR DATA TYPE',22,'YEAR[(2|4)]\n\nA year in two-digit or four-digit format. The default is four-digit\nformat. YEAR(2) or YEAR(4) differ in display format, but have the same\nrange of values. In four-digit format, values display as 1901 to 2155,\nand 0000. In two-digit format, values display as 70 to 69, representing\nyears from 1970 to 2069. MySQL displays YEAR values in YYYY or\nYYformat, but permits assignment of values to YEAR columns using either\nstrings or numbers.\n\n*Note*: The YEAR(2) data type has certain issues that you should\nconsider before choosing to use it. As of MySQL 5.5.27, YEAR(2) is\ndeprecated. For more information, see\nhttp://dev.mysql.com/doc/refman/5.5/en/migrating-to-year4.html.\n\nFor additional information about YEAR display format and inerpretation\nof input values, see https://mariadb.com/kb/en/year-data-type/.\n\nURL: https://mariadb.com/kb/en/year-data-type/\n\n','','https://mariadb.com/kb/en/year-data-type/'),(288,'SUM',16,'Syntax:\nSUM([DISTINCT] expr)\n\nReturns the sum of expr. If the return set has no rows, SUM() returns\nNULL. The DISTINCT keyword can be used to sum only the distinct values\nof expr.\n\nSUM() returns NULL if there were no matching rows.\n\nURL: https://mariadb.com/kb/en/sum/\n\n','','https://mariadb.com/kb/en/sum/'),(289,'OCT',37,'Syntax:\nOCT(N)\n\nReturns a string representation of the octal value of N, where N is a\nlonglong (BIGINT) number. This is equivalent to CONV(N,10,8). Returns\nNULL if N is NULL.\n\nURL: https://mariadb.com/kb/en/oct/\n\n','MariaDB> SELECT OCT(12);\n        -> \'14\'\n','https://mariadb.com/kb/en/oct/'),(290,'SYSDATE',31,'Syntax:\nSYSDATE()\n\nReturns the current date and time as a value in \'YYYY-MM-DD HH:MM:SS\'\nor YYYYMMDDHHMMSS.uuuuuu format, depending on whether the function is\nused in a string or numeric context.\n\nSYSDATE() returns the time at which it executes. This differs from the\nbehavior for NOW(), which returns a constant time that indicates the\ntime at which the statement began to execute. (Within a stored function\nor trigger, NOW() returns the time at which the function or triggering\nstatement began to execute.)\n\nMariaDB> SELECT NOW(), SLEEP(2), NOW();\n+---------------------+----------+---------------------+\n| NOW()               | SLEEP(2) | NOW()               |\n+---------------------+----------+---------------------+\n| 2006-04-12 13:47:36 |        0 | 2006-04-12 13:47:36 |\n+---------------------+----------+---------------------+\n\nMariaDB> SELECT SYSDATE(), SLEEP(2), SYSDATE();\n+---------------------+----------+---------------------+\n| SYSDATE()           | SLEEP(2) | SYSDATE()           |\n+---------------------+----------+---------------------+\n| 2006-04-12 13:47:44 |        0 | 2006-04-12 13:47:46 |\n+---------------------+----------+---------------------+\n\nIn addition, the SET TIMESTAMP statement affects the value returned by\nNOW() but not by SYSDATE(). This means that timestamp settings in the\nbinary log have no effect on invocations of SYSDATE().\n\nBecause SYSDATE() can return different values even within the same\nstatement, and is not affected by SET TIMESTAMP, it is nondeterministic\nand therefore unsafe for replication if statement-based binary logging\nis used. If that is a problem, you can use row-based logging.\n\nAlternatively, you can use the --sysdate-is-now option to cause\nSYSDATE() to be an alias for NOW(). This works if the option is used on\nboth the master and the slave.\n\nThe nondeterministic nature of SYSDATE() also means that indexes cannot\nbe used for evaluating expressions that refer to it.\n\nURL: https://mariadb.com/kb/en/sysdate/\n\n','','https://mariadb.com/kb/en/sysdate/'),(291,'UNINSTALL PLUGIN',5,'Syntax:\nUNINSTALL PLUGIN plugin_name\n\nThis statement removes an installed server plugin. It requires the\nDELETE privilege for the mysql.plugin table.\n\nplugin_name must be the name of some plugin that is listed in the\nmysql.plugin table. The server executes the plugin\'s deinitialization\nfunction and removes the row for the plugin from the mysql.plugin\ntable, so that subsequent server restarts will not load and initialize\nthe plugin. UNINSTALL PLUGIN does not remove the plugin\'s shared\nlibrary file.\n\nURL: https://mariadb.com/kb/en/uninstall-plugin/\n\n','','https://mariadb.com/kb/en/uninstall-plugin/'),(292,'ASBINARY',32,'AsBinary(g), AsWKB(g)\n\nConverts a value in internal geometry format to its WKB representation\nand returns the binary result.\n\nURL: https://mariadb.com/kb/en/asbinary/\n\n','SELECT AsBinary(g) FROM geom;\n','https://mariadb.com/kb/en/asbinary/'),(293,'REPEAT FUNCTION',37,'Syntax:\nREPEAT(str,count)\n\nReturns a string consisting of the string str repeated count times. If\ncount is less than 1, returns an empty string. Returns NULL if str or\ncount are NULL.\n\nURL: https://mariadb.com/kb/en/repeat-function/\n\n','MariaDB> SELECT REPEAT(\'MySQL\', 3);\n        -> \'MySQLMySQLMySQL\'\n','https://mariadb.com/kb/en/repeat-function/'),(294,'SHOW TABLES',26,'Syntax:\nSHOW [FULL] TABLES [{FROM | IN} db_name]\n    [LIKE \'pattern\' | WHERE expr]\n\nSHOW TABLES lists the non-TEMPORARY tables in a given database. You can\nalso get this list using the mysqlshow db_name command. The LIKE\nclause, if present, indicates which table names to match. The WHERE\nclause can be given to select rows using more general conditions, as\ndiscussed in https://mariadb.com/kb/en/extended-show/.\n\nThis statement also lists any views in the database. The FULL modifier\nis supported such that SHOW FULL TABLES displays a second output\ncolumn. Values for the second column are BASE TABLE for a table and\nVIEW for a view.\n\nIf you have no privileges for a base table or view, it does not show up\nin the output from SHOW TABLES or mysqlshow db_name.\n\nURL: https://mariadb.com/kb/en/show-tables/\n\n','','https://mariadb.com/kb/en/show-tables/'),(295,'MAKEDATE',31,'Syntax:\nMAKEDATE(year,dayofyear)\n\nReturns a date, given year and day-of-year values. dayofyear must be\ngreater than 0 or the result is NULL.\n\nURL: https://mariadb.com/kb/en/makedate/\n\n','MariaDB> SELECT MAKEDATE(2011,31), MAKEDATE(2011,32);\n        -> \'2011-01-31\', \'2011-02-01\'\nMariaDB> SELECT MAKEDATE(2011,365), MAKEDATE(2014,365);\n        -> \'2011-12-31\', \'2014-12-31\'\nMariaDB> SELECT MAKEDATE(2011,0);\n        -> NULL\n','https://mariadb.com/kb/en/makedate/'),(296,'BINARY OPERATOR',37,'Syntax:\nBINARY\n\nThe BINARY operator casts the string following it to a binary string.\nThis is an easy way to force a column comparison to be done byte by\nbyte rather than character by character. This causes the comparison to\nbe case sensitive even if the column is not defined as BINARY or BLOB.\nBINARY also causes trailing spaces to be significant.\n\nURL: https://mariadb.com/kb/en/binary-operator/\n\n','MariaDB> SELECT \'a\' = \'A\';\n        -> 1\nMariaDB> SELECT BINARY \'a\' = \'A\';\n        -> 0\nMariaDB> SELECT \'a\' = \'a \';\n        -> 1\nMariaDB> SELECT BINARY \'a\' = \'a \';\n        -> 0\n','https://mariadb.com/kb/en/binary-operator/'),(297,'MBROVERLAPS',6,'MBROverlaps(g1,g2)\n\nReturns 1 or 0 to indicate whether the Minimum Bounding Rectangles of\nthe two geometries g1 and g2 overlap. The term spatially overlaps is\nused if two geometries intersect and their intersection results in a\ngeometry of the same dimension but not equal to either of the given\ngeometries.\n\nURL: https://mariadb.com/kb/en/mbroverlaps/\n\n','','https://mariadb.com/kb/en/mbroverlaps/'),(298,'SOUNDEX',37,'Syntax:\nSOUNDEX(str)\n\nReturns a soundex string from str. Two strings that sound almost the\nsame should have identical soundex strings. A standard soundex string\nis four characters long, but the SOUNDEX() function returns an\narbitrarily long string. You can use SUBSTRING() on the result to get a\nstandard soundex string. All nonalphabetic characters in str are\nignored. All international alphabetic characters outside the A-Z range\nare treated as vowels.\n\n*Important*: When using SOUNDEX(), you should be aware of the following\nlimitations:\n\no This function, as currently implemented, is intended to work well\n  with strings that are in the English language only. Strings in other\n  languages may not produce reliable results.\n\no This function is not guaranteed to provide consistent results with\n  strings that use multi-byte character sets, including utf-8.\n\n  We hope to remove these limitations in a future release. See Bug\n  #22638 for more information.\n\nURL: https://mariadb.com/kb/en/soundex/\n\n','MariaDB> SELECT SOUNDEX(\'Hello\');\n        -> \'H400\'\nMariaDB> SELECT SOUNDEX(\'Quadratically\');\n        -> \'Q36324\'\n','https://mariadb.com/kb/en/soundex/'),(299,'MBRTOUCHES',6,'MBRTouches(g1,g2)\n\nReturns 1 or 0 to indicate whether the Minimum Bounding Rectangles of\nthe two geometries g1 and g2 touch. Two geometries spatially touch if\nthe interiors of the geometries do not intersect, but the boundary of\none of the geometries intersects either the boundary or the interior of\nthe other.\n\nURL: https://mariadb.com/kb/en/mbrtouches/\n\n','','https://mariadb.com/kb/en/mbrtouches/'),(300,'DROP EVENT',39,'Syntax:\nDROP EVENT [IF EXISTS] event_name\n\nThis statement drops the event named event_name. The event immediately\nceases being active, and is deleted completely from the server.\n\nIf the event does not exist, the error ERROR 1517 (HY000): Unknown\nevent \'event_name\' results. You can override this and cause the\nstatement to generate a warning for nonexistent events instead using IF\nEXISTS.\n\nThis statement requires the EVENT privilege for the schema to which the\nevent to be dropped belongs.\n\nURL: https://mariadb.com/kb/en/drop-event/\n\n','','https://mariadb.com/kb/en/drop-event/'),(301,'INSERT SELECT',27,'Syntax:\nINSERT [LOW_PRIORITY | HIGH_PRIORITY] [IGNORE]\n    [INTO] tbl_name [(col_name,...)]\n    SELECT ...\n    [ ON DUPLICATE KEY UPDATE col_name=expr, ... ]\n\nWith INSERT ... SELECT, you can quickly insert many rows into a table\nfrom one or many tables. For example:\n\nINSERT INTO tbl_temp2 (fld_id)\n  SELECT tbl_temp1.fld_order_id\n  FROM tbl_temp1 WHERE tbl_temp1.fld_order_id > 100;\n\nURL: https://mariadb.com/kb/en/insert-select/\n\n','','https://mariadb.com/kb/en/insert-select/'),(302,'CREATE PROCEDURE',39,'Syntax:\nCREATE\n    [DEFINER = { user | CURRENT_USER }]\n    PROCEDURE sp_name ([proc_parameter[,...]])\n    [characteristic ...] routine_body\n\nCREATE\n    [DEFINER = { user | CURRENT_USER }]\n    FUNCTION sp_name ([func_parameter[,...]])\n    RETURNS type\n    [characteristic ...] routine_body\n\nproc_parameter:\n    [ IN | OUT | INOUT ] param_name type\n\nfunc_parameter:\n    param_name type\n\ntype:\n    Any valid MySQL data type\n\ncharacteristic:\n    COMMENT \'string\'\n  | LANGUAGE SQL\n  | [NOT] DETERMINISTIC\n  | { CONTAINS SQL | NO SQL | READS SQL DATA | MODIFIES SQL DATA }\n  | SQL SECURITY { DEFINER | INVOKER }\n\nroutine_body:\n    Valid SQL routine statement\n\nThese statements create stored routines. By default, a routine is\nassociated with the default database. To associate the routine\nexplicitly with a given database, specify the name as db_name.sp_name\nwhen you create it.\n\nThe CREATE FUNCTION statement is also used in MySQL to support UDFs\n(user-defined functions). See\nhttps://mariadb.com/kb/en/create-function-udf/. A UDF can\nbe regarded as an external stored function. Stored functions share\ntheir namespace with UDFs. See\nhttp://dev.mysql.com/doc/refman/5.5/en/function-resolution.html, for\nthe rules describing how the server interprets references to different\nkinds of functions.\n\nTo invoke a stored procedure, use the CALL statement (see [HELP CALL]).\nTo invoke a stored function, refer to it in an expression. The function\nreturns a value during expression evaluation.\n\nCREATE PROCEDURE and CREATE FUNCTION require the CREATE ROUTINE\nprivilege. They might also require the SUPER privilege, depending on\nthe DEFINER value, as described later in this section. If binary\nlogging is enabled, CREATE FUNCTION might require the SUPER privilege,\nas described in\nhttps://mariadb.com/kb/en/binary-logging-of-stored-routines/.\n\nBy default, MySQL automatically grants the ALTER ROUTINE and EXECUTE\nprivileges to the routine creator. This behavior can be changed by\ndisabling the automatic_sp_privileges system variable. See\nhttps://mariadb.com/kb/en/stored-routine-privileges/.\n\nThe DEFINER and SQL SECURITY clauses specify the security context to be\nused when checking access privileges at routine execution time, as\ndescribed later in this section.\n\nIf the routine name is the same as the name of a built-in SQL function,\na syntax error occurs unless you use a space between the name and the\nfollowing parenthesis when defining the routine or invoking it later.\nFor this reason, avoid using the names of existing SQL functions for\nyour own stored routines.\n\nThe IGNORE_SPACE SQL mode applies to built-in functions, not to stored\nroutines. It is always permissible to have spaces after a stored\nroutine name, regardless of whether IGNORE_SPACE is enabled.\n\nThe parameter list enclosed within parentheses must always be present.\nIf there are no parameters, an empty parameter list of () should be\nused. Parameter names are not case sensitive.\n\nEach parameter is an IN parameter by default. To specify otherwise for\na parameter, use the keyword OUT or INOUT before the parameter name.\n\n*Note*: Specifying a parameter as IN, OUT, or INOUT is valid only for a\nPROCEDURE. For a FUNCTION, parameters are always regarded as IN\nparameters.\n\nAn IN parameter passes a value into a procedure. The procedure might\nmodify the value, but the modification is not visible to the caller\nwhen the procedure returns. An OUT parameter passes a value from the\nprocedure back to the caller. Its initial value is NULL within the\nprocedure, and its value is visible to the caller when the procedure\nreturns. An INOUT parameter is initialized by the caller, can be\nmodified by the procedure, and any change made by the procedure is\nvisible to the caller when the procedure returns.\n\nFor each OUT or INOUT parameter, pass a user-defined variable in the\nCALL statement that invokes the procedure so that you can obtain its\nvalue when the procedure returns. If you are calling the procedure from\nwithin another stored procedure or function, you can also pass a\nroutine parameter or local routine variable as an IN or INOUT\nparameter.\n\nThe following example shows a simple stored procedure that uses an OUT\nparameter:\n\nMariaDB> delimiter //\n\nMariaDB> CREATE PROCEDURE simpleproc (OUT param1 INT)\n    -> BEGIN\n    ->   SELECT COUNT(*) INTO param1 FROM t;\n    -> END//\nQuery OK, 0 rows affected (0.00 sec)\n\nMariaDB> delimiter ;\n\nMariaDB> CALL simpleproc(@a);\nQuery OK, 0 rows affected (0.00 sec)\n\nMariaDB> SELECT @a;\n+------+\n| @a   |\n+------+\n| 3    |\n+------+\n1 row in set (0.00 sec)\n\nThe example uses the mysql client delimiter command to change the\nstatement delimiter from ; to // while the procedure is being defined.\nThis enables the ; delimiter used in the procedure body to be passed\nthrough to the server rather than being interpreted by mysql itself.\nSee\nhttps://mariadb.com/kb/en/stored-procedure-overview/.\n\nThe RETURNS clause may be specified only for a FUNCTION, for which it\nis mandatory. It indicates the return type of the function, and the\nfunction body must contain a RETURN value statement. If the RETURN\nstatement returns a value of a different type, the value is coerced to\nthe proper type. For example, if a function specifies an ENUM or SET\nvalue in the RETURNS clause, but the RETURN statement returns an\ninteger, the value returned from the function is the string for the\ncorresponding ENUM member of set of SET members.\n\nThe following example function takes a parameter, performs an operation\nusing an SQL function, and returns the result. In this case, it is\nunnecessary to use delimiter because the function definition contains\nno internal ; statement delimiters:\n\nMariaDB> CREATE FUNCTION hello (s CHAR(20))\nMariaDB> RETURNS CHAR(50) DETERMINISTIC\n    -> RETURN CONCAT(\'Hello, \',s,\'!\');\nQuery OK, 0 rows affected (0.00 sec)\n\nMariaDB> SELECT hello(\'world\');\n+----------------+\n| hello(\'world\') |\n+----------------+\n| Hello, world!  |\n+----------------+\n1 row in set (0.00 sec)\n\nParameter types and function return types can be declared to use any\nvalid data type, except that the COLLATE attribute cannot be used prior\nto MySQL 5.5.3. As of 5.5.3, COLLATE can be used if preceded by the\nCHARACTER SET attribute.\n\nThe routine_body consists of a valid SQL routine statement. This can be\na simple statement such as SELECT or INSERT, or a compound statement\nwritten using BEGIN and END. Compound statements can contain\ndeclarations, loops, and other control structure statements. The syntax\nfor these statements is described in\nhttps://mariadb.com/kb/programmatic-and-compound-statements.\n\nMySQL permits routines to contain DDL statements, such as CREATE and\nDROP. MySQL also permits stored procedures (but not stored functions)\nto contain SQL transaction statements such as COMMIT. Stored functions\nmay not contain statements that perform explicit or implicit commit or\nrollback. Support for these statements is not required by the SQL\nstandard, which states that each DBMS vendor may decide whether to\npermit them.\n\nStatements that return a result set can be used within a stored\nprocedure but not within a stored function. This prohibition includes\nSELECT statements that do not have an INTO var_list clause and other\nstatements such as SHOW, EXPLAIN, and CHECK TABLE. For statements that\ncan be determined at function definition time to return a result set, a\nNot allowed to return a result set from a function error occurs\n(ER_SP_NO_RETSET). For statements that can be determined only at\nruntime to return a result set, a PROCEDURE %s can\'t return a result\nset in the given context error occurs (ER_SP_BADSELECT).\n\nUSE statements within stored routines are not permitted. When a routine\nis invoked, an implicit USE db_name is performed (and undone when the\nroutine terminates). The causes the routine to have the given default\ndatabase while it executes. References to objects in databases other\nthan the routine default database should be qualified with the\nappropriate database name.\n\nFor additional information about statements that are not permitted in\nstored routines, see\nhttps://mariadb.com/kb/en/stored-routine-privileges/\n.\n\nFor information about invoking stored procedures from within programs\nwritten in a language that has a MySQL interface, see [HELP CALL].\n\nMySQL stores the sql_mode system variable setting that is in effect at\nthe time a routine is created, and always executes the routine with\nthis setting in force, regardless of the server SQL mode in effect when\nthe routine is invoked.\n\nThe switch from the SQL mode of the invoker to that of the routine\noccurs after evaluation of arguments and assignment of the resulting\nvalues to routine parameters. If you define a routine in strict SQL\nmode but invoke it in nonstrict mode, assignment of arguments to\nroutine parameters does not take place in strict mode. If you require\nthat expressions passed to a routine be assigned in strict SQL mode,\nyou should invoke the routine with strict mode in effect.\n\nURL: https://mariadb.com/kb/en/create-procedure/\n\n','','https://mariadb.com/kb/en/create-procedure/'),(303,'VARBINARY',22,'VARBINARY(M)\n\nThe VARBINARY type is similar to the VARCHAR type, but stores binary\nbyte strings rather than nonbinary character strings. M represents the\nmaximum column length in bytes.\n\nURL: https://mariadb.com/kb/en/varbinary/\n\n','','https://mariadb.com/kb/en/varbinary/'),(304,'LOAD INDEX',26,'Syntax:\nLOAD INDEX INTO CACHE\n  tbl_index_list [, tbl_index_list] ...\n\ntbl_index_list:\n  tbl_name\n    [PARTITION (partition_list | ALL)]\n    [[INDEX|KEY] (index_name[, index_name] ...)]\n    [IGNORE LEAVES]\n\npartition_list:\n    partition_name[, partition_name][, ...]\n\nThe LOAD INDEX INTO CACHE statement preloads a table index into the key\ncache to which it has been assigned by an explicit CACHE INDEX\nstatement, or into the default key cache otherwise.\n\nLOAD INDEX INTO CACHE is used only for MyISAM tables. In MySQL 5.5, it\nis also supported for partitioned MyISAM tables; in addition, indexes\non partitioned tables can be preloaded for one, several, or all\npartitions.\n\nThe IGNORE LEAVES modifier causes only blocks for the nonleaf nodes of\nthe index to be preloaded.\n\nIGNORE LEAVES is also supported for partitioned MyISAM tables.\n\nURL: https://mariadb.com/kb/en/load-index/\n\n','','https://mariadb.com/kb/en/load-index/'),(305,'UNION',27,'Syntax:\nSELECT ...\nUNION [ALL | DISTINCT] SELECT ...\n[UNION [ALL | DISTINCT] SELECT ...]\n\nUNION is used to combine the result from multiple SELECT statements\ninto a single result set.\n\nThe column names from the first SELECT statement are used as the column\nnames for the results returned. Selected columns listed in\ncorresponding positions of each SELECT statement should have the same\ndata type. (For example, the first column selected by the first\nstatement should have the same type as the first column selected by the\nother statements.)\n\nURL: https://mariadb.com/kb/en/union/\n\n','','https://mariadb.com/kb/en/union/'),(306,'TO_DAYS',31,'Syntax:\nTO_DAYS(date)\n\nGiven a date date, returns a day number (the number of days since year\n0).\n\nURL: https://mariadb.com/kb/en/to_days/\n\n','MariaDB> SELECT TO_DAYS(950501);\n        -> 728779\nMariaDB> SELECT TO_DAYS(\'2007-10-07\');\n        -> 733321\n','https://mariadb.com/kb/en/to_days/'),(307,'NOT REGEXP',37,'Syntax:\nexpr NOT REGEXP pat, expr NOT RLIKE pat\n\nThis is the same as NOT (expr REGEXP pat).\n\nURL: https://mariadb.com/kb/en/not-regexp/\n\n','','https://mariadb.com/kb/en/not-regexp/'),(308,'SHOW INDEX',26,'Syntax:\nSHOW {INDEX | INDEXES | KEYS}\n    {FROM | IN} tbl_name\n    [{FROM | IN} db_name]\n    [WHERE expr]\n\nSHOW INDEX returns table index information. The format resembles that\nof the SQLStatistics call in ODBC. This statement requires some\nprivilege for any column in the table.\nYou can use db_name.tbl_name as an alternative to the tbl_name FROM\ndb_name syntax. These two statements are equivalent:\n\nSHOW INDEX FROM mytable FROM mydb;\nSHOW INDEX FROM mydb.mytable;\n\nThe WHERE clause can be given to select rows using more general\nconditions, as discussed in\nhttps://mariadb.com/kb/en/extended-show/.\n\nYou can also list a table\'s indexes with the mysqlshow -k db_name\ntbl_name command.\n\nURL: https://mariadb.com/kb/en/show-index/\n\n','','https://mariadb.com/kb/en/show-index/'),(309,'SHOW CREATE DATABASE',26,'Syntax:\nSHOW CREATE {DATABASE | SCHEMA} [IF NOT EXISTS] db_name\n\nShows the CREATE DATABASE statement that creates the given database. If\nthe SHOW statement includes an IF NOT EXISTS clause, the output too\nincludes such a clause. SHOW CREATE SCHEMA is a synonym for SHOW CREATE\nDATABASE.\n\nURL: https://mariadb.com/kb/en/show-create-database/\n\n','MariaDB> SHOW CREATE DATABASE test\\G\n*************************** 1. row ***************************\n       Database: test\nCreate Database: CREATE DATABASE `test`\n                 /*!40100 DEFAULT CHARACTER SET latin1 */\n\nMariaDB> SHOW CREATE SCHEMA test\\G\n*************************** 1. row ***************************\n       Database: test\nCreate Database: CREATE DATABASE `test`\n                 /*!40100 DEFAULT CHARACTER SET latin1 */\n','https://mariadb.com/kb/en/show-create-database/'),(310,'LEAVE',23,'Syntax:\nLEAVE label\n\nThis statement is used to exit the flow control construct that has the\ngiven label. If the label is for the outermost stored program block,\nLEAVE exits the program.\n\nLEAVE can be used within BEGIN ... END or loop constructs (LOOP,\nREPEAT, WHILE).\n\nURL: https://mariadb.com/kb/en/leave/\n\n','','https://mariadb.com/kb/en/leave/'),(311,'NOT IN',18,'Syntax:\nexpr NOT IN (value,...)\n\nThis is the same as NOT (expr IN (value,...)).\n\nURL: https://mariadb.com/kb/en/not-in/\n\n','','https://mariadb.com/kb/en/not-in/'),(312,'!',15,'Syntax:\nNOT, !\n\nLogical NOT. Evaluates to 1 if the operand is 0, to 0 if the operand is\nnonzero, and NOT NULL returns NULL.\n\nURL: https://mariadb.com/kb/en/not/\n\n','MariaDB> SELECT NOT 10;\n        -> 0\nMariaDB> SELECT NOT 0;\n        -> 1\nMariaDB> SELECT NOT NULL;\n        -> NULL\nMariaDB> SELECT ! (1+1);\n        -> 0\nMariaDB> SELECT ! 1+1;\n        -> 1\n','https://mariadb.com/kb/en/not/'),(313,'DECLARE HANDLER',23,'Syntax:\nDECLARE handler_action HANDLER\n    FOR condition_value [, condition_value] ...\n    statement\n\nhandler_action:\n    CONTINUE\n  | EXIT\n  | UNDO\n\ncondition_value:\n    mysql_error_code\n  | SQLSTATE [VALUE] sqlstate_value\n  | condition_name\n  | SQLWARNING\n  | NOT FOUND\n  | SQLEXCEPTION\n\nThe DECLARE ... HANDLER statement specifies a handler that deals with\none or more conditions. If one of these conditions occurs, the\nspecified statement executes. statement can be a simple statement such\nas SET var_name = value, or a compound statement written using BEGIN\nand END (see [HELP BEGIN END]).\n\nHandler declarations must appear after variable or condition\ndeclarations.\n\nThe handler_action value indicates what action the handler takes after\nexecution of the handler statement:\n\no CONTINUE: Execution of the current program continues.\n\no EXIT: Execution terminates for the BEGIN ... END compound statement\n  in which the handler is declared. This is true even if the condition\n  occurs in an inner block.\n\no UNDO: Not supported.\n\nThe condition_value for DECLARE ... HANDLER indicates the specific\ncondition or class of conditions that activates the handler:\n\no A MySQL error code (a number) or an SQLSTATE value (a 5-character\n  string literal). You should not use MySQL error code 0 or SQLSTATE\n  values that begin with \'00\', because those indicate success rather\n  than an error condition. For a list of MySQL error codes and SQLSTATE\n  values, see\n  https://mariadb.com/kb/en/mariadb-error-codes/.\n\no A condition name previously specified with DECLARE ... CONDITION. A\n  condition name can be associated with a MySQL error code or SQLSTATE\n  value. See [HELP DECLARE CONDITION].\n\no SQLWARNING is shorthand for the class of SQLSTATE values that begin\n  with \'01\'.\n\no NOT FOUND is shorthand for the class of SQLSTATE values that begin\n  with \'02\'. This is relevant within the context of cursors and is used\n  to control what happens when a cursor reaches the end of a data set.\n  If no more rows are available, a No Data condition occurs with\n  SQLSTATE value \'02000\'. To detect this condition, you can set up a\n  handler for it (or for a NOT FOUND condition). For an example, see\n  https://mariadb.com/kb/en/cursor-overview/. This condition\n  also occurs for SELECT ... INTO var_list statements that retrieve no\n  rows.\n\no SQLEXCEPTION is shorthand for the class of SQLSTATE values that do\n  not begin with \'00\', \'01\', or \'02\'.\n\nIf a condition occurs for which no handler has been declared, the\naction taken depends on the condition class:\n\no For SQLEXCEPTION conditions, the stored program terminates at the\n  statement that raised the condition, as if there were an EXIT\n  handler. If the program was called by another stored program, the\n  calling program handles the condition using the handler selection\n  rules applied to its own handlers.\n\no For SQLWARNING conditions, the program continues executing, as if\n  there were a CONTINUE handler.\n\no For NOT FOUND conditions, if the condition was raised normally, the\n  action is CONTINUE. If it was raised by SIGNAL or RESIGNAL, the\n  action is EXIT.\n\nURL: https://mariadb.com/kb/en/declare-handler/\n\n','MariaDB> CREATE TABLE test.t (s1 INT, PRIMARY KEY (s1));\nQuery OK, 0 rows affected (0.00 sec)\n\nMariaDB> delimiter //\n\nMariaDB> CREATE PROCEDURE handlerdemo ()\n    -> BEGIN\n    ->   DECLARE CONTINUE HANDLER FOR SQLSTATE \'23000\' SET @x2 = 1;\n    ->   SET @x = 1;\n    ->   INSERT INTO test.t VALUES (1);\n    ->   SET @x = 2;\n    ->   INSERT INTO test.t VALUES (1);\n    ->   SET @x = 3;\n    -> END;\n    -> //\nQuery OK, 0 rows affected (0.00 sec)\n\nMariaDB> CALL handlerdemo()//\nQuery OK, 0 rows affected (0.00 sec)\n\nMariaDB> SELECT @x//\n    +------+\n    | @x   |\n    +------+\n    | 3    |\n    +------+\n    1 row in set (0.00 sec)\n','https://mariadb.com/kb/en/declare-handler/'),(314,'DOUBLE',22,'DOUBLE[(M,D)] [UNSIGNED] [ZEROFILL]\n\nA normal-size (double-precision) floating-point number. Permissible\nvalues are -1.7976931348623157E+308 to -2.2250738585072014E-308, 0, and\n2.2250738585072014E-308 to 1.7976931348623157E+308. These are the\ntheoretical limits, based on the IEEE standard. The actual range might\nbe slightly smaller depending on your hardware or operating system.\n\nM is the total number of digits and D is the number of digits following\nthe decimal point. If M and D are omitted, values are stored to the\nlimits permitted by the hardware. A double-precision floating-point\nnumber is accurate to approximately 15 decimal places.\n\nUNSIGNED, if specified, disallows negative values.\n\nURL: https://mariadb.com/kb/en/double/\n\n','','https://mariadb.com/kb/en/double/'),(315,'TIME',22,'TIME\n\nA time. The range is \'-838:59:59\' to \'838:59:59\'. MySQL displays TIME\nvalues in \'HH:MM:SS\' format, but permits assignment of values to TIME\ncolumns using either strings or numbers.\n\nURL: https://mariadb.com/kb/en/time/\n\n','','https://mariadb.com/kb/en/time/'),(316,'&&',15,'Syntax:\nAND, &&\n\nLogical AND. Evaluates to 1 if all operands are nonzero and not NULL,\nto 0 if one or more operands are 0, otherwise NULL is returned.\n\nURL: https://mariadb.com/kb/en/and/\n\n','MariaDB> SELECT 1 && 1;\n        -> 1\nMariaDB> SELECT 1 && 0;\n        -> 0\nMariaDB> SELECT 1 && NULL;\n        -> NULL\nMariaDB> SELECT 0 && NULL;\n        -> 0\nMariaDB> SELECT NULL && 0;\n        -> 0\n','https://mariadb.com/kb/en/and/'),(317,'X',11,'X(p)\n\nReturns the X-coordinate value for the Point object p as a\ndouble-precision number.\n\nURL: https://mariadb.com/kb/en/x/\n\n','MariaDB> SELECT X(POINT(56.7, 53.34));\n+-----------------------+\n| X(POINT(56.7, 53.34)) |\n+-----------------------+\n|                  56.7 |\n+-----------------------+\n','https://mariadb.com/kb/en/x/'),(318,'SYSTEM_USER',17,'Syntax:\nSYSTEM_USER()\n\nSYSTEM_USER() is a synonym for USER().\n\nURL: https://mariadb.com/kb/en/system_user/\n\n','','https://mariadb.com/kb/en/system_user/'),(319,'FOUND_ROWS',17,'Syntax:\nFOUND_ROWS()\n\nA SELECT statement may include a LIMIT clause to restrict the number of\nrows the server returns to the client. In some cases, it is desirable\nto know how many rows the statement would have returned without the\nLIMIT, but without running the statement again. To obtain this row\ncount, include a SQL_CALC_FOUND_ROWS option in the SELECT statement,\nand then invoke FOUND_ROWS() afterward:\n\nURL: https://mariadb.com/kb/en/found_rows/\n\n','MariaDB> SELECT SQL_CALC_FOUND_ROWS * FROM tbl_name\n    -> WHERE id > 100 LIMIT 10;\nMariaDB> SELECT FOUND_ROWS();\n','https://mariadb.com/kb/en/found_rows/'),(320,'CROSSES',30,'Crosses(g1,g2)\n\nReturns 1 if g1 spatially crosses g2. Returns NULL if g1 is a Polygon\nor a MultiPolygon, or if g2 is a Point or a MultiPoint. Otherwise,\nreturns 0.\n\nThe term spatially crosses denotes a spatial relation between two given\ngeometries that has the following properties:\n\no The two geometries intersect\n\no Their intersection results in a geometry that has a dimension that is\n  one less than the maximum dimension of the two given geometries\n\no Their intersection is not equal to either of the two given geometries\n\nURL: https://mariadb.com/kb/en/crosses/\n\n','','https://mariadb.com/kb/en/crosses/'),(321,'TRUNCATE TABLE',39,'Syntax:\nTRUNCATE [TABLE] tbl_name\n\nTRUNCATE TABLE empties a table completely. It requires the DROP\nprivilege.\n\nLogically, TRUNCATE TABLE is similar to a DELETE statement that deletes\nall rows, or a sequence of DROP TABLE and CREATE TABLE statements. To\nachieve high performance, it bypasses the DML method of deleting data.\nThus, it cannot be rolled back, it does not cause ON DELETE triggers to\nfire, and it cannot be performed for InnoDB tables with parent-child\nforeign key relationships.\n\nAlthough TRUNCATE TABLE is similar to DELETE, it is classified as a DDL\nstatement rather than a DML statement. It differs from DELETE in the\nfollowing ways in MySQL 5.5:\n\no Truncate operations drop and re-create the table, which is much\n  faster than deleting rows one by one, particularly for large tables.\n\no Truncate operations cause an implicit commit, and so cannot be rolled\n  back.\n\no Truncation operations cannot be performed if the session holds an\n  active table lock.\n\no TRUNCATE TABLE fails for an InnoDB table if there are any FOREIGN KEY\n  constraints from other tables that reference the table. Foreign key\n  constraints between columns of the same table are permitted.\n\no Truncation operations do not return a meaningful value for the number\n  of deleted rows. The usual result is \"0 rows affected,\" which should\n  be interpreted as \"no information.\"\n\no As long as the table format file tbl_name.frm is valid, the table can\n  be re-created as an empty table with TRUNCATE TABLE, even if the data\n  or index files have become corrupted.\n\no Any AUTO_INCREMENT value is reset to its start value. This is true\n  even for MyISAM and InnoDB, which normally do not reuse sequence\n  values.\n\no When used with partitioned tables, TRUNCATE TABLE preserves the\n  partitioning; that is, the data and index files are dropped and\n  re-created, while the partition definitions (.par) file is\n  unaffected.\n\no The TRUNCATE TABLE statement does not invoke ON DELETE triggers.\n\nURL: https://mariadb.com/kb/en/truncate-table/\n\n','','https://mariadb.com/kb/en/truncate-table/'),(322,'BIT_XOR',16,'Syntax:\nBIT_XOR(expr)\n\nReturns the bitwise XOR of all bits in expr. The calculation is\nperformed with 64-bit (BIGINT) precision.\n\nURL: https://mariadb.com/kb/en/bit_xor/\n\n','','https://mariadb.com/kb/en/bit_xor/'),(323,'CURRENT_DATE',31,'Syntax:\nCURRENT_DATE, CURRENT_DATE()\n\nCURRENT_DATE and CURRENT_DATE() are synonyms for CURDATE().\n\nURL: https://mariadb.com/kb/en/current_date/\n\n','','https://mariadb.com/kb/en/current_date/'),(324,'START SLAVE',8,'Syntax:\nSTART SLAVE [thread_types]\n\nSTART SLAVE [SQL_THREAD] UNTIL\n    MASTER_LOG_FILE = \'log_name\', MASTER_LOG_POS = log_pos\n\nSTART SLAVE [SQL_THREAD] UNTIL\n    RELAY_LOG_FILE = \'log_name\', RELAY_LOG_POS = log_pos\n\nthread_types:\n    [thread_type [, thread_type] ... ]\n\nthread_type: IO_THREAD | SQL_THREAD\n\nSTART SLAVE with no thread_type options starts both of the slave\nthreads. The I/O thread reads events from the master server and stores\nthem in the relay log. The SQL thread reads events from the relay log\nand executes them. START SLAVE requires the SUPER privilege.\n\nIf START SLAVE succeeds in starting the slave threads, it returns\nwithout any error. However, even in that case, it might be that the\nslave threads start and then later stop (for example, because they do\nnot manage to connect to the master or read its binary log, or some\nother problem). START SLAVE does not warn you about this. You must\ncheck the slave\'s error log for error messages generated by the slave\nthreads, or check that they are running satisfactorily with SHOW SLAVE\nSTATUS.\n\nURL: https://mariadb.com/kb/en/start-slave/\n\n','','https://mariadb.com/kb/en/start-slave/'),(325,'AREA',2,'Area(poly)\n\nReturns as a double-precision number the area of the Polygon value\npoly, as measured in its spatial reference system.\n\nURL: https://mariadb.com/kb/en/area/\n\n','MariaDB> SET @poly = \'Polygon((0 0,0 3,3 0,0 0),(1 1,1 2,2 1,1 1))\';\nMariaDB> SELECT Area(GeomFromText(@poly));\n+---------------------------+\n| Area(GeomFromText(@poly)) |\n+---------------------------+\n|                         4 |\n+---------------------------+\n','https://mariadb.com/kb/en/area/'),(326,'FLUSH',26,'Syntax:\nFLUSH [NO_WRITE_TO_BINLOG | LOCAL]\n    flush_option [, flush_option] ...\n\nThe FLUSH statement has several variant forms that clear or reload\nvarious internal caches, flush tables, or acquire locks. To execute\nFLUSH, you must have the RELOAD privilege. Specific flush options might\nrequire additional privileges, as described later.\n\nBy default, the server writes FLUSH statements to the binary log so\nthat they replicate to replication slaves. To suppress logging, use the\noptional NO_WRITE_TO_BINLOG keyword or its alias LOCAL.\n\n*Note*: FLUSH LOGS, FLUSH MASTER, FLUSH SLAVE, and FLUSH TABLES WITH\nREAD LOCK (with or without a table list) are not written to the binary\nlog in any case because they would cause problems if replicated to a\nslave.\n\nThe FLUSH statement causes an implicit commit. See\nhttp://dev.mysql.com/doc/refman/5.5/en/implicit-commit.html.\n\nThe RESET statement is similar to FLUSH. See [HELP RESET], for\ninformation about using the RESET statement with replication.\n\nURL: https://mariadb.com/kb/en/flush/\n\n','','https://mariadb.com/kb/en/flush/'),(327,'BEGIN END',23,'Syntax:\n[begin_label:] BEGIN\n    [statement_list]\nEND [end_label]\n\nBEGIN ... END syntax is used for writing compound statements, which can\nappear within stored programs (stored procedures and functions,\ntriggers, and events). A compound statement can contain multiple\nstatements, enclosed by the BEGIN and END keywords. statement_list\nrepresents a list of one or more statements, each terminated by a\nsemicolon (;) statement delimiter. The statement_list itself is\noptional, so the empty compound statement (BEGIN END) is legal.\n\nBEGIN ... END blocks can be nested.\n\nUse of multiple statements requires that a client is able to send\nstatement strings containing the ; statement delimiter. In the mysql\ncommand-line client, this is handled with the delimiter command.\nChanging the ; end-of-statement delimiter (for example, to //) permit ;\nto be used in a program body. For an example, see\nhttps://mariadb.com/kb/en/stored-procedure-overview/.\n\nA BEGIN ... END block can be labeled. See [HELP labels].\n\nURL: https://mariadb.com/kb/en/begin-end/\n\n','','https://mariadb.com/kb/en/begin-end/'),(328,'SHOW PROCEDURE STATUS',26,'Syntax:\nSHOW PROCEDURE STATUS\n    [LIKE \'pattern\' | WHERE expr]\n\nThis statement is a MySQL extension. It returns characteristics of a\nstored procedure, such as the database, name, type, creator, creation\nand modification dates, and character set information. A similar\nstatement, SHOW FUNCTION STATUS, displays information about stored\nfunctions (see [HELP SHOW FUNCTION STATUS]).\n\nThe LIKE clause, if present, indicates which procedure or function\nnames to match. The WHERE clause can be given to select rows using more\ngeneral conditions, as discussed in\nhttps://mariadb.com/kb/en/extended-show/.\n\nURL: https://mariadb.com/kb/en/show-procedure-status/\n\n','MariaDB> SHOW PROCEDURE STATUS LIKE \'sp1\'\\G\n*************************** 1. row ***************************\n                  Db: test\n                Name: sp1\n                Type: PROCEDURE\n             Definer: testuser@localhost\n            Modified: 2004-08-03 15:29:37\n             Created: 2004-08-03 15:29:37\n       Security_type: DEFINER\n             Comment:\ncharacter_set_client: latin1\ncollation_connection: latin1_swedish_ci\n  Database Collation: latin1_swedish_ci\n','https://mariadb.com/kb/en/show-procedure-status/'),(329,'DESCRIBE',28,'Syntax:\n{DESCRIBE | DESC} tbl_name [col_name | wild]\n\nDESCRIBE provides information about the columns in a table. It is a\nshortcut for SHOW COLUMNS FROM. These statements also display\ninformation for views. (See [HELP SHOW COLUMNS].)\n\ncol_name can be a column name, or a string containing the SQL \"%\" and\n\"_\" wildcard characters to obtain output only for the columns with\nnames matching the string. There is no need to enclose the string\nwithin quotation marks unless it contains spaces or other special\ncharacters.\n\nMariaDB> DESCRIBE City;\n+------------+----------+------+-----+---------+----------------+\n| Field      | Type     | Null | Key | Default | Extra          |\n+------------+----------+------+-----+---------+----------------+\n| Id         | int(11)  | NO   | PRI | NULL    | auto_increment |\n| Name       | char(35) | NO   |     |         |                |\n| Country    | char(3)  | NO   | UNI |         |                |\n| District   | char(20) | YES  | MUL |         |                |\n| Population | int(11)  | NO   |     | 0       |                |\n+------------+----------+------+-----+---------+----------------+\n5 rows in set (0.00 sec)\n\nThe description for SHOW COLUMNS provides more information about the\noutput columns (see [HELP SHOW COLUMNS]).\n\nURL: https://mariadb.com/kb/en/describe/\n\n','','https://mariadb.com/kb/en/describe/'),(330,'SHOW WARNINGS',26,'Syntax:\nSHOW WARNINGS [LIMIT [offset,] row_count]\nSHOW COUNT(*) WARNINGS\n\nSHOW WARNINGS shows information about the conditions (errors, warnings,\nand notes) that resulted from the last statement in the current session\nthat generated messages. It shows nothing if the last statement used a\ntable and generated no messages. (That is, a statement that uses a\ntable but generates no messages clears the message list.) Statements\nthat do not use tables and do not generate messages have no effect on\nthe message list.\n\nWarnings are generated for DML statements such as INSERT, UPDATE, and\nLOAD DATA INFILE as well as DDL statements such as CREATE TABLE and\nALTER TABLE.\n\nSHOW WARNINGS is also used following EXPLAIN EXTENDED, to display the\nextra information generated by EXPLAIN when the EXTENDED keyword is\nused. See https://mariadb.com/kb/en/explain#explain-extended.\n\nThe LIMIT clause has the same syntax as for the SELECT statement. See\nhttps://mariadb.com/kb/en/select/.\n\nA related statement, SHOW ERRORS, shows only the error conditions (it\nexcludes warnings and notes). See [HELP SHOW ERRORS].\n\nThe SHOW COUNT(*) WARNINGS statement displays the total number of\nerrors, warnings, and notes. You can also retrieve this number from the\nwarning_count system variable:\n\nSHOW COUNT(*) WARNINGS;\nSELECT @@warning_count;\n\nURL: https://mariadb.com/kb/en/show-warnings/\n\n','','https://mariadb.com/kb/en/show-warnings/'),(331,'DROP USER',10,'Syntax:\nDROP USER user [, user] ...\n\nThe DROP USER statement removes one or more MySQL accounts and their\nprivileges. It removes privilege rows for the account from all grant\ntables. To use this statement, you must have the global CREATE USER\nprivilege or the DELETE privilege for the mysql database. Each account\nname uses the format described in\nhttps://mariadb.com/kb/en/create-user#account-names. For example:\n\nDROP USER \'jeffrey\'@\'localhost\';\n\nIf you specify only the user name part of the account name, a host name\npart of \'%\' is used.\n\nURL: https://mariadb.com/kb/en/drop-user/\n\n','','https://mariadb.com/kb/en/drop-user/'),(332,'STDDEV_POP',16,'Syntax:\nSTDDEV_POP(expr)\n\nReturns the population standard deviation of expr (the square root of\nVAR_POP()). You can also use STD() or STDDEV(), which are equivalent\nbut not standard SQL.\n\nSTDDEV_POP() returns NULL if there were no matching rows.\n\nURL: https://mariadb.com/kb/en/stddev_pop/\n\n','','https://mariadb.com/kb/en/stddev_pop/'),(333,'SHOW CHARACTER SET',26,'Syntax:\nSHOW CHARACTER SET\n    [LIKE \'pattern\' | WHERE expr]\n\nThe SHOW CHARACTER SET statement shows all available character sets.\nThe LIKE clause, if present, indicates which character set names to\nmatch. The WHERE clause can be given to select rows using more general\nconditions, as discussed in\nhttps://mariadb.com/kb/en/extended-show/. For example:\n\nMariaDB> SHOW CHARACTER SET LIKE \'latin%\';\n+---------+-----------------------------+-------------------+--------+\n| Charset | Description                 | Default collation | Maxlen |\n+---------+-----------------------------+-------------------+--------+\n| latin1  | cp1252 West European        | latin1_swedish_ci |      1 |\n| latin2  | ISO 8859-2 Central European | latin2_general_ci |      1 |\n| latin5  | ISO 8859-9 Turkish          | latin5_turkish_ci |      1 |\n| latin7  | ISO 8859-13 Baltic          | latin7_general_ci |      1 |\n+---------+-----------------------------+-------------------+--------+\n\nURL: https://mariadb.com/kb/en/show-character-set/\n\n','','https://mariadb.com/kb/en/show-character-set/'),(334,'SUBSTRING',37,'Syntax:\nSUBSTRING(str,pos), SUBSTRING(str FROM pos), SUBSTRING(str,pos,len),\nSUBSTRING(str FROM pos FOR len)\n\nThe forms without a len argument return a substring from string str\nstarting at position pos. The forms with a len argument return a\nsubstring len characters long from string str, starting at position\npos. The forms that use FROM are standard SQL syntax. It is also\npossible to use a negative value for pos. In this case, the beginning\nof the substring is pos characters from the end of the string, rather\nthan the beginning. A negative value may be used for pos in any of the\nforms of this function.\n\nFor all forms of SUBSTRING(), the position of the first character in\nthe string from which the substring is to be extracted is reckoned as\n1.\n\nURL: https://mariadb.com/kb/en/substring/\n\n','MariaDB> SELECT SUBSTRING(\'Quadratically\',5);\n        -> \'ratically\'\nMariaDB> SELECT SUBSTRING(\'foobarbar\' FROM 4);\n        -> \'barbar\'\nMariaDB> SELECT SUBSTRING(\'Quadratically\',5,6);\n        -> \'ratica\'\nMariaDB> SELECT SUBSTRING(\'Sakila\', -3);\n        -> \'ila\'\nMariaDB> SELECT SUBSTRING(\'Sakila\', -5, 3);\n        -> \'aki\'\nMariaDB> SELECT SUBSTRING(\'Sakila\' FROM -4 FOR 2);\n        -> \'ki\'\n','https://mariadb.com/kb/en/substring/'),(335,'ISEMPTY',36,'IsEmpty(g)\n\nReturns 1 if the geometry value g is the empty geometry, 0 if it is not\nempty, and -1 if the argument is NULL. If the geometry is empty, it\nrepresents the empty point set.\n\nURL: https://mariadb.com/kb/en/isempty/\n\n','','https://mariadb.com/kb/en/isempty/'),(336,'SHOW FUNCTION STATUS',26,'Syntax:\nSHOW FUNCTION STATUS\n    [LIKE \'pattern\' | WHERE expr]\n\nThis statement is similar to SHOW PROCEDURE STATUS but for stored\nfunctions. See [HELP SHOW PROCEDURE STATUS].\n\nURL: https://mariadb.com/kb/en/show-function-status/\n\n','','https://mariadb.com/kb/en/show-function-status/'),(337,'LTRIM',37,'Syntax:\nLTRIM(str)\n\nReturns the string str with leading space characters removed.\n\nURL: https://mariadb.com/kb/en/ltrim/\n\n','MariaDB> SELECT LTRIM(\'  barbar\');\n        -> \'barbar\'\n','https://mariadb.com/kb/en/ltrim/'),(338,'INTERSECTS',30,'Intersects(g1,g2)\n\nReturns 1 or 0 to indicate whether g1 spatially intersects g2.\n\nURL: https://mariadb.com/kb/en/intersects/\n\n','','https://mariadb.com/kb/en/intersects/'),(339,'CALL',27,'Syntax:\nCALL sp_name([parameter[,...]])\nCALL sp_name[()]\n\nThe CALL statement invokes a stored procedure that was defined\npreviously with CREATE PROCEDURE.\n\nStored procedures that take no arguments can be invoked without\nparentheses. That is, CALL p() and CALL p are equivalent.\n\nCALL can pass back values to its caller using parameters that are\ndeclared as OUT or INOUT parameters. When the procedure returns, a\nclient program can also obtain the number of rows affected for the\nfinal statement executed within the routine: At the SQL level, call the\nROW_COUNT() function; from the C API, call the mysql_affected_rows()\nfunction.\n\nURL: https://mariadb.com/kb/en/call/\n\n','','https://mariadb.com/kb/en/call/'),(340,'MBRDISJOINT',6,'MBRDisjoint(g1,g2)\n\nReturns 1 or 0 to indicate whether the Minimum Bounding Rectangles of\nthe two geometries g1 and g2 are disjoint (do not intersect).\n\nURL: https://mariadb.com/kb/en/mbrdisjoint/\n\n','','https://mariadb.com/kb/en/mbrdisjoint/'),(341,'VALUES',14,'Syntax:\nVALUES(col_name)\n\nIn an INSERT ... ON DUPLICATE KEY UPDATE statement, you can use the\nVALUES(col_name) function in the UPDATE clause to refer to column\nvalues from the INSERT portion of the statement. In other words,\nVALUES(col_name) in the UPDATE clause refers to the value of col_name\nthat would be inserted, had no duplicate-key conflict occurred. This\nfunction is especially useful in multiple-row inserts. The VALUES()\nfunction is meaningful only in the ON DUPLICATE KEY UPDATE clause of\nINSERT statements and returns NULL otherwise. See\nhttps://mariadb.com/kb/en/insert-on-duplicate-key-update/.\n\nURL: https://mariadb.com/kb/en/values/\n\n','MariaDB> INSERT INTO table (a,b,c) VALUES (1,2,3),(4,5,6)\n    -> ON DUPLICATE KEY UPDATE c=VALUES(a)+VALUES(b);\n','https://mariadb.com/kb/en/values/'),(342,'SUBSTRING_INDEX',37,'Syntax:\nSUBSTRING_INDEX(str,delim,count)\n\nReturns the substring from string str before count occurrences of the\ndelimiter delim. If count is positive, everything to the left of the\nfinal delimiter (counting from the left) is returned. If count is\nnegative, everything to the right of the final delimiter (counting from\nthe right) is returned. SUBSTRING_INDEX() performs a case-sensitive\nmatch when searching for delim.\n\nURL: https://mariadb.com/kb/en/substring_index/\n\n','MariaDB> SELECT SUBSTRING_INDEX(\'www.mariadb.org\', \'.\', 2);\n        -> \'www.mariadb\'\nMariaDB> SELECT SUBSTRING_INDEX(\'www.mariadb.org\', \'.\', -2);\n        -> \'mariadb.org\'\n','https://mariadb.com/kb/en/substring_index/'),(343,'ENCODE',12,'Syntax:\nENCODE(str,pass_str)\n\nEncrypt str using pass_str as the password. To decrypt the result, use\nDECODE().\n\nThe result is a binary string of the same length as str.\n\nThe strength of the encryption is based on how good the random\ngenerator is. It should suffice for short strings.\n\nURL: https://mariadb.com/kb/en/encode/\n\n','','https://mariadb.com/kb/en/encode/'),(344,'LOOP',23,'Syntax:\n[begin_label:] LOOP\n    statement_list\nEND LOOP [end_label]\n\nLOOP implements a simple loop construct, enabling repeated execution of\nthe statement list, which consists of one or more statements, each\nterminated by a semicolon (;) statement delimiter. The statements\nwithin the loop are repeated until the loop is terminated. Usually,\nthis is accomplished with a LEAVE statement. Within a stored function,\nRETURN can also be used, which exits the function entirely.\n\nNeglecting to include a loop-termination statement results in an\ninfinite loop.\n\nA LOOP statement can be labeled. For the rules regarding label use, see\n[HELP labels].\n\nURL: https://mariadb.com/kb/en/loop/\n\n','CREATE PROCEDURE doiterate(p1 INT)\nBEGIN\n  label1: LOOP\n    SET p1 = p1 + 1;\n    IF p1 < 10 THEN\n      ITERATE label1;\n    END IF;\n    LEAVE label1;\n  END LOOP label1;\n  SET @x = p1;\nEND;\n','https://mariadb.com/kb/en/loop/'),(345,'TRUNCATE',4,'Syntax:\nTRUNCATE(X,D)\n\nReturns the number X, truncated to D decimal places. If D is 0, the\nresult has no decimal point or fractional part. D can be negative to\ncause D digits left of the decimal point of the value X to become zero.\n\nURL: https://mariadb.com/kb/en/truncate/\n\n','MariaDB> SELECT TRUNCATE(1.223,1);\n        -> 1.2\nMariaDB> SELECT TRUNCATE(1.999,1);\n        -> 1.9\nMariaDB> SELECT TRUNCATE(1.999,0);\n        -> 1\nMariaDB> SELECT TRUNCATE(-1.999,1);\n        -> -1.9\nMariaDB> SELECT TRUNCATE(122,-2);\n       -> 100\nMariaDB> SELECT TRUNCATE(10.28*100,0);\n       -> 1028\n','https://mariadb.com/kb/en/truncate/'),(346,'TIMESTAMPADD',31,'Syntax:\nTIMESTAMPADD(unit,interval,datetime_expr)\n\nAdds the integer expression interval to the date or datetime expression\ndatetime_expr. The unit for interval is given by the unit argument,\nwhich should be one of the following values: MICROSECOND\n(microseconds), SECOND, MINUTE, HOUR, DAY, WEEK, MONTH, QUARTER, or\nYEAR.\n\nIt is possible to use FRAC_SECOND in place of MICROSECOND, but\nFRAC_SECOND is deprecated. FRAC_SECOND was removed in MySQL 5.5.3.\n\nThe unit value may be specified using one of keywords as shown, or with\na prefix of SQL_TSI_. For example, DAY and SQL_TSI_DAY both are legal.\n\nURL: https://mariadb.com/kb/en/timestampadd/\n\n','MariaDB> SELECT TIMESTAMPADD(MINUTE,1,\'2003-01-02\');\n        -> \'2003-01-02 00:01:00\'\nMariaDB> SELECT TIMESTAMPADD(WEEK,1,\'2003-01-02\');\n        -> \'2003-01-09\'\n','https://mariadb.com/kb/en/timestampadd/'),(347,'SHOW',26,'SHOW has many forms that provide information about databases, tables,\ncolumns, or status information about the server. This section describes\nthose following:\n\nSHOW AUTHORS\nSHOW {BINARY | MASTER} LOGS\nSHOW BINLOG EVENTS [IN \'log_name\'] [FROM pos] [LIMIT [offset,] row_count]\nSHOW CHARACTER SET [like_or_where]\nSHOW COLLATION [like_or_where]\nSHOW [FULL] COLUMNS FROM tbl_name [FROM db_name] [like_or_where]\nSHOW CONTRIBUTORS\nSHOW CREATE DATABASE db_name\nSHOW CREATE EVENT event_name\nSHOW CREATE FUNCTION func_name\nSHOW CREATE PROCEDURE proc_name\nSHOW CREATE TABLE tbl_name\nSHOW CREATE TRIGGER trigger_name\nSHOW CREATE VIEW view_name\nSHOW DATABASES [like_or_where]\nSHOW ENGINE engine_name {STATUS | MUTEX}\nSHOW [STORAGE] ENGINES\nSHOW ERRORS [LIMIT [offset,] row_count]\nSHOW EVENTS\nSHOW FUNCTION CODE func_name\nSHOW FUNCTION STATUS [like_or_where]\nSHOW GRANTS FOR user\nSHOW INDEX FROM tbl_name [FROM db_name]\nSHOW MASTER STATUS\nSHOW OPEN TABLES [FROM db_name] [like_or_where]\nSHOW PLUGINS\nSHOW PROCEDURE CODE proc_name\nSHOW PROCEDURE STATUS [like_or_where]\nSHOW PRIVILEGES\nSHOW [FULL] PROCESSLIST\nSHOW PROFILE [types] [FOR QUERY n] [OFFSET n] [LIMIT n]\nSHOW PROFILES\nSHOW SLAVE HOSTS\nSHOW SLAVE STATUS\nSHOW [GLOBAL | SESSION] STATUS [like_or_where]\nSHOW TABLE STATUS [FROM db_name] [like_or_where]\nSHOW [FULL] TABLES [FROM db_name] [like_or_where]\nSHOW TRIGGERS [FROM db_name] [like_or_where]\nSHOW [GLOBAL | SESSION] VARIABLES [like_or_where]\nSHOW WARNINGS [LIMIT [offset,] row_count]\n\nlike_or_where:\n    LIKE \'pattern\'\n  | WHERE expr\n\nIf the syntax for a given SHOW statement includes a LIKE \'pattern\'\npart, \'pattern\' is a string that can contain the SQL \"%\" and \"_\"\nwildcard characters. The pattern is useful for restricting statement\noutput to matching values.\n\nSeveral SHOW statements also accept a WHERE clause that provides more\nflexibility in specifying which rows to display. See\nhttps://mariadb.com/kb/en/extended-show/.\n\nURL: https://mariadb.com/kb/en/show/\n\n','','https://mariadb.com/kb/en/show/'),(348,'GREATEST',18,'Syntax:\nGREATEST(value1,value2,...)\n\nWith two or more arguments, returns the largest (maximum-valued)\nargument. The arguments are compared using the same rules as for\nLEAST().\n\nURL: https://mariadb.com/kb/en/greatest/\n\n','MariaDB> SELECT GREATEST(2,0);\n        -> 2\nMariaDB> SELECT GREATEST(34.0,3.0,5.0,767.0);\n        -> 767.0\nMariaDB> SELECT GREATEST(\'B\',\'A\',\'C\');\n        -> \'C\'\n','https://mariadb.com/kb/en/greatest/'),(349,'SHOW VARIABLES',26,'Syntax:\nSHOW [GLOBAL | SESSION] VARIABLES\n    [LIKE \'pattern\' | WHERE expr]\n\nSHOW VARIABLES shows the values of MySQL system variables. This\ninformation also can be obtained using the mysqladmin variables\ncommand. The LIKE clause, if present, indicates which variable names to\nmatch. The WHERE clause can be given to select rows using more general\nconditions, as discussed in\nhttps://mariadb.com/kb/en/extended-show/. This\nstatement does not require any privilege. It requires only the ability\nto connect to the server.\n\nWith the GLOBAL modifier, SHOW VARIABLES displays the values that are\nused for new connections to MySQL. As of MySQL 5.5.3, if a variable has\nno global value, no value is displayed. Before 5.5.3, the session value\nis displayed. With SESSION, SHOW VARIABLES displays the values that are\nin effect for the current connection. If no modifier is present, the\ndefault is SESSION. LOCAL is a synonym for SESSION.\nWith a LIKE clause, the statement displays only rows for those\nvariables with names that match the pattern. To obtain the row for a\nspecific variable, use a LIKE clause as shown:\n\nSHOW VARIABLES LIKE \'max_join_size\';\nSHOW SESSION VARIABLES LIKE \'max_join_size\';\n\nTo get a list of variables whose name match a pattern, use the \"%\"\nwildcard character in a LIKE clause:\n\nSHOW VARIABLES LIKE \'%size%\';\nSHOW GLOBAL VARIABLES LIKE \'%size%\';\n\nWildcard characters can be used in any position within the pattern to\nbe matched. Strictly speaking, because \"_\" is a wildcard that matches\nany single character, you should escape it as \"\\_\" to match it\nliterally. In practice, this is rarely necessary.\n\nURL: https://mariadb.com/kb/en/show-variables/\n\n','','https://mariadb.com/kb/en/show-variables/'),(350,'BINLOG',26,'Syntax:\nBINLOG \'str\'\n\nBINLOG is an internal-use statement. It is generated by the mysqlbinlog\nprogram as the printable representation of certain events in binary log\nfiles. (See https://mariadb.com/kb/en/mysqlbinlog/.)\nThe \'str\' value is a base 64-encoded string the that server decodes to\ndetermine the data change indicated by the corresponding event. This\nstatement requires the SUPER privilege.\n\nURL: https://mariadb.com/kb/en/binlog/\n\n','','https://mariadb.com/kb/en/binlog/'),(351,'BIT_AND',16,'Syntax:\nBIT_AND(expr)\n\nReturns the bitwise AND of all bits in expr. The calculation is\nperformed with 64-bit (BIGINT) precision.\n\nURL: https://mariadb.com/kb/en/bit_and/\n\n','','https://mariadb.com/kb/en/bit_and/'),(352,'SECOND',31,'Syntax:\nSECOND(time)\n\nReturns the second for time, in the range 0 to 59.\n\nURL: https://mariadb.com/kb/en/second/\n\n','MariaDB> SELECT SECOND(\'10:05:03\');\n        -> 3\n','https://mariadb.com/kb/en/second/'),(353,'ATAN2',4,'Syntax:\nATAN(Y,X), ATAN2(Y,X)\n\nReturns the arc tangent of the two variables X and Y. It is similar to\ncalculating the arc tangent of Y / X, except that the signs of both\narguments are used to determine the quadrant of the result.\n\nURL: https://mariadb.com/kb/en/atan2/\n\n','MariaDB> SELECT ATAN(-2,2);\n        -> -0.78539816339745\nMariaDB> SELECT ATAN2(PI(),0);\n        -> 1.5707963267949\n','https://mariadb.com/kb/en/atan2/'),(354,'MBRCONTAINS',6,'MBRContains(g1,g2)\n\nReturns 1 or 0 to indicate whether the Minimum Bounding Rectangle of g1\ncontains the Minimum Bounding Rectangle of g2. This tests the opposite\nrelationship as MBRWithin().\n\nURL: https://mariadb.com/kb/en/mbrcontains/\n\n','MariaDB> SET @g1 = GeomFromText(\'Polygon((0 0,0 3,3 3,3 0,0 0))\');\nMariaDB> SET @g2 = GeomFromText(\'Point(1 1)\');\nMariaDB> SELECT MBRContains(@g1,@g2), MBRContains(@g2,@g1);\n----------------------+----------------------+\n| MBRContains(@g1,@g2) | MBRContains(@g2,@g1) |\n+----------------------+----------------------+\n|                    1 |                    0 |\n+----------------------+----------------------+\n','https://mariadb.com/kb/en/mbrcontains/'),(355,'HOUR',31,'Syntax:\nHOUR(time)\n\nReturns the hour for time. The range of the return value is 0 to 23 for\ntime-of-day values. However, the range of TIME values actually is much\nlarger, so HOUR can return values greater than 23.\n\nURL: https://mariadb.com/kb/en/hour/\n\n','MariaDB> SELECT HOUR(\'10:05:03\');\n        -> 10\nMariaDB> SELECT HOUR(\'272:59:59\');\n        -> 272\n','https://mariadb.com/kb/en/hour/'),(356,'SELECT',27,'Syntax:\nSELECT\n    [ALL | DISTINCT | DISTINCTROW ]\n      [HIGH_PRIORITY]\n      [STRAIGHT_JOIN]\n      [SQL_SMALL_RESULT] [SQL_BIG_RESULT] [SQL_BUFFER_RESULT]\n      [SQL_CACHE | SQL_NO_CACHE] [SQL_CALC_FOUND_ROWS]\n    select_expr [, select_expr ...]\n    [FROM table_references\n    [WHERE where_condition]\n    [GROUP BY {col_name | expr | position}\n      [ASC | DESC], ... [WITH ROLLUP]]\n    [HAVING where_condition]\n    [ORDER BY {col_name | expr | position}\n      [ASC | DESC], ...]\n    [LIMIT {[offset,] row_count | row_count OFFSET offset}]\n    [PROCEDURE procedure_name(argument_list)]\n    [INTO OUTFILE \'file_name\'\n        [CHARACTER SET charset_name]\n        export_options\n      | INTO DUMPFILE \'file_name\'\n      | INTO var_name [, var_name]]\n    [FOR UPDATE | LOCK IN SHARE MODE]]\n\nSELECT is used to retrieve rows selected from one or more tables, and\ncan include UNION statements and subqueries. See [HELP UNION], and\nhttps://mariadb.com/kb/en/subqueries/.\n\nThe most commonly used clauses of SELECT statements are these:\n\no Each select_expr indicates a column that you want to retrieve. There\n  must be at least one select_expr.\n\no table_references indicates the table or tables from which to retrieve\n  rows. Its syntax is described in [HELP JOIN].\n\no The WHERE clause, if given, indicates the condition or conditions\n  that rows must satisfy to be selected. where_condition is an\n  expression that evaluates to true for each row to be selected. The\n  statement selects all rows if there is no WHERE clause.\n\n  In the WHERE expression, you can use any of the functions and\n  operators that MySQL supports, except for aggregate (summary)\n  functions. See\n  https://mariadb.com/kb/en/select#select-expressions, and\n  https://mariadb.com/kb/en/functions-and-operators/.\n\nSELECT can also be used to retrieve rows computed without reference to\nany table.\n\nURL: https://mariadb.com/kb/en/select/\n\n','','https://mariadb.com/kb/en/select/'),(357,'COT',4,'Syntax:\nCOT(X)\n\nReturns the cotangent of X.\n\nURL: https://mariadb.com/kb/en/cot/\n\n','MariaDB> SELECT COT(12);\n        -> -1.5726734063977\nMariaDB> SELECT COT(0);\n        -> NULL\n','https://mariadb.com/kb/en/cot/'),(358,'SHOW CREATE EVENT',26,'Syntax:\nSHOW CREATE EVENT event_name\n\nThis statement displays the CREATE EVENT statement needed to re-create\na given event. It requires the EVENT privilege for the database from\nwhich the event is to be shown. For example (using the same event\ne_daily defined and then altered in [HELP SHOW EVENTS]):\n\nURL: https://mariadb.com/kb/en/show-create-event/\n\n','MariaDB> SHOW CREATE EVENT test.e_daily\\G\n*************************** 1. row ***************************\n               Event: e_daily\n            sql_mode:\n           time_zone: SYSTEM\n        Create Event: CREATE EVENT `e_daily`\n                        ON SCHEDULE EVERY 1 DAY\n                        STARTS CURRENT_TIMESTAMP + INTERVAL 6 HOUR\n                        ON COMPLETION NOT PRESERVE\n                        ENABLE\n                        COMMENT \'Saves total number of sessions then\n                                clears the table each day\'\n                        DO BEGIN\n                          INSERT INTO site_activity.totals (time, total)\n                            SELECT CURRENT_TIMESTAMP, COUNT(*)\n                            FROM site_activity.sessions;\n                          DELETE FROM site_activity.sessions;\n                        END\ncharacter_set_client: latin1\ncollation_connection: latin1_swedish_ci\n  Database Collation: latin1_swedish_ci\n','https://mariadb.com/kb/en/show-create-event/'),(359,'LOAD_FILE',37,'Syntax:\nLOAD_FILE(file_name)\n\nReads the file and returns the file contents as a string. To use this\nfunction, the file must be located on the server host, you must specify\nthe full path name to the file, and you must have the FILE privilege.\nThe file must be readable by all and its size less than\nmax_allowed_packet bytes. If the secure_file_priv system variable is\nset to a nonempty directory name, the file to be loaded must be located\nin that directory.\n\nIf the file does not exist or cannot be read because one of the\npreceding conditions is not satisfied, the function returns NULL.\n\nThe character_set_filesystem system variable controls interpretation of\nfile names that are given as literal strings.\n\nURL: https://mariadb.com/kb/en/load_file/\n\n','MariaDB> UPDATE t\n            SET blob_col=LOAD_FILE(\'/tmp/picture\')\n            WHERE id=1;\n','https://mariadb.com/kb/en/load_file/'),(360,'POINTFROMTEXT',3,'PointFromText(wkt[,srid])\n\nConstructs a POINT value using its WKT representation and SRID.\n\nURL: https://mariadb.com/kb/en/pointfromtext/\n\n','','https://mariadb.com/kb/en/pointfromtext/'),(361,'GROUP_CONCAT',16,'Syntax:\nGROUP_CONCAT(expr)\n\nThis function returns a string result with the concatenated non-NULL\nvalues from a group. It returns NULL if there are no non-NULL values.\nThe full syntax is as follows:\n\nGROUP_CONCAT([DISTINCT] expr [,expr ...]\n             [ORDER BY {unsigned_integer | col_name | expr}\n                 [ASC | DESC] [,col_name ...]]\n             [SEPARATOR str_val])\n\nURL: https://mariadb.com/kb/en/group_concat/\n\n','MariaDB> SELECT student_name,\n    ->     GROUP_CONCAT(test_score)\n    ->     FROM student\n    ->     GROUP BY student_name;\n','https://mariadb.com/kb/en/group_concat/'),(362,'DATE_FORMAT',31,'Syntax:\nDATE_FORMAT(date,format)\n\nFormats the date value according to the format string.\n\nURL: https://mariadb.com/kb/en/date_format/\n\n','MariaDB> SELECT DATE_FORMAT(\'2009-10-04 22:23:00\', \'%W %M %Y\');\n        -> \'Sunday October 2009\'\nMariaDB> SELECT DATE_FORMAT(\'2007-10-04 22:23:00\', \'%H:%i:%s\');\n        -> \'22:23:00\'\nMariaDB> SELECT DATE_FORMAT(\'1900-10-04 22:23:00\',\n    ->                 \'%D %y %a %d %m %b %j\');\n        -> \'4th 00 Thu 04 10 Oct 277\'\nMariaDB> SELECT DATE_FORMAT(\'1997-10-04 22:23:00\',\n    ->                 \'%H %k %I %r %T %S %w\');\n        -> \'22 22 10 10:23:00 PM 22:23:00 00 6\'\nMariaDB> SELECT DATE_FORMAT(\'1999-01-01\', \'%X %V\');\n        -> \'1998 52\'\nMariaDB> SELECT DATE_FORMAT(\'2006-06-00\', \'%d\');\n        -> \'00\'\n','https://mariadb.com/kb/en/date_format/'),(363,'BENCHMARK',17,'Syntax:\nBENCHMARK(count,expr)\n\nThe BENCHMARK() function executes the expression expr repeatedly count\ntimes. It may be used to time how quickly MySQL processes the\nexpression. The result value is always 0. The intended use is from\nwithin the mysql client, which reports query execution times:\n\nURL: https://mariadb.com/kb/en/benchmark/\n\n','MariaDB> SELECT BENCHMARK(1000000,ENCODE(\'hello\',\'goodbye\'));\n+----------------------------------------------+\n| BENCHMARK(1000000,ENCODE(\'hello\',\'goodbye\')) |\n+----------------------------------------------+\n|                                            0 |\n+----------------------------------------------+\n1 row in set (4.74 sec)\n','https://mariadb.com/kb/en/benchmark/'),(364,'YEAR',31,'Syntax:\nYEAR(date)\n\nReturns the year for date, in the range 1000 to 9999, or 0 for the\n\"zero\" date.\n\nURL: https://mariadb.com/kb/en/year/\n\n','MariaDB> SELECT YEAR(\'1987-01-01\');\n        -> 1987\n','https://mariadb.com/kb/en/year/'),(365,'SHOW ENGINE',26,'Syntax:\nSHOW ENGINE engine_name {STATUS | MUTEX}\n\nSHOW ENGINE displays operational information about a storage engine.\nThe following statements currently are supported:\n\nSHOW ENGINE INNODB STATUS\nSHOW ENGINE INNODB MUTEX\nSHOW ENGINE PERFORMANCE_SCHEMA STATUS\n\nSHOW ENGINE INNODB STATUS displays extensive information from the\nstandard InnoDB Monitor about the state of the InnoDB storage engine.\nFor information about the standard monitor and other InnoDB Monitors\nthat provide information about InnoDB processing, see\nhttp://dev.mysql.com/doc/refman/5.5/en/innodb-monitors.html.\n\nSHOW ENGINE INNODB MUTEX displays InnoDB mutex statistics. The\nstatement displays the following fields:\n\no Type\n\n  Always InnoDB.\n\no Name\n\n  The source file where the mutex is implemented, and the line number\n  in the file where the mutex is created. The line number may change\n  depending on your version of MySQL.\n\no Status\n\n  The mutex status. This field displays several values if UNIV_DEBUG\n  was defined at MySQL compilation time (for example, in include/univ.i\n  in the InnoDB part of the MySQL source tree). If UNIV_DEBUG was not\n  defined, the statement displays only the os_waits value. In the\n  latter case (without UNIV_DEBUG), the information on which the output\n  is based is insufficient to distinguish regular mutexes and mutexes\n  that protect rw-locks (which permit multiple readers or a single\n  writer). Consequently, the output may appear to contain multiple rows\n  for the same mutex.\n\n  o count indicates how many times the mutex was requested.\n\n  o spin_waits indicates how many times the spinlock had to run.\n\n  o spin_rounds indicates the number of spinlock rounds. (spin_rounds\n    divided by spin_waits provides the average round count.)\n\n  o os_waits indicates the number of operating system waits. This\n    occurs when the spinlock did not work (the mutex was not locked\n    during the spinlock and it was necessary to yield to the operating\n    system and wait).\n\n  o os_yields indicates the number of times a the thread trying to lock\n    a mutex gave up its timeslice and yielded to the operating system\n    (on the presumption that permitting other threads to run will free\n    the mutex so that it can be locked).\n\n  o os_wait_times indicates the amount of time (in ms) spent in\n    operating system waits, if the timed_mutexes system variable is 1\n    (ON). If timed_mutexes is 0 (OFF), timing is disabled, so\n    os_wait_times is 0. timed_mutexes is off by default.\n\nInformation from this statement can be used to diagnose system\nproblems. For example, large values of spin_waits and spin_rounds may\nindicate scalability problems.\n\nUse SHOW ENGINE PERFORMANCE_SCHEMA STATUS to inspect the internal\noperation of the Performance Schema code:\n\nMariaDB> SHOW ENGINE PERFORMANCE_SCHEMA STATUS\\G\n...\n*************************** 3. row ***************************\n  Type: performance_schema\n  Name: events_waits_history.row_size\nStatus: 76\n*************************** 4. row ***************************\n  Type: performance_schema\n  Name: events_waits_history.row_count\nStatus: 10000\n*************************** 5. row ***************************\n  Type: performance_schema\n  Name: events_waits_history.memory\nStatus: 760000\n...\n*************************** 57. row ***************************\n  Type: performance_schema\n  Name: performance_schema.memory\nStatus: 26459600\n...\n\nThe intent of this statement is to help the DBA to understand the\neffects that different options have on memory requirements.\n\nName values consist of two parts, which name an internal buffer and an\nattribute of the buffer, respectively:\n\no Internal buffers that are exposed as a table in the\n  performance_schema database are named after the table. Examples:\n  events_waits_history.row_size, mutex_instances.row_count.\n\no Internal buffers that are not exposed as a table are named within\n  parentheses. Examples: (pfs_cond_class).row_size,\n  (pfs_mutex_class).memory.\n\no Values that apply to the Performance Schema as a whole begin with\n  performance_schema. Example: performance_schema.memory.\n\nAttributes have these meanings:\n\no row_size cannot be changed. It is the size of the internal record\n  used by the implementation.\n\no row_count can be changed depending on the configuration options.\n\no For a table, tbl_name.memory is the product of row_size multiplied by\n  row_count. For the Performance Schema as a whole,\n  performance_schema.memory is the sum of all the memory used (the sum\n  of all other memory values).\n\nIn some cases, there is a direct relationship between a configuration\nparameter and a SHOW ENGINE value. For example,\nevents_waits_history_long.row_count corresponds to\nperformance_schema_events_waits_history_long_size. In other cases, the\nrelationship is more complex. For example,\nevents_waits_history.row_count corresponds to\nperformance_schema_events_waits_history_size (the number of rows per\nthread) multiplied by performance_schema_max_thread_instances ( the\nnumber of threads).\n\nURL: https://mariadb.com/kb/en/show-engine/\n\n','','https://mariadb.com/kb/en/show-engine/'),(366,'NAME_CONST',14,'Syntax:\nNAME_CONST(name,value)\n\nReturns the given value. When used to produce a result set column,\nNAME_CONST() causes the column to have the given name. The arguments\nshould be constants.\n\nMariaDB> SELECT NAME_CONST(\'myname\', 14);\n+--------+\n| myname |\n+--------+\n|     14 |\n+--------+\n\nURL: https://mariadb.com/kb/en/name_const/\n\n','','https://mariadb.com/kb/en/name_const/'),(367,'RELEASE_LOCK',14,'Syntax:\nRELEASE_LOCK(str)\n\nReleases the lock named by the string str that was obtained with\nGET_LOCK(). Returns 1 if the lock was released, 0 if the lock was not\nestablished by this thread (in which case the lock is not released),\nand NULL if the named lock did not exist. The lock does not exist if it\nwas never obtained by a call to GET_LOCK() or if it has previously been\nreleased.\n\nThe DO statement is convenient to use with RELEASE_LOCK(). See [HELP\nDO].\n\nURL: https://mariadb.com/kb/en/release_lock/\n\n','','https://mariadb.com/kb/en/release_lock/'),(368,'IS NULL',18,'Syntax:\nIS NULL\n\nTests whether a value is NULL.\n\nURL: https://mariadb.com/kb/en/is-null/\n\n','MariaDB> SELECT 1 IS NULL, 0 IS NULL, NULL IS NULL;\n        -> 0, 0, 1\n','https://mariadb.com/kb/en/is-null/'),(369,'CONVERT_TZ',31,'Syntax:\nCONVERT_TZ(dt,from_tz,to_tz)\n\nCONVERT_TZ() converts a datetime value dt from the time zone given by\nfrom_tz to the time zone given by to_tz and returns the resulting\nvalue. Time zones are specified as described in\nhttps://mariadb.com/kb/en/time-zones/. This\nfunction returns NULL if the arguments are invalid.\n\nURL: https://mariadb.com/kb/en/convert_tz/\n\n','MariaDB> SELECT CONVERT_TZ(\'2004-01-01 12:00:00\',\'GMT\',\'MET\');\n        -> \'2004-01-01 13:00:00\'\nMariaDB> SELECT CONVERT_TZ(\'2004-01-01 12:00:00\',\'+00:00\',\'+10:00\');\n        -> \'2004-01-01 22:00:00\'\n','https://mariadb.com/kb/en/convert_tz/'),(370,'TIME_TO_SEC',31,'Syntax:\nTIME_TO_SEC(time)\n\nReturns the time argument, converted to seconds.\n\nURL: https://mariadb.com/kb/en/time_to_sec/\n\n','MariaDB> SELECT TIME_TO_SEC(\'22:23:00\');\n        -> 80580\nMariaDB> SELECT TIME_TO_SEC(\'00:39:38\');\n        -> 2378\n','https://mariadb.com/kb/en/time_to_sec/'),(371,'WEEKDAY',31,'Syntax:\nWEEKDAY(date)\n\nReturns the weekday index for date (0 = Monday, 1 = Tuesday, ... 6 =\nSunday).\n\nURL: https://mariadb.com/kb/en/weekday/\n\n','MariaDB> SELECT WEEKDAY(\'2008-02-03 22:23:00\');\n        -> 6\nMariaDB> SELECT WEEKDAY(\'2007-11-06\');\n        -> 1\n','https://mariadb.com/kb/en/weekday/'),(372,'EXPORT_SET',37,'Syntax:\nEXPORT_SET(bits,on,off[,separator[,number_of_bits]])\n\nReturns a string such that for every bit set in the value bits, you get\nan on string and for every bit not set in the value, you get an off\nstring. Bits in bits are examined from right to left (from low-order to\nhigh-order bits). Strings are added to the result from left to right,\nseparated by the separator string (the default being the comma\ncharacter \",\"). The number of bits examined is given by number_of_bits,\nwhich has a default of 64 if not specified. number_of_bits is silently\nclipped to 64 if larger than 64. It is treated as an unsigned integer,\nso a value of -1 is effectively the same as 64.\n\nURL: https://mariadb.com/kb/en/export_set/\n\n','MariaDB> SELECT EXPORT_SET(5,\'Y\',\'N\',\',\',4);\n        -> \'Y,N,Y,N\'\nMariaDB> SELECT EXPORT_SET(6,\'1\',\'0\',\',\',10);\n        -> \'0,1,1,0,0,0,0,0,0,0\'\n','https://mariadb.com/kb/en/export_set/'),(373,'ALTER SERVER',39,'Syntax:\nALTER SERVER  server_name\n    OPTIONS (option [, option] ...)\n\nAlters the server information for server_name, adjusting any of the\noptions permitted in the CREATE SERVER statement. See [HELP CREATE\nSERVER]. The corresponding fields in the mysql.servers table are\nupdated accordingly. This statement requires the SUPER privilege.\n\nURL: https://mariadb.com/kb/en/alter-server/\n\n','ALTER SERVER s OPTIONS (USER \'sally\');\n','https://mariadb.com/kb/en/alter-server/'),(374,'RESIGNAL',23,'Syntax:\nRESIGNAL [condition_value]\n    [SET signal_information_item\n    [, signal_information_item] ...]\n\ncondition_value:\n    SQLSTATE [VALUE] sqlstate_value\n  | condition_name\n\nsignal_information_item:\n    condition_information_item_name = simple_value_specification\n\ncondition_information_item_name:\n    CLASS_ORIGIN\n  | SUBCLASS_ORIGIN\n  | MESSAGE_TEXT\n  | MYSQL_ERRNO\n  | CONSTRAINT_CATALOG\n  | CONSTRAINT_SCHEMA\n  | CONSTRAINT_NAME\n  | CATALOG_NAME\n  | SCHEMA_NAME\n  | TABLE_NAME\n  | COLUMN_NAME\n  | CURSOR_NAME\n\ncondition_name, simple_value_specification:\n    (see following discussion)\n\nRESIGNAL passes on the error condition information that is available\nduring execution of a condition handler within a compound statement\ninside a stored procedure or function, trigger, or event. RESIGNAL may\nchange some or all information before passing it on. RESIGNAL is\nrelated to SIGNAL, but instead of originating a condition as SIGNAL\ndoes, RESIGNAL relays existing condition information, possibly after\nmodifying it.\n\nRESIGNAL makes it possible to both handle an error and return the error\ninformation. Otherwise, by executing an SQL statement within the\nhandler, information that caused the handler\'s activation is destroyed.\nRESIGNAL also can make some procedures shorter if a given handler can\nhandle part of a situation, then pass the condition \"up the line\" to\nanother handler.\n\nNo special privileges are required to execute the RESIGNAL statement.\n\nFor condition_value and signal_information_item, the definitions and\nrules are the same for RESIGNAL as for SIGNAL (see [HELP SIGNAL]).\n\nThe RESIGNAL statement takes condition_value and SET clauses, both of\nwhich are optional. This leads to several possible uses:\n\no RESIGNAL alone:\n\nRESIGNAL;\n\no RESIGNAL with new signal information:\n\nRESIGNAL SET signal_information_item [, signal_information_item] ...;\n\no RESIGNAL with a condition value and possibly new signal information:\n\nRESIGNAL condition_value\n    [SET signal_information_item [, signal_information_item] ...];\n\nURL: https://mariadb.com/kb/en/resignal/\n\n','','https://mariadb.com/kb/en/resignal/'),(375,'TIME FUNCTION',31,'Syntax:\nTIME(expr)\n\nExtracts the time part of the time or datetime expression expr and\nreturns it as a string.\n\nURL: https://mariadb.com/kb/en/time-function/\n\n','MariaDB> SELECT TIME(\'2003-12-31 01:02:03\');\n        -> \'01:02:03\'\nMariaDB> SELECT TIME(\'2003-12-31 01:02:03.000123\');\n        -> \'01:02:03.000123\'\n','https://mariadb.com/kb/en/time-function/'),(376,'DATE_ADD',31,'Syntax:\nDATE_ADD(date,INTERVAL expr unit), DATE_SUB(date,INTERVAL expr unit)\n\nThese functions perform date arithmetic. The date argument specifies\nthe starting date or datetime value. expr is an expression specifying\nthe interval value to be added or subtracted from the starting date.\nexpr is a string; it may start with a \"-\" for negative intervals. unit\nis a keyword indicating the units in which the expression should be\ninterpreted.\n\nURL: https://mariadb.com/kb/en/date_add/\n\n','MariaDB> SELECT \'2008-12-31 23:59:59\' + INTERVAL 1 SECOND;\n        -> \'2009-01-01 00:00:00\'\nMariaDB> SELECT INTERVAL 1 DAY + \'2008-12-31\';\n        -> \'2009-01-01\'\nMariaDB> SELECT \'2005-01-01\' - INTERVAL 1 SECOND;\n        -> \'2004-12-31 23:59:59\'\nMariaDB> SELECT DATE_ADD(\'2000-12-31 23:59:59\',\n    ->                 INTERVAL 1 SECOND);\n        -> \'2001-01-01 00:00:00\'\nMariaDB> SELECT DATE_ADD(\'2010-12-31 23:59:59\',\n    ->                 INTERVAL 1 DAY);\n        -> \'2011-01-01 23:59:59\'\nMariaDB> SELECT DATE_ADD(\'2100-12-31 23:59:59\',\n    ->                 INTERVAL \'1:1\' MINUTE_SECOND);\n        -> \'2101-01-01 00:01:00\'\nMariaDB> SELECT DATE_SUB(\'2005-01-01 00:00:00\',\n    ->                 INTERVAL \'1 1:1:1\' DAY_SECOND);\n        -> \'2004-12-30 22:58:59\'\nMariaDB> SELECT DATE_ADD(\'1900-01-01 00:00:00\',\n    ->                 INTERVAL \'-1 10\' DAY_HOUR);\n        -> \'1899-12-30 14:00:00\'\nMariaDB> SELECT DATE_SUB(\'1998-01-02\', INTERVAL 31 DAY);\n        -> \'1997-12-02\'\nMariaDB> SELECT DATE_ADD(\'1992-12-31 23:59:59.000002\',\n    ->            INTERVAL \'1.999999\' SECOND_MICROSECOND);\n        -> \'1993-01-01 00:00:01.000001\'\n','https://mariadb.com/kb/en/date_add/'),(377,'CAST',37,'Syntax:\nCAST(expr AS type)\n\nThe CAST() function takes an expression of any type and produces a\nresult value of a specified type, similar to CONVERT(). See the\ndescription of CONVERT() for more information.\n\nURL: https://mariadb.com/kb/en/cast/\n\n','','https://mariadb.com/kb/en/cast/'),(378,'SOUNDS LIKE',37,'Syntax:\nexpr1 SOUNDS LIKE expr2\n\nThis is the same as SOUNDEX(expr1) = SOUNDEX(expr2).\n\nURL: https://mariadb.com/kb/en/sounds-like/\n\n','','https://mariadb.com/kb/en/sounds-like/'),(379,'PERIOD_DIFF',31,'Syntax:\nPERIOD_DIFF(P1,P2)\n\nReturns the number of months between periods P1 and P2. P1 and P2\nshould be in the format YYMM or YYYYMM. Note that the period arguments\nP1 and P2 are not date values.\n\nURL: https://mariadb.com/kb/en/period_diff/\n\n','MariaDB> SELECT PERIOD_DIFF(200802,200703);\n        -> 11\n','https://mariadb.com/kb/en/period_diff/'),(380,'LIKE',37,'Syntax:\nexpr LIKE pat [ESCAPE \'escape_char\']\n\nPattern matching using SQL simple regular expression comparison.\nReturns 1 (TRUE) or 0 (FALSE). If either expr or pat is NULL, the\nresult is NULL.\n\nThe pattern need not be a literal string. For example, it can be\nspecified as a string expression or table column.\n\nURL: https://mariadb.com/kb/en/like/\n\n','MariaDB> SELECT \'David!\' LIKE \'David_\';\n        -> 1\nMariaDB> SELECT \'David!\' LIKE \'%D%v%\';\n        -> 1\n','https://mariadb.com/kb/en/like/'),(381,'MULTIPOINT',24,'MultiPoint(pt1,pt2,...)\n\nConstructs a MultiPoint value using Point or WKB Point arguments.\n\nURL: https://mariadb.com/kb/en/multipoint/\n\n','','https://mariadb.com/kb/en/multipoint/'),(382,'>>',19,'Syntax:\n>>\n\nShifts a longlong (BIGINT) number to the right.\n\nURL: https://mariadb.com/kb/en/shift-right/\n\n','MariaDB> SELECT 4 >> 2;\n        -> 1\n','https://mariadb.com/kb/en/shift-right/'),(383,'FETCH',23,'Syntax:\nFETCH [[NEXT] FROM] cursor_name INTO var_name [, var_name] ...\n\nThis statement fetches the next row for the SELECT statement associated\nwith the specified cursor (which must be open), and advances the cursor\npointer. If a row exists, the fetched columns are stored in the named\nvariables. The number of columns retrieved by the SELECT statement must\nmatch the number of output variables specified in the FETCH statement.\n\nIf no more rows are available, a No Data condition occurs with SQLSTATE\nvalue \'02000\'. To detect this condition, you can set up a handler for\nit (or for a NOT FOUND condition). For an example, see\nhttps://mariadb.com/kb/en/cursor-overview/.\n\nURL: https://mariadb.com/kb/en/fetch/\n\n','','https://mariadb.com/kb/en/fetch/'),(384,'AVG',16,'Syntax:\nAVG([DISTINCT] expr)\n\nReturns the average value of expr. The DISTINCT option can be used to\nreturn the average of the distinct values of expr.\n\nAVG() returns NULL if there were no matching rows.\n\nURL: https://mariadb.com/kb/en/avg/\n\n','MariaDB> SELECT student_name, AVG(test_score)\n    ->        FROM student\n    ->        GROUP BY student_name;\n','https://mariadb.com/kb/en/avg/'),(385,'TRUE FALSE',29,'The constants TRUE and FALSE evaluate to 1 and 0, respectively. The\nconstant names can be written in any lettercase.\n\nMariaDB> SELECT TRUE, true, FALSE, false;\n        -> 1, 1, 0, 0\n\nURL: https://mariadb.com/kb/en/true-false/\n\n','','https://mariadb.com/kb/en/true-false/'),(386,'MBRWITHIN',6,'MBRWithin(g1,g2)\n\nReturns 1 or 0 to indicate whether the Minimum Bounding Rectangle of g1\nis within the Minimum Bounding Rectangle of g2. This tests the opposite\nrelationship as MBRContains().\n\nURL: https://mariadb.com/kb/en/mbrwithin/\n\n','MariaDB> SET @g1 = GeomFromText(\'Polygon((0 0,0 3,3 3,3 0,0 0))\');\nMariaDB> SET @g2 = GeomFromText(\'Polygon((0 0,0 5,5 5,5 0,0 0))\');\nMariaDB> SELECT MBRWithin(@g1,@g2), MBRWithin(@g2,@g1);\n+--------------------+--------------------+\n| MBRWithin(@g1,@g2) | MBRWithin(@g2,@g1) |\n+--------------------+--------------------+\n|                  1 |                  0 |\n+--------------------+--------------------+\n','https://mariadb.com/kb/en/mbrwithin/'),(387,'SESSION_USER',17,'Syntax:\nSESSION_USER()\n\nSESSION_USER() is a synonym for USER().\n\nURL: https://mariadb.com/kb/en/session_user/\n\n','','https://mariadb.com/kb/en/session_user/'),(388,'IN',18,'Syntax:\nexpr IN (value,...)\n\nReturns 1 if expr is equal to any of the values in the IN list, else\nreturns 0. If all values are constants, they are evaluated according to\nthe type of expr and sorted. The search for the item then is done using\na binary search. This means IN is very quick if the IN value list\nconsists entirely of constants. Otherwise, type conversion takes place\naccording to the rules described in\nhttps://mariadb.com/kb/en/type-conversion/, but\napplied to all the arguments.\n\nURL: https://mariadb.com/kb/en/in/\n\n','MariaDB> SELECT 2 IN (0,3,5,7);\n        -> 0\nMariaDB> SELECT \'wefwf\' IN (\'wee\',\'wefwf\',\'weg\');\n        -> 1\n','https://mariadb.com/kb/en/in/'),(389,'QUOTE',37,'Syntax:\nQUOTE(str)\n\nQuotes a string to produce a result that can be used as a properly\nescaped data value in an SQL statement. The string is returned enclosed\nby single quotation marks and with each instance of backslash (\"\\\"),\nsingle quote (\"\'\"), ASCII NUL, and Control+Z preceded by a backslash.\nIf the argument is NULL, the return value is the word \"NULL\" without\nenclosing single quotation marks.\n\nURL: https://mariadb.com/kb/en/quote/\n\n','MariaDB> SELECT QUOTE(\'Don\\\'t!\');\n        -> \'Don\\\'t!\'\nMariaDB> SELECT QUOTE(NULL);\n        -> NULL\n','https://mariadb.com/kb/en/quote/'),(390,'HELP COMMAND',26,'Syntax:\nMariaDB> help search_string\n\nIf you provide an argument to the help command, mysql uses it as a\nsearch string to access server-side help from the contents of the MySQL\nReference Manual. The proper operation of this command requires that\nthe help tables in the mysql database be initialized with help topic\ninformation .\n\nIf there is no match for the search string, the search fails:\n\nMariaDB> help me\n\nNothing found\nPlease try to run \'help contents\' for a list of all accessible topics\n\nUse help contents to see a list of the help categories:\n\nMariaDB> help contents\nYou asked for help about help category: \"Contents\"\nFor more information, type \'help <item>\', where <item> is one of the\nfollowing categories:\n   Account Management\n   Administration\n   Data Definition\n   Data Manipulation\n   Data Types\n   Functions\n   Functions and Modifiers for Use with GROUP BY\n   Geographic Features\n   Language Structure\n   Plugins\n   Storage Engines\n   Stored Routines\n   Table Maintenance\n   Transactions\n   Triggers\n\nIf the search string matches multiple items, mysql shows a list of\nmatching topics:\n\nMariaDB> help logs\nMany help items for your request exist.\nTo make a more specific request, please type \'help <item>\',\nwhere <item> is one of the following topics:\n   SHOW\n   SHOW BINARY LOGS\n   SHOW ENGINE\n   SHOW LOGS\n\nUse a topic as the search string to see the help entry for that topic:\n\nMariaDB> help show binary logs\nName: \'SHOW BINARY LOGS\'\nDescription:\nSyntax:\nSHOW BINARY LOGS\nSHOW MASTER LOGS\n\nLists the binary log files on the server. This statement is used as\npart of the procedure described in [purge-binary-logs], that shows how\nto determine which logs can be purged.\n\nMariaDB> SHOW BINARY LOGS;\n+---------------+-----------+\n| Log_name      | File_size |\n+---------------+-----------+\n| binlog.000015 |    724935 |\n| binlog.000016 |    733481 |\n+---------------+-----------+\n\nURL: https://mariadb.com/kb/en/help-command/\n\n','','https://mariadb.com/kb/en/help-command/'),(391,'QUARTER',31,'Syntax:\nQUARTER(date)\n\nReturns the quarter of the year for date, in the range 1 to 4.\n\nURL: https://mariadb.com/kb/en/quarter/\n\n','MariaDB> SELECT QUARTER(\'2008-04-01\');\n        -> 2\n','https://mariadb.com/kb/en/quarter/'),(392,'POSITION',37,'Syntax:\nPOSITION(substr IN str)\n\nPOSITION(substr IN str) is a synonym for LOCATE(substr,str).\n\nURL: https://mariadb.com/kb/en/position/\n\n','','https://mariadb.com/kb/en/position/'),(393,'SHOW CREATE FUNCTION',26,'Syntax:\nSHOW CREATE FUNCTION func_name\n\nThis statement is similar to SHOW CREATE PROCEDURE but for stored\nfunctions. See [HELP SHOW CREATE PROCEDURE].\n\nURL: https://mariadb.com/kb/en/show-create-function/\n\n','','https://mariadb.com/kb/en/show-create-function/'),(394,'IS_USED_LOCK',14,'Syntax:\nIS_USED_LOCK(str)\n\nChecks whether the lock named str is in use (that is, locked). If so,\nit returns the connection identifier of the client that holds the lock.\nOtherwise, it returns NULL.\n\nURL: https://mariadb.com/kb/en/is_used_lock/\n\n','','https://mariadb.com/kb/en/is_used_lock/'),(395,'POLYFROMTEXT',3,'PolyFromText(wkt[,srid]), PolygonFromText(wkt[,srid])\n\nConstructs a POLYGON value using its WKT representation and SRID.\n\nURL: https://mariadb.com/kb/en/polyfromtext/\n\n','','https://mariadb.com/kb/en/polyfromtext/'),(396,'DES_ENCRYPT',12,'Syntax:\nDES_ENCRYPT(str[,{key_num|key_str}])\n\nEncrypts the string with the given key using the Triple-DES algorithm.\n\nThis function works only if MySQL has been configured with SSL support.\nSee https://mariadb.com/kb/en/ssl-connections/.\n\nThe encryption key to use is chosen based on the second argument to\nDES_ENCRYPT(), if one was given. With no argument, the first key from\nthe DES key file is used. With a key_num argument, the given key number\n(0 to 9) from the DES key file is used. With a key_str argument, the\ngiven key string is used to encrypt str.\n\nThe key file can be specified with the --des-key-file server option.\n\nThe return string is a binary string where the first character is\nCHAR(128 | key_num). If an error occurs, DES_ENCRYPT() returns NULL.\n\nThe 128 is added to make it easier to recognize an encrypted key. If\nyou use a string key, key_num is 127.\n\nThe string length for the result is given by this formula:\n\nnew_len = orig_len + (8 - (orig_len % 8)) + 1\n\nEach line in the DES key file has the following format:\n\nkey_num des_key_str\n\nEach key_num value must be a number in the range from 0 to 9. Lines in\nthe file may be in any order. des_key_str is the string that is used to\nencrypt the message. There should be at least one space between the\nnumber and the key. The first key is the default key that is used if\nyou do not specify any key argument to DES_ENCRYPT().\n\nYou can tell MySQL to read new key values from the key file with the\nFLUSH DES_KEY_FILE statement. This requires the RELOAD privilege.\n\nOne benefit of having a set of default keys is that it gives\napplications a way to check for the existence of encrypted column\nvalues, without giving the end user the right to decrypt those values.\n\nURL: https://mariadb.com/kb/en/des_encrypt/\n\n','MariaDB> SELECT customer_address FROM customer_table \n     > WHERE crypted_credit_card = DES_ENCRYPT(\'credit_card_number\');\n','https://mariadb.com/kb/en/des_encrypt/'),(397,'CEIL',4,'Syntax:\nCEIL(X)\n\nCEIL() is a synonym for CEILING().\n\nURL: https://mariadb.com/kb/en/ceil/\n\n','','https://mariadb.com/kb/en/ceil/'),(398,'LENGTH',37,'Syntax:\nLENGTH(str)\n\nReturns the length of the string str, measured in bytes. A multi-byte\ncharacter counts as multiple bytes. This means that for a string\ncontaining five 2-byte characters, LENGTH() returns 10, whereas\nCHAR_LENGTH() returns 5.\n\nURL: https://mariadb.com/kb/en/length/\n\n','MariaDB> SELECT LENGTH(\'text\');\n        -> 4\n','https://mariadb.com/kb/en/length/'),(399,'STR_TO_DATE',31,'Syntax:\nSTR_TO_DATE(str,format)\n\nThis is the inverse of the DATE_FORMAT() function. It takes a string\nstr and a format string format. STR_TO_DATE() returns a DATETIME value\nif the format string contains both date and time parts, or a DATE or\nTIME value if the string contains only date or time parts. If the date,\ntime, or datetime value extracted from str is illegal, STR_TO_DATE()\nreturns NULL and produces a warning.\n\nThe server scans str attempting to match format to it. The format\nstring can contain literal characters and format specifiers beginning\nwith %. Literal characters in format must match literally in str.\nFormat specifiers in format must match a date or time part in str. For\nthe specifiers that can be used in format, see the DATE_FORMAT()\nfunction description.\n\nMariaDB> SELECT STR_TO_DATE(\'01,5,2013\',\'%d,%m,%Y\');\n        -> \'2013-05-01\'\nMariaDB> SELECT STR_TO_DATE(\'May 1, 2013\',\'%M %d,%Y\');\n        -> \'2013-05-01\'\n\nScanning starts at the beginning of str and fails if format is found\nnot to match. Extra characters at the end of str are ignored.\n\nMariaDB> SELECT STR_TO_DATE(\'a09:30:17\',\'a%h:%i:%s\');\n        -> \'09:30:17\'\nMariaDB> SELECT STR_TO_DATE(\'a09:30:17\',\'%h:%i:%s\');\n        -> NULL\nMariaDB> SELECT STR_TO_DATE(\'09:30:17a\',\'%h:%i:%s\');\n        -> \'09:30:17\'\n\nUnspecified date or time parts have a value of 0, so incompletely\nspecified values in str produce a result with some or all parts set to\n0:\n\nMariaDB> SELECT STR_TO_DATE(\'abc\',\'abc\');\n        -> \'0000-00-00\'\nMariaDB> SELECT STR_TO_DATE(\'9\',\'%m\');\n        -> \'0000-09-00\'\nMariaDB> SELECT STR_TO_DATE(\'9\',\'%s\');\n        -> \'00:00:09\'\n\nURL: https://mariadb.com/kb/en/str_to_date/\n\n','','https://mariadb.com/kb/en/str_to_date/'),(400,'Y',11,'Y(p)\n\nReturns the Y-coordinate value for the Point object p as a\ndouble-precision number.\n\nURL: https://mariadb.com/kb/en/y/\n\n','MariaDB> SELECT Y(POINT(56.7, 53.34));\n+-----------------------+\n| Y(POINT(56.7, 53.34)) |\n+-----------------------+\n|                 53.34 |\n+-----------------------+\n','https://mariadb.com/kb/en/y/'),(401,'CHECKSUM TABLE',20,'Syntax:\nCHECKSUM TABLE tbl_name [, tbl_name] ... [ QUICK | EXTENDED ]\n\nCHECKSUM TABLE reports a table checksum. This statement requires the\nSELECT privilege for the table.\n\nWith QUICK, the live table checksum is reported if it is available, or\nNULL otherwise. This is very fast. A live checksum is enabled by\nspecifying the CHECKSUM=1 table option when you create the table;\ncurrently, this is supported only for MyISAM tables. See [HELP CREATE\nTABLE].\n\nWith EXTENDED, the entire table is read row by row and the checksum is\ncalculated. This can be very slow for large tables.\n\nIf neither QUICK nor EXTENDED is specified, MySQL returns a live\nchecksum if the table storage engine supports it and scans the table\notherwise.\n\nFor a nonexistent table, CHECKSUM TABLE returns NULL and generates a\nwarning.\n\nIn MySQL 5.5, CHECKSUM TABLE returns 0 for partitioned tables unless\nyou include the EXTENDED option. This issue is resolved in MySQL 5.6.\n(Bug #11933226, Bug #60681)\n\nThe checksum value depends on the table row format. If the row format\nchanges, the checksum also changes. For example, the storage format for\nVARCHAR changed between MySQL 4.1 and 5.0, so if a 4.1 table is\nupgraded to MySQL 5.0, the checksum value may change.\n\nURL: https://mariadb.com/kb/en/checksum-table/\n\n','','https://mariadb.com/kb/en/checksum-table/'),(402,'NUMINTERIORRINGS',2,'NumInteriorRings(poly)\n\nReturns the number of interior rings in the Polygon value poly.\n\nURL: https://mariadb.com/kb/en/numinteriorrings/\n\n','MariaDB> SET @poly =\n    -> \'Polygon((0 0,0 3,3 3,3 0,0 0),(1 1,1 2,2 2,2 1,1 1))\';\nMariaDB> SELECT NumInteriorRings(GeomFromText(@poly));\n+---------------------------------------+\n| NumInteriorRings(GeomFromText(@poly)) |\n+---------------------------------------+\n|                                     1 |\n+---------------------------------------+\n','https://mariadb.com/kb/en/numinteriorrings/'),(403,'INTERIORRINGN',2,'InteriorRingN(poly,N)\n\nReturns the N-th interior ring for the Polygon value poly as a\nLineString. Rings are numbered beginning with 1.\n\nURL: https://mariadb.com/kb/en/interiorringn/\n\n','MariaDB> SET @poly =\n    -> \'Polygon((0 0,0 3,3 3,3 0,0 0),(1 1,1 2,2 2,2 1,1 1))\';\nMariaDB> SELECT AsText(InteriorRingN(GeomFromText(@poly),1));\n+----------------------------------------------+\n| AsText(InteriorRingN(GeomFromText(@poly),1)) |\n+----------------------------------------------+\n| LINESTRING(1 1,1 2,2 2,2 1,1 1)              |\n+----------------------------------------------+\n','https://mariadb.com/kb/en/interiorringn/'),(404,'UTC_TIME',31,'Syntax:\nUTC_TIME, UTC_TIME()\n\nReturns the current UTC time as a value in \'HH:MM:SS\' or HHMMSS.uuuuuu\nformat, depending on whether the function is used in a string or\nnumeric context.\n\nURL: https://mariadb.com/kb/en/utc_time/\n\n','MariaDB> SELECT UTC_TIME(), UTC_TIME() + 0;\n        -> \'18:07:53\', 180753.000000\n','https://mariadb.com/kb/en/utc_time/'),(405,'DROP FUNCTION',39,'The DROP FUNCTION statement is used to drop stored functions and\nuser-defined functions (UDFs):\n\no For information about dropping stored functions, see [HELP DROP\n  PROCEDURE].\n\no For information about dropping user-defined functions, see [HELP DROP\n  FUNCTION UDF].\n\nURL: https://mariadb.com/kb/en/drop-function/\n\n','','https://mariadb.com/kb/en/drop-function/'),(406,'ALTER EVENT',39,'Syntax:\nALTER\n    [DEFINER = { user | CURRENT_USER }]\n    EVENT event_name\n    [ON SCHEDULE schedule]\n    [ON COMPLETION [NOT] PRESERVE]\n    [RENAME TO new_event_name]\n    [ENABLE | DISABLE | DISABLE ON SLAVE]\n    [COMMENT \'comment\']\n    [DO event_body]\n\nThe ALTER EVENT statement changes one or more of the characteristics of\nan existing event without the need to drop and recreate it. The syntax\nfor each of the DEFINER, ON SCHEDULE, ON COMPLETION, COMMENT, ENABLE /\nDISABLE, and DO clauses is exactly the same as when used with CREATE\nEVENT. (See [HELP CREATE EVENT].)\n\nAny user can alter an event defined on a database for which that user\nhas the EVENT privilege. When a user executes a successful ALTER EVENT\nstatement, that user becomes the definer for the affected event.\n\nALTER EVENT works only with an existing event:\n\nMariaDB> ALTER EVENT no_such_event \n     >     ON SCHEDULE \n     >       EVERY \'2:3\' DAY_HOUR;\nERROR 1517 (HY000): Unknown event \'no_such_event\'\n\nURL: https://mariadb.com/kb/en/alter-event/\n\n','','https://mariadb.com/kb/en/alter-event/'),(407,'STDDEV',16,'Syntax:\nSTDDEV(expr)\n\nReturns the population standard deviation of expr. This function is\nprovided for compatibility with Oracle. The standard SQL function\nSTDDEV_POP() can be used instead.\n\nThis function returns NULL if there were no matching rows.\n\nURL: https://mariadb.com/kb/en/stddev/\n\n','','https://mariadb.com/kb/en/stddev/'),(408,'DATE_SUB',31,'Syntax:\nDATE_SUB(date,INTERVAL expr unit)\n\nSee the description for DATE_ADD().\n\nURL: https://mariadb.com/kb/en/date_sub/\n\n','','https://mariadb.com/kb/en/date_sub/'),(409,'PERIOD_ADD',31,'Syntax:\nPERIOD_ADD(P,N)\n\nAdds N months to period P (in the format YYMM or YYYYMM). Returns a\nvalue in the format YYYYMM. Note that the period argument P is not a\ndate value.\n\nURL: https://mariadb.com/kb/en/period_add/\n\n','MariaDB> SELECT PERIOD_ADD(200801,2);\n        -> 200803\n','https://mariadb.com/kb/en/period_add/'),(410,'|',19,'Syntax:\n|\n\nBitwise OR:\n\nURL: https://mariadb.com/kb/en/bitwise-or/\n\n','MariaDB> SELECT 29 | 15;\n        -> 31\n','https://mariadb.com/kb/en/bitwise-or/'),(411,'GEOMFROMTEXT',3,'GeomFromText(wkt[,srid]), GeometryFromText(wkt[,srid])\n\nConstructs a geometry value of any type using its WKT representation\nand SRID.\n\nURL: https://mariadb.com/kb/en/geomfromtext/\n\n','','https://mariadb.com/kb/en/geomfromtext/'),(412,'UUID_SHORT',14,'Syntax:\nUUID_SHORT()\n\nReturns a \"short\" universal identifier as a 64-bit unsigned integer\n(rather than a string-form 128-bit identifier as returned by the UUID()\nfunction).\n\nThe value of UUID_SHORT() is guaranteed to be unique if the following\nconditions hold:\n\no The server_id of the current host is unique among your set of master\n  and slave servers\n\no server_id is between 0 and 255\n\no You do not set back your system time for your server between mysqld\n  restarts\n\no You do not invoke UUID_SHORT() on average more than 16 million times\n  per second between mysqld restarts\n\nThe UUID_SHORT() return value is constructed this way:\n\n  (server_id & 255) << 56\n+ (server_startup_time_in_seconds << 24)\n+ incremented_variable++;\n\nURL: https://mariadb.com/kb/en/uuid_short/\n\n','MariaDB> SELECT UUID_SHORT();\n        -> 92395783831158784\n','https://mariadb.com/kb/en/uuid_short/'),(413,'RIGHT',37,'Syntax:\nRIGHT(str,len)\n\nReturns the rightmost len characters from the string str, or NULL if\nany argument is NULL.\n\nURL: https://mariadb.com/kb/en/right/\n\n','MariaDB> SELECT RIGHT(\'foobarbar\', 4);\n        -> \'rbar\'\n','https://mariadb.com/kb/en/right/'),(414,'DATEDIFF',31,'Syntax:\nDATEDIFF(expr1,expr2)\n\nDATEDIFF() returns expr1 - expr2 expressed as a value in days from one\ndate to the other. expr1 and expr2 are date or date-and-time\nexpressions. Only the date parts of the values are used in the\ncalculation.\n\nURL: https://mariadb.com/kb/en/datediff/\n\n','MariaDB> SELECT DATEDIFF(\'2007-12-31 23:59:59\',\'2007-12-30\');\n        -> 1\nMariaDB> SELECT DATEDIFF(\'2010-11-30 23:59:59\',\'2010-12-31\');\n        -> -31\n','https://mariadb.com/kb/en/datediff/'),(415,'DROP TABLESPACE',39,'Syntax:\nDROP TABLESPACE tablespace_name\n    ENGINE [=] engine_name\n\nThis statement is used with NDB cluster, which is not supported by MariaDB.\n\nURL: https://mariadb.com/kb/en/drop-tablespace/\n\n','','https://mariadb.com/kb/en/drop-tablespace/'),(416,'DROP PROCEDURE',39,'Syntax:\nDROP {PROCEDURE | FUNCTION} [IF EXISTS] sp_name\n\nThis statement is used to drop a stored procedure or function. That is,\nthe specified routine is removed from the server. You must have the\nALTER ROUTINE privilege for the routine. (If the\nautomatic_sp_privileges system variable is enabled, that privilege and\nEXECUTE are granted automatically to the routine creator when the\nroutine is created and dropped from the creator when the routine is\ndropped. See\nhttps://mariadb.com/kb/en/stored-routine-privileges/.\n)\n\nThe IF EXISTS clause is a MySQL extension. It prevents an error from\noccurring if the procedure or function does not exist. A warning is\nproduced that can be viewed with SHOW WARNINGS.\n\nURL: https://mariadb.com/kb/en/drop-procedure/\n\n','','https://mariadb.com/kb/en/drop-procedure/'),(417,'CHECK TABLE',20,'Syntax:\nCHECK TABLE tbl_name [, tbl_name] ... [option] ...\n\noption = {FOR UPGRADE | QUICK | FAST | MEDIUM | EXTENDED | CHANGED}\n\nCHECK TABLE checks a table or tables for errors. CHECK TABLE works for\nInnoDB, MyISAM, ARCHIVE, and CSV tables. For MyISAM tables, the key\nstatistics are updated as well.\n\nTo check a table, you must have some privilege for it.\n\nCHECK TABLE can also check views for problems, such as tables that are\nreferenced in the view definition that no longer exist.\n\nCHECK TABLE is supported for partitioned tables, and you can use ALTER\nTABLE ... CHECK PARTITION to check one or more partitions; for more\ninformation, see [HELP ALTER TABLE].\n\nURL: https://mariadb.com/kb/en/sql-commands-check-table/\n\n','','https://mariadb.com/kb/en/sql-commands-check-table/'),(418,'BIN',37,'Syntax:\nBIN(N)\n\nReturns a string representation of the binary value of N, where N is a\nlonglong (BIGINT) number. This is equivalent to CONV(N,10,2). Returns\nNULL if N is NULL.\n\nURL: https://mariadb.com/kb/en/bin/\n\n','MariaDB> SELECT BIN(12);\n        -> \'1100\'\n','https://mariadb.com/kb/en/bin/'),(419,'INSTALL PLUGIN',5,'Syntax:\nINSTALL PLUGIN plugin_name SONAME \'shared_library_name\'\n\nThis statement installs a server plugin. It requires the INSERT\nprivilege for the mysql.plugin table.\n\nplugin_name is the name of the plugin as defined in the plugin\ndescriptor structure contained in the library file (see\nhttp://dev.mysql.com/doc/refman/5.5/en/plugin-data-structures.html).\nPlugin names are not case sensitive. For maximal compatibility, plugin\nnames should be limited to ASCII letters, digits, and underscore\nbecause they are used in C source files, shell command lines, M4 and\nBourne shell scripts, and SQL environments.\n\nshared_library_name is the name of the shared library that contains the\nplugin code. The name includes the file name extension (for example,\nlibmyplugin.so, libmyplugin.dll, or libmyplugin.dylib).\n\nThe shared library must be located in the plugin directory (the\ndirectory named by the plugin_dir system variable). The library must be\nin the plugin directory itself, not in a subdirectory. By default,\nplugin_dir is the plugin directory under the directory named by the\npkglibdir configuration variable, but it can be changed by setting the\nvalue of plugin_dir at server startup. For example, set its value in a\nmy.cnf file:\n\n[mysqld]\nplugin_dir=/path/to/plugin/directory\n\nIf the value of plugin_dir is a relative path name, it is taken to be\nrelative to the MySQL base directory (the value of the basedir system\nvariable).\n\nINSTALL PLUGIN loads and initializes the plugin code to make the plugin\navailable for use. A plugin is initialized by executing its\ninitialization function, which handles any setup that the plugin must\nperform before it can be used. When the server shuts down, it executes\nthe deinitialization function for each plugin that is loaded so that\nthe plugin has a change to perform any final cleanup.\n\nINSTALL PLUGIN also registers the plugin by adding a line that\nindicates the plugin name and library file name to the mysql.plugin\ntable. At server startup, the server loads and initializes any plugin\nthat is listed in the mysql.plugin table. This means that a plugin is\ninstalled with INSTALL PLUGIN only once, not every time the server\nstarts. Plugin loading at startup does not occur if the server is\nstarted with the --skip-grant-tables option.\n\nA plugin library can contain multiple plugins. For each of them to be\ninstalled, use a separate INSTALL PLUGIN statement. Each statement\nnames a different plugin, but all of them specify the same library\nname.\n\nURL: https://mariadb.com/kb/en/install-plugin/\n\n','','https://mariadb.com/kb/en/install-plugin/'),(420,'DECLARE CURSOR',23,'Syntax:\nDECLARE cursor_name CURSOR FOR select_statement\n\nThis statement declares a cursor and associates it with a SELECT\nstatement that retrieves the rows to be traversed by the cursor. To\nfetch the rows later, use a FETCH statement. The number of columns\nretrieved by the SELECT statement must match the number of output\nvariables specified in the FETCH statement.\n\nThe SELECT statement cannot have an INTO clause.\n\nCursor declarations must appear before handler declarations and after\nvariable and condition declarations.\n\nA stored program may contain multiple cursor declarations, but each\ncursor declared in a given block must have a unique name. For an\nexample, see https://mariadb.com/kb/en/programmatic-and-compound-statements-cursors/.\n\nFor information available through SHOW statements, it is possible in\nmany cases to obtain equivalent information by using a cursor with an\nINFORMATION_SCHEMA table.\n\nURL: https://mariadb.com/kb/en/declare-cursor/\n\n','','https://mariadb.com/kb/en/declare-cursor/'),(421,'LOAD DATA',27,'Syntax:\nLOAD DATA [LOW_PRIORITY | CONCURRENT] [LOCAL] INFILE \'file_name\'\n    [REPLACE | IGNORE]\n    INTO TABLE tbl_name\n    [CHARACTER SET charset_name]\n    [{FIELDS | COLUMNS}\n        [TERMINATED BY \'string\']\n        [[OPTIONALLY] ENCLOSED BY \'char\']\n        [ESCAPED BY \'char\']\n    ]\n    [LINES\n        [STARTING BY \'string\']\n        [TERMINATED BY \'string\']\n    ]\n    [IGNORE number {LINES | ROWS}]\n    [(col_name_or_user_var,...)]\n    [SET col_name = expr,...]\n\nThe LOAD DATA INFILE statement reads rows from a text file into a table\nat a very high speed. The file name must be given as a literal string.\n\nLOAD DATA INFILE is the complement of SELECT ... INTO OUTFILE. (See\nhttps://mariadb.com/kb/en/select-into/.) To write data\nfrom a table to a file, use SELECT ... INTO OUTFILE. To read the file\nback into a table, use LOAD DATA INFILE. The syntax of the FIELDS and\nLINES clauses is the same for both statements. Both clauses are\noptional, but FIELDS must precede LINES if both are specified.\n\nFor more information about the efficiency of INSERT versus LOAD DATA\nINFILE and speeding up LOAD DATA INFILE, see\nhttp://dev.mysql.com/doc/refman/5.5/en/insert-speed.html.\n\nThe character set indicated by the character_set_database system\nvariable is used to interpret the information in the file. SET NAMES\nand the setting of character_set_client do not affect interpretation of\ninput. If the contents of the input file use a character set that\ndiffers from the default, it is usually preferable to specify the\ncharacter set of the file by using the CHARACTER SET clause. A\ncharacter set of binary specifies \"no conversion.\"\n\nLOAD DATA INFILE interprets all fields in the file as having the same\ncharacter set, regardless of the data types of the columns into which\nfield values are loaded. For proper interpretation of file contents,\nyou must ensure that it was written with the correct character set. For\nexample, if you write a data file with mysqldump -T or by issuing a\nSELECT ... INTO OUTFILE statement in mysql, be sure to use a\n--default-character-set option with mysqldump or mysql so that output\nis written in the character set to be used when the file is loaded with\nLOAD DATA INFILE.\n\n*Note*: It is not possible to load data files that use the ucs2, utf16,\nor utf32 character set.\n\nThe character_set_filesystem system variable controls the\ninterpretation of the file name.\n\nYou can also load data files by using the mysqlimport utility; it\noperates by sending a LOAD DATA INFILE statement to the server. The\n--local option causes mysqlimport to read data files from the client\nhost. You can specify the --compress option to get better performance\nover slow networks if the client and server support the compressed\nprotocol. See https://mariadb.com/kb/en/mysqlimport/.\n\nIf you use LOW_PRIORITY, execution of the LOAD DATA statement is\ndelayed until no other clients are reading from the table. This affects\nonly storage engines that use only table-level locking (such as MyISAM,\nMEMORY, and MERGE).\n\nIf you specify CONCURRENT with a MyISAM table that satisfies the\ncondition for concurrent inserts (that is, it contains no free blocks\nin the middle), other threads can retrieve data from the table while\nLOAD DATA is executing. Using this option affects the performance of\nLOAD DATA a bit, even if no other thread is using the table at the same\ntime.\n\nPrior to MySQL 5.5.1, CONCURRENT was not replicated when using\nstatement-based replication (see Bug #34628). However, it is replicated\nwhen using row-based replication, regardless of the version. See\nhttp://dev.mysql.com/doc/refman/5.5/en/replication-features-load-data.h\ntml, for more information.\n\nThe LOCAL keyword, if specified, is interpreted with respect to the\nclient end of the connection:\n\no If LOCAL is specified, the file is read by the client program on the\n  client host and sent to the server. The file can be given as a full\n  path name to specify its exact location. If given as a relative path\n  name, the name is interpreted relative to the directory in which the\n  client program was started.\n\n  When using LOCAL with LOAD DATA, a copy of the file is created in the\n  server\'s temporary directory. This is not the directory determined by\n  the value of tmpdir or slave_load_tmpdir, but rather the operating\n  system\'s temporary directory, and is not configurable in the MySQL\n  Server. (Typically the system temporary directory is /tmp on Linux\n  systems and C:\\WINDOWS\\TEMP on Windows.) Lack of sufficient space for\n  the copy in this directory can cause the LOAD DATA LOCAL statement to\n  fail.\n\no If LOCAL is not specified, the file must be located on the server\n  host and is read directly by the server. The server uses the\n  following rules to locate the file:\n\n  o If the file name is an absolute path name, the server uses it as\n    given.\n\n  o If the file name is a relative path name with one or more leading\n    components, the server searches for the file relative to the\n    server\'s data directory.\n\n  o If a file name with no leading components is given, the server\n    looks for the file in the database directory of the default\n    database.\n\nNote that, in the non-LOCAL case, these rules mean that a file named as\n./myfile.txt is read from the server\'s data directory, whereas the file\nnamed as myfile.txt is read from the database directory of the default\ndatabase. For example, if db1 is the default database, the following\nLOAD DATA statement reads the file data.txt from the database directory\nfor db1, even though the statement explicitly loads the file into a\ntable in the db2 database:\n\nLOAD DATA INFILE \'data.txt\' INTO TABLE db2.my_table;\n\nWindows path names are specified using forward slashes rather than\nbackslashes. If you do use backslashes, you must double them.\n\nFor security reasons, when reading text files located on the server,\nthe files must either reside in the database directory or be readable\nby all. Also, to use LOAD DATA INFILE on server files, you must have\nthe FILE privilege. See\nhttps://mariadb.com/kb/en/grant/. For\nnon-LOCAL load operations, if the secure_file_priv system variable is\nset to a nonempty directory name, the file to be loaded must be located\nin that directory.\n\nURL: https://mariadb.com/kb/en/load-data-infile/\n\n','','https://mariadb.com/kb/en/load-data-infile/'),(422,'MULTILINESTRING',24,'MultiLineString(ls1,ls2,...)\n\nConstructs a MultiLineString value using LineString or WKB LineString\narguments.\n\nURL: https://mariadb.com/kb/en/multilinestring/\n\n','','https://mariadb.com/kb/en/multilinestring/'),(423,'LOCALTIME',31,'Syntax:\nLOCALTIME, LOCALTIME()\n\nLOCALTIME and LOCALTIME() are synonyms for NOW().\n\nURL: https://mariadb.com/kb/en/localtime/\n\n','','https://mariadb.com/kb/en/localtime/'),(424,'SHOW RELAYLOG EVENTS',26,'Syntax:\nSHOW RELAYLOG EVENTS\n   [IN \'log_name\'] [FROM pos] [LIMIT [offset,] row_count]\n\nShows the events in the relay log of a replication slave. If you do not\nspecify \'log_name\', the first relay log is displayed. This statement\nhas no effect on the master.\n\nURL: https://mariadb.com/kb/en/show-relaylog-events/\n\n','','https://mariadb.com/kb/en/show-relaylog-events/'),(425,'MPOINTFROMTEXT',3,'MPointFromText(wkt[,srid]), MultiPointFromText(wkt[,srid])\n\nConstructs a MULTIPOINT value using its WKT representation and SRID.\n\nURL: https://mariadb.com/kb/en/mpointfromtext/\n\n','','https://mariadb.com/kb/en/mpointfromtext/'),(426,'BLOB',22,'BLOB[(M)]\n\nA BLOB column with a maximum length of 65,535 (216 - 1) bytes. Each\nBLOB value is stored using a 2-byte length prefix that indicates the\nnumber of bytes in the value.\n\nAn optional length M can be given for this type. If this is done, MySQL\ncreates the column as the smallest BLOB type large enough to hold\nvalues M bytes long.\n\nURL: https://mariadb.com/kb/en/blob/\n\n','','https://mariadb.com/kb/en/blob/'),(427,'SHA1',12,'Syntax:\nSHA1(str), SHA(str)\n\nCalculates an SHA-1 160-bit checksum for the string, as described in\nRFC 3174 (Secure Hash Algorithm). The value is returned as a string of\n40 hex digits, or NULL if the argument was NULL. One of the possible\nuses for this function is as a hash key. See the notes at the beginning\nof this section about storing hash values efficiently. You can also use\nSHA1() as a cryptographic function for storing passwords. SHA() is\nsynonymous with SHA1().\n\nAs of MySQL 5.5.3, the return value is a nonbinary string in the\nconnection character set. Before 5.5.3, the return value is a binary\nstring; see the notes at the beginning of this section about using the\nvalue as a nonbinary string.\n\nURL: https://mariadb.com/kb/en/sha1/\n\n','MariaDB> SELECT SHA1(\'abc\');\n        -> \'a9993e364706816aba3e25717850c26c9cd0d89d\'\n','https://mariadb.com/kb/en/sha1/'),(428,'SUBSTR',37,'Syntax:\nSUBSTR(str,pos), SUBSTR(str FROM pos), SUBSTR(str,pos,len), SUBSTR(str\nFROM pos FOR len)\n\nSUBSTR() is a synonym for SUBSTRING().\n\nURL: https://mariadb.com/kb/en/substr/\n\n','','https://mariadb.com/kb/en/substr/'),(429,'PASSWORD',12,'Syntax:\nPASSWORD(str)\n\nCalculates and returns a hashed password string from the plaintext\npassword str and returns a nonbinary string in the connection character\nset (a binary string before MySQL 5.5.3), or NULL if the argument is\nNULL. This function is the SQL interface to the algorithm used by the\nserver to encrypt MySQL passwords for storage in the mysql.user grant\ntable.\n\nThe password hashing method used by PASSWORD() depends on the value of\nthe old_passwords system variable:\n\nURL: https://mariadb.com/kb/en/password/\n\n','MariaDB> SET old_passwords = 0;\nMariaDB> SELECT PASSWORD(\'mypass\');\n+-------------------------------------------+\n| PASSWORD(\'mypass\')                        |\n+-------------------------------------------+\n| *6C8989366EAF75BB670AD8EA7A7FC1176A95CEF4 |\n+-------------------------------------------+\n\nMariaDB> SET old_passwords = 1;\nMariaDB> SELECT PASSWORD(\'mypass\');\n+--------------------+\n| PASSWORD(\'mypass\') |\n+--------------------+\n| 6f8c114b58f2ce9e   |\n+--------------------+\n','https://mariadb.com/kb/en/password/'),(430,'CHAR',22,'[NATIONAL] CHAR[(M)] [CHARACTER SET charset_name] [COLLATE\ncollation_name]\n\nA fixed-length string that is always right-padded with spaces to the\nspecified length when stored. M represents the column length in\ncharacters. The range of M is 0 to 255. If M is omitted, the length is\n1.\n\n*Note*: Trailing spaces are removed when CHAR values are retrieved\nunless the PAD_CHAR_TO_FULL_LENGTH SQL mode is enabled.\n\nURL: https://mariadb.com/kb/en/char/\n\n','','https://mariadb.com/kb/en/char/'),(431,'UTC_DATE',31,'Syntax:\nUTC_DATE, UTC_DATE()\n\nReturns the current UTC date as a value in \'YYYY-MM-DD\' or YYYYMMDD\nformat, depending on whether the function is used in a string or\nnumeric context.\n\nURL: https://mariadb.com/kb/en/utc_date/\n\n','MariaDB> SELECT UTC_DATE(), UTC_DATE() + 0;\n        -> \'2003-08-14\', 20030814\n','https://mariadb.com/kb/en/utc_date/'),(432,'DIMENSION',36,'Dimension(g)\n\nReturns the inherent dimension of the geometry value g. The result can\nbe -1, 0, 1, or 2. The meaning of these values is given in\nhttps://mariadb.com/kb/en/dimension/.\n\nURL: https://mariadb.com/kb/en/dimension/\n\n','MariaDB> SELECT Dimension(GeomFromText(\'LineString(1 1,2 2)\'));\n+------------------------------------------------+\n| Dimension(GeomFromText(\'LineString(1 1,2 2)\')) |\n+------------------------------------------------+\n|                                              1 |\n+------------------------------------------------+\n','https://mariadb.com/kb/en/dimension/'),(433,'COUNT DISTINCT',16,'Syntax:\nCOUNT(DISTINCT expr,[expr...])\n\nReturns a count of the number of rows with different non-NULL expr\nvalues.\n\nCOUNT(DISTINCT) returns 0 if there were no matching rows.\n\nURL: https://mariadb.com/kb/en/count-distinct/\n\n','MariaDB> SELECT COUNT(DISTINCT results) FROM student;\n','https://mariadb.com/kb/en/count-distinct/'),(434,'BIT',22,'BIT[(M)]\n\nA bit-field type. M indicates the number of bits per value, from 1 to\n64. The default is 1 if M is omitted.\n\nURL: https://mariadb.com/kb/en/bit/\n\n','','https://mariadb.com/kb/en/bit/'),(435,'EQUALS',30,'Equals(g1,g2)\n\nReturns 1 or 0 to indicate whether g1 is spatially equal to g2.\n\nURL: https://mariadb.com/kb/en/equals/\n\n','','https://mariadb.com/kb/en/equals/'),(436,'SHOW CREATE VIEW',26,'Syntax:\nSHOW CREATE VIEW view_name\n\nThis statement shows a CREATE VIEW statement that creates the given\nview.\n\nURL: https://mariadb.com/kb/en/show-create-view/\n\n','','https://mariadb.com/kb/en/show-create-view/'),(437,'INTERVAL',18,'Syntax:\nINTERVAL(N,N1,N2,N3,...)\n\nReturns 0 if N < N1, 1 if N < N2 and so on or -1 if N is NULL. All\narguments are treated as integers. It is required that N1 < N2 < N3 <\n... < Nn for this function to work correctly. This is because a binary\nsearch is used (very fast).\n\nURL: https://mariadb.com/kb/en/interval/\n\n','MariaDB> SELECT INTERVAL(23, 1, 15, 17, 30, 44, 200);\n        -> 3\nMariaDB> SELECT INTERVAL(10, 1, 10, 100, 1000);\n        -> 2\nMariaDB> SELECT INTERVAL(22, 23, 30, 44, 200);\n        -> 0\n','https://mariadb.com/kb/en/interval/'),(438,'FROM_DAYS',31,'Syntax:\nFROM_DAYS(N)\n\nGiven a day number N, returns a DATE value.\n\nURL: https://mariadb.com/kb/en/from_days/\n\n','MariaDB> SELECT FROM_DAYS(730669);\n        -> \'2007-07-03\'\n','https://mariadb.com/kb/en/from_days/'),(439,'ALTER PROCEDURE',39,'Syntax:\nALTER PROCEDURE proc_name [characteristic ...]\n\ncharacteristic:\n    COMMENT \'string\'\n  | LANGUAGE SQL\n  | { CONTAINS SQL | NO SQL | READS SQL DATA | MODIFIES SQL DATA }\n  | SQL SECURITY { DEFINER | INVOKER }\n\nThis statement can be used to change the characteristics of a stored\nprocedure. More than one change may be specified in an ALTER PROCEDURE\nstatement. However, you cannot change the parameters or body of a\nstored procedure using this statement; to make such changes, you must\ndrop and re-create the procedure using DROP PROCEDURE and CREATE\nPROCEDURE.\n\nYou must have the ALTER ROUTINE privilege for the procedure. By\ndefault, that privilege is granted automatically to the procedure\ncreator. This behavior can be changed by disabling the\nautomatic_sp_privileges system variable. See\nhttps://mariadb.com/kb/en/stored-routine-privileges/.\n\nURL: https://mariadb.com/kb/en/alter-procedure/\n\n','','https://mariadb.com/kb/en/alter-procedure/'),(440,'BIT_COUNT',19,'Syntax:\nBIT_COUNT(N)\n\nReturns the number of bits that are set in the argument N.\n\nURL: https://mariadb.com/kb/en/bit_count/\n\n','MariaDB> SELECT BIT_COUNT(29), BIT_COUNT(b\'101010\');\n        -> 4, 3\n','https://mariadb.com/kb/en/bit_count/'),(441,'OCTET_LENGTH',37,'Syntax:\nOCTET_LENGTH(str)\n\nOCTET_LENGTH() is a synonym for LENGTH().\n\nURL: https://mariadb.com/kb/en/octet_length/\n\n','','https://mariadb.com/kb/en/octet_length/'),(442,'UTC_TIMESTAMP',31,'Syntax:\nUTC_TIMESTAMP, UTC_TIMESTAMP()\n\nReturns the current UTC date and time as a value in \'YYYY-MM-DD\nHH:MM:SS\' or YYYYMMDDHHMMSS.uuuuuu format, depending on whether the\nfunction is used in a string or numeric context.\n\nURL: https://mariadb.com/kb/en/utc_timestamp/\n\n','MariaDB> SELECT UTC_TIMESTAMP(), UTC_TIMESTAMP() + 0;\n        -> \'2003-08-14 18:08:04\', 20030814180804.000000\n','https://mariadb.com/kb/en/utc_timestamp/'),(443,'AES_ENCRYPT',12,'Syntax:\nAES_ENCRYPT(str,key_str)\n\nAES_ENCRYPT() and AES_DECRYPT() enable encryption and decryption of\ndata using the official AES (Advanced Encryption Standard) algorithm,\npreviously known as \"Rijndael.\" Encoding with a 128-bit key length is\nused, but you can extend it up to 256 bits by modifying the source. We\nchose 128 bits because it is much faster and it is secure enough for\nmost purposes.\n\nAES_ENCRYPT() encrypts a string and returns a binary string.\nAES_DECRYPT() decrypts the encrypted string and returns the original\nstring. The input arguments may be any length. If either argument is\nNULL, the result of this function is also NULL.\n\nBecause AES is a block-level algorithm, padding is used to encode\nuneven length strings and so the result string length may be calculated\nusing this formula:\n\n16 * (trunc(string_length / 16) + 1)\n\nIf AES_DECRYPT() detects invalid data or incorrect padding, it returns\nNULL. However, it is possible for AES_DECRYPT() to return a non-NULL\nvalue (possibly garbage) if the input data or the key is invalid.\n\nYou can use the AES functions to store data in an encrypted form by\nmodifying your queries:\n\nURL: https://mariadb.com/kb/en/aes_encrypt/\n\n','INSERT INTO t VALUES (1,AES_ENCRYPT(\'text\',\'password\'));\n','https://mariadb.com/kb/en/aes_encrypt/'),(444,'+',4,'Syntax:\n+\n\nAddition:\n\nURL: https://mariadb.com/kb/en/addition-operator/\n\n','MariaDB> SELECT 3+5;\n        -> 8\n','https://mariadb.com/kb/en/addition-operator/'),(445,'INET_NTOA',14,'Syntax:\nINET_NTOA(expr)\n\nGiven a numeric IPv4 network address in network byte order, returns the\ndotted-quad representation of the address as a string. INET_NTOA()\nreturns NULL if it does not understand its argument.\n\nAs of MySQL 5.5.3, the return value is a nonbinary string in the\nconnection character set. Before 5.5.3, the return value is a binary\nstring.\n\nURL: https://mariadb.com/kb/en/inet_ntoa/\n\n','MariaDB> SELECT INET_NTOA(167773449);\n        -> \'10.0.5.9\'\n','https://mariadb.com/kb/en/inet_ntoa/'),(446,'ACOS',4,'Syntax:\nACOS(X)\n\nReturns the arc cosine of X, that is, the value whose cosine is X.\nReturns NULL if X is not in the range -1 to 1.\n\nURL: https://mariadb.com/kb/en/acos/\n\n','MariaDB> SELECT ACOS(1);\n        -> 0\nMariaDB> SELECT ACOS(1.0001);\n        -> NULL\nMariaDB> SELECT ACOS(0);\n        -> 1.5707963267949\n','https://mariadb.com/kb/en/acos/'),(447,'ISOLATION',8,'Syntax:\nSET [GLOBAL | SESSION] TRANSACTION ISOLATION LEVEL\n  {\n       REPEATABLE READ\n     | READ COMMITTED\n     | READ UNCOMMITTED\n     | SERIALIZABLE\n   }\n\nThis statement sets the transaction isolation level, used for\noperations on InnoDB tables.\n\nScope of the Isolation Level\n\nYou can set the isolation level globally, for the current session, or\nfor the next transaction:\n\no With the GLOBAL keyword, the statement sets the default transaction\n  level globally for all subsequent sessions. Existing sessions are\n  unaffected.\n\no With the SESSION keyword, the statement sets the default transaction\n  level for all subsequent transactions performed within the current\n  session.\n\no Without any SESSION or GLOBAL keyword, the statement sets the\n  isolation level for the next (not started) transaction performed\n  within the current session.\n\nA change to the global default isolation level requires the SUPER\nprivilege. Any session is free to change its session isolation level\n(even in the middle of a transaction), or the isolation level for its\nnext transaction.\n\nSET TRANSACTION ISOLATION LEVEL without GLOBAL or SESSION is not\npermitted while there is an active transaction:\n\nMariaDB> START TRANSACTION;\nQuery OK, 0 rows affected (0.02 sec)\n\nMariaDB> SET TRANSACTION ISOLATION LEVEL SERIALIZABLE;\nERROR 1568 (25001): Transaction isolation level can\'t be changed\nwhile a transaction is in progress\n\nTo set the global default isolation level at server startup, use the\n--transaction-isolation=level option to mysqld on the command line or\nin an option file. Values of level for this option use dashes rather\nthan spaces, so the permissible values are READ-UNCOMMITTED,\nREAD-COMMITTED, REPEATABLE-READ, or SERIALIZABLE. For example, to set\nthe default isolation level to REPEATABLE READ, use these lines in the\n[mysqld] section of an option file:\n\n[mysqld]\ntransaction-isolation = REPEATABLE-READ\n\nIt is possible to check or set the global and session transaction\nisolation levels at runtime by using the tx_isolation system variable:\n\nSELECT @@GLOBAL.tx_isolation, @@tx_isolation;\nSET GLOBAL tx_isolation=\'REPEATABLE-READ\';\nSET SESSION tx_isolation=\'SERIALIZABLE\';\n\nDetails and Usage of Isolation Levels\n\nInnoDB supports each of the transaction isolation levels described here\nusing different locking strategies. You can enforce a high degree of\nconsistency with the default REPEATABLE READ level, for operations on\ncrucial data where ACID compliance is important. Or you can relax the\nconsistency rules with READ COMMITTED or even READ UNCOMMITTED, in\nsituations such as bulk reporting where precise consistency and\nrepeatable results are less important than minimizing the amount of\noverhead for locking. SERIALIZABLE enforces even stricter rules than\nREPEATABLE READ, and is used mainly in specialized situations, such as\nwith XA transactions and for troubleshooting issues with concurrency\nand deadlocks.\n\nFor full information about how these isolation levels work with InnoDB\ntransactions, see\nhttp://dev.mysql.com/doc/refman/5.1/en/innodb-transaction-model.html.\nIn particular, for additional information about InnoDB record-level\nlocks and how it uses them to execute various types of statements, see\nhttp://dev.mysql.com/doc/refman/5.5/en/innodb-record-level-locks.html\nand http://dev.mysql.com/doc/refman/5.5/en/innodb-locks-set.html.\n\nThe following list describes how MySQL supports the different\ntransaction levels. The list goes from the most commonly used level to\nthe least used.\n\no REPEATABLE READ\n\n  This is the default isolation level for InnoDB. For consistent reads,\n  there is an important difference from the READ COMMITTED isolation\n  level: All consistent reads within the same transaction read the\n  snapshot established by the first read. This convention means that if\n  you issue several plain (nonlocking) SELECT statements within the\n  same transaction, these SELECT statements are consistent also with\n  respect to each other. See\n  http://dev.mysql.com/doc/refman/5.5/en/innodb-consistent-read.html.\n\n  For locking reads (SELECT with FOR UPDATE or LOCK IN SHARE MODE),\n  UPDATE, and DELETE statements, locking depends on whether the\n  statement uses a unique index with a unique search condition, or a\n  range-type search condition. For a unique index with a unique search\n  condition, InnoDB locks only the index record found, not the gap\n  before it. For other search conditions, InnoDB locks the index range\n  scanned, using gap locks or next-key (gap plus index-record) locks to\n  block insertions by other sessions into the gaps covered by the\n  range.\n\no READ COMMITTED\n\n  A somewhat Oracle-like isolation level with respect to consistent\n  (nonlocking) reads: Each consistent read, even within the same\n  transaction, sets and reads its own fresh snapshot. See\n  http://dev.mysql.com/doc/refman/5.5/en/innodb-consistent-read.html.\n\n  For locking reads (SELECT with FOR UPDATE or LOCK IN SHARE MODE),\n  InnoDB locks only index records, not the gaps before them, and thus\n  permits the free insertion of new records next to locked records. For\n  UPDATE and DELETE statements, locking depends on whether the\n  statement uses a unique index with a unique search condition (such as\n  WHERE id = 100), or a range-type search condition (such as WHERE id >\n  100). For a unique index with a unique search condition, InnoDB locks\n  only the index record found, not the gap before it. For range-type\n  searches, InnoDB locks the index range scanned, using gap locks or\n  next-key (gap plus index-record) locks to block insertions by other\n  sessions into the gaps covered by the range. This is necessary\n  because \"phantom rows\" must be blocked for MySQL replication and\n  recovery to work.\n\n  *Note*: In MySQL 5.5, if the READ COMMITTED isolation level is used\n  or the innodb_locks_unsafe_for_binlog system variable is enabled,\n  there is no InnoDB gap locking except for foreign-key constraint\n  checking and duplicate-key checking. Also, record locks for\n  nonmatching rows are released after MySQL has evaluated the WHERE\n  condition. If you use READ COMMITTED or enable\n  innodb_locks_unsafe_for_binlog, you must use row-based binary\n  logging.\n\no READ UNCOMMITTED\n\n  SELECT statements are performed in a nonlocking fashion, but a\n  possible earlier version of a row might be used. Thus, using this\n  isolation level, such reads are not consistent. This is also called a\n  \"dirty read.\" Otherwise, this isolation level works like READ\n  COMMITTED.\n\no SERIALIZABLE\n\n  This level is like REPEATABLE READ, but InnoDB implicitly converts\n  all plain SELECT statements to SELECT ... LOCK IN SHARE MODE if\n  autocommit is disabled. If autocommit is enabled, the SELECT is its\n  own transaction. It therefore is known to be read only and can be\n  serialized if performed as a consistent (nonlocking) read and need\n  not block for other transactions. (To force a plain SELECT to block\n  if other transactions have modified the selected rows, disable\n  autocommit.)\n\nURL: https://mariadb.com/kb/en/set-transaction-isolation-level/\n\n','','https://mariadb.com/kb/en/set-transaction-isolation-level/'),(448,'CEILING',4,'Syntax:\nCEILING(X)\n\nReturns the smallest integer value not less than X.\n\nURL: https://mariadb.com/kb/en/ceiling/\n\n','MariaDB> SELECT CEILING(1.23);\n        -> 2\nMariaDB> SELECT CEILING(-1.23);\n        -> -1\n','https://mariadb.com/kb/en/ceiling/'),(449,'SIN',4,'Syntax:\nSIN(X)\n\nReturns the sine of X, where X is given in radians.\n\nURL: https://mariadb.com/kb/en/sin/\n\n','MariaDB> SELECT SIN(PI());\n        -> 1.2246063538224e-16\nMariaDB> SELECT ROUND(SIN(PI()));\n        -> 0\n','https://mariadb.com/kb/en/sin/'),(450,'DAYOFWEEK',31,'Syntax:\nDAYOFWEEK(date)\n\nReturns the weekday index for date (1 = Sunday, 2 = Monday, ..., 7 =\nSaturday). These index values correspond to the ODBC standard.\n\nURL: https://mariadb.com/kb/en/dayofweek/\n\n','MariaDB> SELECT DAYOFWEEK(\'2007-02-03\');\n        -> 7\n','https://mariadb.com/kb/en/dayofweek/'),(451,'SHOW PROCESSLIST',26,'Syntax:\nSHOW [FULL] PROCESSLIST\n\nSHOW PROCESSLIST shows you which threads are running. You can also get\nthis information from the INFORMATION_SCHEMA PROCESSLIST table or the\nmysqladmin processlist command. If you have the PROCESS privilege, you\ncan see all threads. Otherwise, you can see only your own threads (that\nis, threads associated with the MySQL account that you are using). If\nyou do not use the FULL keyword, only the first 100 characters of each\nstatement are shown in the Info field.\n\nURL: https://mariadb.com/kb/en/show-processlist/\n\n','','https://mariadb.com/kb/en/show-processlist/'),(452,'LINEFROMWKB',32,'LineFromWKB(wkb[,srid]), LineStringFromWKB(wkb[,srid])\n\nConstructs a LINESTRING value using its WKB representation and SRID.\n\nURL: https://mariadb.com/kb/en/linefromwkb/\n\n','','https://mariadb.com/kb/en/linefromwkb/'),(453,'GEOMETRYTYPE',36,'GeometryType(g)\n\nReturns as a binary string the name of the geometry type of which the\ngeometry instance g is a member. The name corresponds to one of the\ninstantiable Geometry subclasses.\n\nURL: https://mariadb.com/kb/en/geometrytype/\n\n','MariaDB> SELECT GeometryType(GeomFromText(\'POINT(1 1)\'));\n+------------------------------------------+\n| GeometryType(GeomFromText(\'POINT(1 1)\')) |\n+------------------------------------------+\n| POINT                                    |\n+------------------------------------------+\n','https://mariadb.com/kb/en/geometrytype/'),(454,'CREATE VIEW',39,'Syntax:\nCREATE\n    [OR REPLACE]\n    [ALGORITHM = {UNDEFINED | MERGE | TEMPTABLE}]\n    [DEFINER = { user | CURRENT_USER }]\n    [SQL SECURITY { DEFINER | INVOKER }]\n    VIEW view_name [(column_list)]\n    AS select_statement\n    [WITH [CASCADED | LOCAL] CHECK OPTION]\n\nThe CREATE VIEW statement creates a new view, or replaces an existing\none if the OR REPLACE clause is given. If the view does not exist,\nCREATE OR REPLACE VIEW is the same as CREATE VIEW. If the view does\nexist, CREATE OR REPLACE VIEW is the same as ALTER VIEW.\n\nThe select_statement is a SELECT statement that provides the definition\nof the view. (When you select from the view, you select in effect using\nthe SELECT statement.) select_statement can select from base tables or\nother views.\n\nThe view definition is \"frozen\" at creation time, so changes to the\nunderlying tables afterward do not affect the view definition. For\nexample, if a view is defined as SELECT * on a table, new columns added\nto the table later do not become part of the view.\n\nThe ALGORITHM clause affects how MySQL processes the view. The DEFINER\nand SQL SECURITY clauses specify the security context to be used when\nchecking access privileges at view invocation time. The WITH CHECK\nOPTION clause can be given to constrain inserts or updates to rows in\ntables referenced by the view. These clauses are described later in\nthis section.\n\nThe CREATE VIEW statement requires the CREATE VIEW privilege for the\nview, and some privilege for each column selected by the SELECT\nstatement. For columns used elsewhere in the SELECT statement you must\nhave the SELECT privilege. If the OR REPLACE clause is present, you\nmust also have the DROP privilege for the view. CREATE VIEW might also\nrequire the SUPER privilege, depending on the DEFINER value, as\ndescribed later in this section.\n\nWhen a view is referenced, privilege checking occurs as described later\nin this section.\n\nA view belongs to a database. By default, a new view is created in the\ndefault database. To create the view explicitly in a given database,\nspecify the name as db_name.view_name when you create it:\n\nMariaDB> CREATE VIEW test.v AS SELECT * FROM t;\n\nWithin a database, base tables and views share the same namespace, so a\nbase table and a view cannot have the same name.\n\nColumns retrieved by the SELECT statement can be simple references to\ntable columns. They can also be expressions that use functions,\nconstant values, operators, and so forth.\n\nViews must have unique column names with no duplicates, just like base\ntables. By default, the names of the columns retrieved by the SELECT\nstatement are used for the view column names. To define explicit names\nfor the view columns, the optional column_list clause can be given as a\nlist of comma-separated identifiers. The number of names in column_list\nmust be the same as the number of columns retrieved by the SELECT\nstatement.\n\nUnqualified table or view names in the SELECT statement are interpreted\nwith respect to the default database. A view can refer to tables or\nviews in other databases by qualifying the table or view name with the\nproper database name.\n\nA view can be created from many kinds of SELECT statements. It can\nrefer to base tables or other views. It can use joins, UNION, and\nsubqueries. The SELECT need not even refer to any tables. The following\nexample defines a view that selects two columns from another table, as\nwell as an expression calculated from those columns:\n\nMariaDB> CREATE TABLE t (qty INT, price INT);\nMariaDB> INSERT INTO t VALUES(3, 50);\nMariaDB> CREATE VIEW v AS SELECT qty, price, qty*price AS value FROM t;\nMariaDB> SELECT * FROM v;\n+------+-------+-------+\n| qty  | price | value |\n+------+-------+-------+\n|    3 |    50 |   150 |\n+------+-------+-------+\n\nA view definition is subject to the following restrictions:\n\no The SELECT statement cannot contain a subquery in the FROM clause.\n\no The SELECT statement cannot refer to system or user variables.\n\no Within a stored program, the definition cannot refer to program\n  parameters or local variables.\n\no The SELECT statement cannot refer to prepared statement parameters.\n\no Any table or view referred to in the definition must exist. However,\n  after a view has been created, it is possible to drop a table or view\n  that the definition refers to. In this case, use of the view results\n  in an error. To check a view definition for problems of this kind,\n  use the CHECK TABLE statement.\n\no The definition cannot refer to a TEMPORARY table, and you cannot\n  create a TEMPORARY view.\n\no Any tables named in the view definition must exist at definition\n  time.\n\no You cannot associate a trigger with a view.\n\no Aliases for column names in the SELECT statement are checked against\n  the maximum column length of 64 characters (not the maximum alias\n  length of 256 characters).\n\nORDER BY is permitted in a view definition, but it is ignored if you\nselect from a view using a statement that has its own ORDER BY.\n\nFor other options or clauses in the definition, they are added to the\noptions or clauses of the statement that references the view, but the\neffect is undefined. For example, if a view definition includes a LIMIT\nclause, and you select from the view using a statement that has its own\nLIMIT clause, it is undefined which limit applies. This same principle\napplies to options such as ALL, DISTINCT, or SQL_SMALL_RESULT that\nfollow the SELECT keyword, and to clauses such as INTO, FOR UPDATE,\nLOCK IN SHARE MODE, and PROCEDURE.\n\nIf you create a view and then change the query processing environment\nby changing system variables, that may affect the results that you get\nfrom the view:\n\nMariaDB> CREATE VIEW v (mycol) AS SELECT \'abc\';\nQuery OK, 0 rows affected (0.01 sec)\n\nMariaDB> SET sql_mode = \'\';\nQuery OK, 0 rows affected (0.00 sec)\n\nMariaDB> SELECT \"mycol\" FROM v;\n+-------+\n| mycol |\n+-------+\n| mycol |\n+-------+\n1 row in set (0.01 sec)\n\nMariaDB> SET sql_mode = \'ANSI_QUOTES\';\nQuery OK, 0 rows affected (0.00 sec)\n\nMariaDB> SELECT \"mycol\" FROM v;\n+-------+\n| mycol |\n+-------+\n| abc   |\n+-------+\n1 row in set (0.00 sec)\n\nThe DEFINER and SQL SECURITY clauses determine which MySQL account to\nuse when checking access privileges for the view when a statement is\nexecuted that references the view. The valid SQL SECURITY\ncharacteristic values are DEFINER and INVOKER. These indicate that the\nrequired privileges must be held by the user who defined or invoked the\nview, respectively. The default SQL SECURITY value is DEFINER.\n\nIf a user value is given for the DEFINER clause, it should be a MySQL\naccount specified as \'user_name\'@\'host_name\' (the same format used in\nthe GRANT statement), CURRENT_USER, or CURRENT_USER(). The default\nDEFINER value is the user who executes the CREATE VIEW statement. This\nis the same as specifying DEFINER = CURRENT_USER explicitly.\n\nIf you specify the DEFINER clause, these rules determine the valid\nDEFINER user values:\n\no If you do not have the SUPER privilege, the only valid user value is\n  your own account, either specified literally or by using\n  CURRENT_USER. You cannot set the definer to some other account.\n\no If you have the SUPER privilege, you can specify any syntactically\n  valid account name. If the account does not actually exist, a warning\n  is generated.\n\no Although it is possible to create a view with a nonexistent DEFINER\n  account, an error occurs when the view is referenced if the SQL\n  SECURITY value is DEFINER but the definer account does not exist.\n\nFor more information about view security, see\nhttps://mariadb.com/kb/en/stored-routine-privileges/.\n\nWithin a view definition, CURRENT_USER returns the view\'s DEFINER value\nby default. For views defined with the SQL SECURITY INVOKER\ncharacteristic, CURRENT_USER returns the account for the view\'s\ninvoker. For information about user auditing within views, see\nhttp://dev.mysql.com/doc/refman/5.5/en/account-activity-auditing.html.\n\nWithin a stored routine that is defined with the SQL SECURITY DEFINER\ncharacteristic, CURRENT_USER returns the routine\'s DEFINER value. This\nalso affects a view defined within such a routine, if the view\ndefinition contains a DEFINER value of CURRENT_USER.\n\nView privileges are checked like this:\n\no At view definition time, the view creator must have the privileges\n  needed to use the top-level objects accessed by the view. For\n  example, if the view definition refers to table columns, the creator\n  must have some privilege for each column in the select list of the\n  definition, and the SELECT privilege for each column used elsewhere\n  in the definition. If the definition refers to a stored function,\n  only the privileges needed to invoke the function can be checked. The\n  privileges required at function invocation time can be checked only\n  as it executes: For different invocations, different execution paths\n  within the function might be taken.\n\no The user who references a view must have appropriate privileges to\n  access it (SELECT to select from it, INSERT to insert into it, and so\n  forth.)\n\no When a view has been referenced, privileges for objects accessed by\n  the view are checked against the privileges held by the view DEFINER\n  account or invoker, depending on whether the SQL SECURITY\n  characteristic is DEFINER or INVOKER, respectively.\n\no If reference to a view causes execution of a stored function,\n  privilege checking for statements executed within the function depend\n  on whether the function SQL SECURITY characteristic is DEFINER or\n  INVOKER. If the security characteristic is DEFINER, the function runs\n  with the privileges of the DEFINER account. If the characteristic is\n  INVOKER, the function runs with the privileges determined by the\n  view\'s SQL SECURITY characteristic.\n\nExample: A view might depend on a stored function, and that function\nmight invoke other stored routines. For example, the following view\ninvokes a stored function f():\n\nCREATE VIEW v AS SELECT * FROM t WHERE t.id = f(t.name);\n\nSuppose that f() contains a statement such as this:\n\nIF name IS NULL then\n  CALL p1();\nELSE\n  CALL p2();\nEND IF;\n\nThe privileges required for executing statements within f() need to be\nchecked when f() executes. This might mean that privileges are needed\nfor p1() or p2(), depending on the execution path within f(). Those\nprivileges must be checked at runtime, and the user who must possess\nthe privileges is determined by the SQL SECURITY values of the view v\nand the function f().\n\nThe DEFINER and SQL SECURITY clauses for views are extensions to\nstandard SQL. In standard SQL, views are handled using the rules for\nSQL SECURITY DEFINER. The standard says that the definer of the view,\nwhich is the same as the owner of the view\'s schema, gets applicable\nprivileges on the view (for example, SELECT) and may grant them. MySQL\nhas no concept of a schema \"owner\", so MySQL adds a clause to identify\nthe definer. The DEFINER clause is an extension where the intent is to\nhave what the standard has; that is, a permanent record of who defined\nthe view. This is why the default DEFINER value is the account of the\nview creator.\n\nThe optional ALGORITHM clause is a MySQL extension to standard SQL. It\naffects how MySQL processes the view. ALGORITHM takes three values:\nMERGE, TEMPTABLE, or UNDEFINED. The default algorithm is UNDEFINED if\nno ALGORITHM clause is present. For more information, see\nhttps://mariadb.com/kb/en/view-algorithms/.\n\nSome views are updatable. That is, you can use them in statements such\nas UPDATE, DELETE, or INSERT to update the contents of the underlying\ntable. For a view to be updatable, there must be a one-to-one\nrelationship between the rows in the view and the rows in the\nunderlying table. There are also certain other constructs that make a\nview nonupdatable.\n\nThe WITH CHECK OPTION clause can be given for an updatable view to\nprevent inserts or updates to rows except those for which the WHERE\nclause in the select_statement is true.\n\nIn a WITH CHECK OPTION clause for an updatable view, the LOCAL and\nCASCADED keywords determine the scope of check testing when the view is\ndefined in terms of another view. The LOCAL keyword restricts the CHECK\nOPTION only to the view being defined. CASCADED causes the checks for\nunderlying views to be evaluated as well. When neither keyword is\ngiven, the default is CASCADED.\n\nFor more information about updatable views and the WITH CHECK OPTION\nclause, see\nhttps://mariadb.com/kb/en/inserting-and-updating-with-views/.\n\nURL: https://mariadb.com/kb/en/create-view/\n\n','','https://mariadb.com/kb/en/create-view/'),(455,'TRIM',37,'Syntax:\nTRIM([{BOTH | LEADING | TRAILING} [remstr] FROM] str), TRIM([remstr\nFROM] str)\n\nReturns the string str with all remstr prefixes or suffixes removed. If\nnone of the specifiers BOTH, LEADING, or TRAILING is given, BOTH is\nassumed. remstr is optional and, if not specified, spaces are removed.\n\nURL: https://mariadb.com/kb/en/trim/\n\n','MariaDB> SELECT TRIM(\'  bar   \');\n        -> \'bar\'\nMariaDB> SELECT TRIM(LEADING \'x\' FROM \'xxxbarxxx\');\n        -> \'barxxx\'\nMariaDB> SELECT TRIM(BOTH \'x\' FROM \'xxxbarxxx\');\n        -> \'bar\'\nMariaDB> SELECT TRIM(TRAILING \'xyz\' FROM \'barxxyz\');\n        -> \'barx\'\n','https://mariadb.com/kb/en/trim/'),(456,'IS',18,'Syntax:\nIS boolean_value\n\nTests a value against a boolean value, where boolean_value can be TRUE,\nFALSE, or UNKNOWN.\n\nURL: https://mariadb.com/kb/en/is/\n\n','MariaDB> SELECT 1 IS TRUE, 0 IS FALSE, NULL IS UNKNOWN;\n        -> 1, 1, 1\n','https://mariadb.com/kb/en/is/'),(457,'GET_FORMAT',31,'Syntax:\nGET_FORMAT({DATE|TIME|DATETIME}, {\'EUR\'|\'USA\'|\'JIS\'|\'ISO\'|\'INTERNAL\'})\n\nReturns a format string. This function is useful in combination with\nthe DATE_FORMAT() and the STR_TO_DATE() functions.\n\nURL: https://mariadb.com/kb/en/get_format/\n\n','MariaDB> SELECT DATE_FORMAT(\'2003-10-03\',GET_FORMAT(DATE,\'EUR\'));\n        -> \'03.10.2003\'\nMariaDB> SELECT STR_TO_DATE(\'10.31.2003\',GET_FORMAT(DATE,\'USA\'));\n        -> \'2003-10-31\'\n','https://mariadb.com/kb/en/get_format/'),(458,'TINYBLOB',22,'TINYBLOB\n\nA BLOB column with a maximum length of 255 (28 - 1) bytes. Each\nTINYBLOB value is stored using a 1-byte length prefix that indicates\nthe number of bytes in the value.\n\nURL: https://mariadb.com/kb/en/tinyblob/\n\n','','https://mariadb.com/kb/en/tinyblob/'),(459,'SIGNAL',23,'Syntax:\nSIGNAL condition_value\n    [SET signal_information_item\n    [, signal_information_item] ...]\n\ncondition_value:\n    SQLSTATE [VALUE] sqlstate_value\n  | condition_name\n\nsignal_information_item:\n    condition_information_item_name = simple_value_specification\n\ncondition_information_item_name:\n    CLASS_ORIGIN\n  | SUBCLASS_ORIGIN\n  | MESSAGE_TEXT\n  | MYSQL_ERRNO\n  | CONSTRAINT_CATALOG\n  | CONSTRAINT_SCHEMA\n  | CONSTRAINT_NAME\n  | CATALOG_NAME\n  | SCHEMA_NAME\n  | TABLE_NAME\n  | COLUMN_NAME\n  | CURSOR_NAME\n\ncondition_name, simple_value_specification:\n    (see following discussion)\n\nSIGNAL is the way to \"return\" an error. SIGNAL provides error\ninformation to a handler, to an outer portion of the application, or to\nthe client. Also, it provides control over the error\'s characteristics\n(error number, SQLSTATE value, message). Without SIGNAL, it is\nnecessary to resort to workarounds such as deliberately referring to a\nnonexistent table to cause a routine to return an error.\n\nNo special privileges are required to execute the SIGNAL statement.\n\nThe condition_value in a SIGNAL statement indicates the error value to\nbe returned. It can be an SQLSTATE value (a 5-character string literal)\nor a condition_name that refers to a named condition previously defined\nwith DECLARE ... CONDITION (see [HELP DECLARE CONDITION]).\n\nAn SQLSTATE value can indicate errors, warnings, or \"not found.\" The\nfirst two characters of the value indicate its error class, as\ndiscussed in\nhttps://mariadb.com/kb/en/signal/#signal-condition-inf\normation-items. Some signal values cause statement termination; see\nhttps://mariadb.com/kb/en/signal/#signal-effects.\n\nThe SQLSTATE value for a SIGNAL statement should not start with \'00\'\nbecause such values indicate success and are not valid for signaling an\nerror. This is true whether the SQLSTATE value is specified directly in\nthe SIGNAL statement or in a named condition referred to in the\nstatement. If the value is invalid, a Bad SQLSTATE error occurs.\n\nTo signal a generic SQLSTATE value, use \'45000\', which means \"unhandled\nuser-defined exception.\"\n\nThe SIGNAL statement optionally includes a SET clause that contains\nmultiple signal items, in a comma-separated list of\ncondition_information_item_name = simple_value_specification\nassignments.\n\nEach condition_information_item_name may be specified only once in the\nSET clause. Otherwise, a Duplicate condition information item error\noccurs.\n\nValid simple_value_specification designators can be specified using\nstored procedure or function parameters, stored program local variables\ndeclared with DECLARE, user-defined variables, system variables, or\nliterals. A character literal may include a _charset introducer.\n\nFor information about permissible condition_information_item_name\nvalues, see\nhttps://mariadb.com/kb/en/signal/#signal-condition-inf\normation-items.\n\nURL: https://mariadb.com/kb/en/signal/\n\n','CREATE PROCEDURE p (pval INT)\nBEGIN\n  DECLARE specialty CONDITION FOR SQLSTATE \'45000\';\n  IF pval = 0 THEN\n    SIGNAL SQLSTATE \'01000\';\n  ELSEIF pval = 1 THEN\n    SIGNAL SQLSTATE \'45000\'\n      SET MESSAGE_TEXT = \'An error occurred\';\n  ELSEIF pval = 2 THEN\n    SIGNAL specialty\n      SET MESSAGE_TEXT = \'An error occurred\';\n  ELSE\n    SIGNAL SQLSTATE \'01000\'\n      SET MESSAGE_TEXT = \'A warning occurred\', MYSQL_ERRNO = 1000;\n    SIGNAL SQLSTATE \'45000\'\n      SET MESSAGE_TEXT = \'An error occurred\', MYSQL_ERRNO = 1001;\n  END IF;\nEND;\n','https://mariadb.com/kb/en/signal/'),(460,'SAVEPOINT',8,'Syntax:\nSAVEPOINT identifier\nROLLBACK [WORK] TO [SAVEPOINT] identifier\nRELEASE SAVEPOINT identifier\n\nInnoDB supports the SQL statements SAVEPOINT, ROLLBACK TO SAVEPOINT,\nRELEASE SAVEPOINT and the optional WORK keyword for ROLLBACK.\n\nURL: https://mariadb.com/kb/en/savepoint/\n\n','','https://mariadb.com/kb/en/savepoint/'),(461,'USER',17,'Syntax:\nUSER()\n\nReturns the current MySQL user name and host name as a string in the\nutf8 character set.\n\nURL: https://mariadb.com/kb/en/user/\n\n','MariaDB> SELECT USER();\n        -> \'davida@localhost\'\n','https://mariadb.com/kb/en/user/'),(462,'LABELS',23,'Syntax:\n[begin_label:] BEGIN\n    [statement_list]\nEND [end_label]\n\n[begin_label:] LOOP\n    statement_list\nEND LOOP [end_label]\n\n[begin_label:] REPEAT\n    statement_list\nUNTIL search_condition\nEND REPEAT [end_label]\n\n[begin_label:] WHILE search_condition DO\n    statement_list\nEND WHILE [end_label]\n\nLabels are permitted for BEGIN ... END blocks and for the LOOP, REPEAT,\nand WHILE statements. Label use for those statements follows these\nrules:\n\no begin_label must be followed by a colon.\n\no begin_label can be given without end_label. If end_label is present,\n  it must be the same as begin_label.\n\no end_label cannot be given without begin_label.\n\no Labels at the same nesting level must be distinct.\n\no Labels can be up to 16 characters long.\n\nTo refer to a label within the labeled construct, use an ITERATE or\nLEAVE statement. The following example uses those statements to\ncontinue iterating or terminate the loop:\n\nCREATE PROCEDURE doiterate(p1 INT)\nBEGIN\n  label1: LOOP\n    SET p1 = p1 + 1;\n    IF p1 < 10 THEN ITERATE label1; END IF;\n    LEAVE label1;\n  END LOOP label1;\nEND;\n\nThe scope of a block label does not include the code for handlers\ndeclared within the block. For details, see [HELP DECLARE HANDLER].\n\nURL: https://mariadb.com/kb/en/labels/\n\n','','https://mariadb.com/kb/en/labels/'),(463,'ALTER TABLE',39,'Syntax:\nALTER [ONLINE | OFFLINE] [IGNORE] TABLE tbl_name\n    [alter_specification [, alter_specification] ...]\n    [partition_options]\n\nalter_specification:\n    table_options\n  | ADD [COLUMN] col_name column_definition\n        [FIRST | AFTER col_name ]\n  | ADD [COLUMN] (col_name column_definition,...)\n  | ADD {INDEX|KEY} [index_name]\n        [index_type] (index_col_name,...) [index_option] ...\n  | ADD [CONSTRAINT [symbol]] PRIMARY KEY\n        [index_type] (index_col_name,...) [index_option] ...\n  | ADD [CONSTRAINT [symbol]]\n        UNIQUE [INDEX|KEY] [index_name]\n        [index_type] (index_col_name,...) [index_option] ...\n  | ADD FULLTEXT [INDEX|KEY] [index_name]\n        (index_col_name,...) [index_option] ...\n  | ADD SPATIAL [INDEX|KEY] [index_name]\n        (index_col_name,...) [index_option] ...\n  | ADD [CONSTRAINT [symbol]]\n        FOREIGN KEY [index_name] (index_col_name,...)\n        reference_definition\n  | ALTER [COLUMN] col_name {SET DEFAULT literal | DROP DEFAULT}\n  | CHANGE [COLUMN] old_col_name new_col_name column_definition\n        [FIRST|AFTER col_name]\n  | MODIFY [COLUMN] col_name column_definition\n        [FIRST | AFTER col_name]\n  | DROP [COLUMN] col_name\n  | DROP PRIMARY KEY\n  | DROP {INDEX|KEY} index_name\n  | DROP FOREIGN KEY fk_symbol\n  | MAX_ROWS = rows\n  | DISABLE KEYS\n  | ENABLE KEYS\n  | RENAME [TO|AS] new_tbl_name\n  | ORDER BY col_name [, col_name] ...\n  | CONVERT TO CHARACTER SET charset_name [COLLATE collation_name]\n  | [DEFAULT] CHARACTER SET [=] charset_name [COLLATE [=] collation_name]\n  | DISCARD TABLESPACE\n  | IMPORT TABLESPACE\n  | FORCE\n  | ADD PARTITION (partition_definition)\n  | DROP PARTITION partition_names\n  | TRUNCATE PARTITION {partition_names | ALL}\n  | COALESCE PARTITION number\n  | REORGANIZE PARTITION [partition_names INTO (partition_definitions)]\n  | ANALYZE PARTITION {partition_names | ALL}\n  | CHECK PARTITION {partition_names | ALL}\n  | OPTIMIZE PARTITION {partition_names | ALL}\n  | REBUILD PARTITION {partition_names | ALL}\n  | REPAIR PARTITION {partition_names | ALL}\n  | PARTITION BY partitioning_expression\n  | REMOVE PARTITIONING\n\nindex_col_name:\n    col_name [(length)] [ASC | DESC]\n\nindex_type:\n    USING {BTREE | HASH}\n\nindex_option:\n    KEY_BLOCK_SIZE [=] value\n  | index_type\n  | WITH PARSER parser_name\n  | COMMENT \'string\'\n\ntable_options:\n    table_option [[,] table_option] ...  (see CREATE TABLE options)\n\npartition_options:\n    (see CREATE TABLE options)\n\nALTER TABLE changes the structure of a table. For example, you can add\nor delete columns, create or destroy indexes, change the type of\nexisting columns, or rename columns or the table itself. You can also\nchange characteristics such as the storage engine used for the table or\nthe table comment.\n\nPartitioning-related clauses for ALTER TABLE can be used with\npartitioned tables for repartitioning, for adding, dropping, merging,\nand splitting partitions, and for performing partitioning maintenance.\nFor more information, see\nhttp://dev.mysql.com/doc/refman/5.5/en/alter-table-partition-operations\n.html.\n\nFollowing the table name, specify the alterations to be made. If none\nare given, ALTER TABLE does nothing.\n\nURL: https://mariadb.com/kb/en/alter-table/\n\n','','https://mariadb.com/kb/en/alter-table/'),(464,'MPOINTFROMWKB',32,'MPointFromWKB(wkb[,srid]), MultiPointFromWKB(wkb[,srid])\n\nConstructs a MULTIPOINT value using its WKB representation and SRID.\n\nURL: https://mariadb.com/kb/en/mpointfromwkb/\n\n','','https://mariadb.com/kb/en/mpointfromwkb/'),(465,'CHAR BYTE',22,'The CHAR BYTE data type is an alias for the BINARY data type. This is a\ncompatibility feature.\n\nURL: https://mariadb.com/kb/en/char-byte/\n\n','','https://mariadb.com/kb/en/char-byte/'),(466,'REPAIR TABLE',20,'Syntax:\nREPAIR [NO_WRITE_TO_BINLOG | LOCAL] TABLE\n    tbl_name [, tbl_name] ...\n    [QUICK] [EXTENDED] [USE_FRM]\n\nREPAIR TABLE repairs a possibly corrupted table. By default, it has the\nsame effect as myisamchk --recover tbl_name. REPAIR TABLE works for\nMyISAM, ARCHIVE, and CSV tables. See\nhttps://mariadb.com/kb/en/myisam-storage-engine/, and\nhttps://mariadb.com/kb/en/archive/, and\nhttps://mariadb.com/kb/en/csv/\n\nThis statement requires SELECT and INSERT privileges for the table.\n\nREPAIR TABLE is supported for partitioned tables. However, the USE_FRM\noption cannot be used with this statement on a partitioned table.\n\nYou can use ALTER TABLE ... REPAIR PARTITION to repair one or more\npartitions; for more information, see [HELP ALTER TABLE], and\nhttp://dev.mysql.com/doc/refman/5.5/en/partitioning-maintenance.html.\n\nURL: https://mariadb.com/kb/en/repair-table/\n\n','','https://mariadb.com/kb/en/repair-table/'),(467,'MERGE',39,'The MERGE storage engine, also known as the MRG_MyISAM engine, is a\ncollection of identical MyISAM tables that can be used as one.\n\"Identical\" means that all tables have identical column and index\ninformation. You cannot merge MyISAM tables in which the columns are\nlisted in a different order, do not have exactly the same columns, or\nhave the indexes in different order. However, any or all of the MyISAM\ntables can be compressed with myisampack. See\nhttps://mariadb.com/kb/en/myisampack/. Differences in\ntable options such as AVG_ROW_LENGTH, MAX_ROWS, or PACK_KEYS do not\nmatter.\n\nURL: https://mariadb.com/kb/en/merge/\n\n','MariaDB> CREATE TABLE t1 (\n    ->    a INT NOT NULL AUTO_INCREMENT PRIMARY KEY,\n    ->    message CHAR(20)) ENGINE=MyISAM;\nMariaDB> CREATE TABLE t2 (\n    ->    a INT NOT NULL AUTO_INCREMENT PRIMARY KEY,\n    ->    message CHAR(20)) ENGINE=MyISAM;\nMariaDB> INSERT INTO t1 (message) VALUES (\'Testing\'),(\'table\'),(\'t1\');\nMariaDB> INSERT INTO t2 (message) VALUES (\'Testing\'),(\'table\'),(\'t2\');\nMariaDB> CREATE TABLE total (\n    ->    a INT NOT NULL AUTO_INCREMENT,\n    ->    message CHAR(20), INDEX(a))\n    ->    ENGINE=MERGE UNION=(t1,t2) INSERT_METHOD=LAST;\n','https://mariadb.com/kb/en/merge/'),(468,'CREATE TABLE',39,'Syntax:\nCREATE [TEMPORARY] TABLE [IF NOT EXISTS] tbl_name\n    (create_definition,...)\n    [table_options]\n    [partition_options]\n\nOr:\n\nCREATE [TEMPORARY] TABLE [IF NOT EXISTS] tbl_name\n    [(create_definition,...)]\n    [table_options]\n    [partition_options]\n    select_statement\n\nOr:\n\nCREATE [TEMPORARY] TABLE [IF NOT EXISTS] tbl_name\n    { LIKE old_tbl_name | (LIKE old_tbl_name) }\n\ncreate_definition:\n    col_name column_definition\n  | [CONSTRAINT [symbol]] PRIMARY KEY [index_type] (index_col_name,...)\n      [index_option] ...\n  | {INDEX|KEY} [index_name] [index_type] (index_col_name,...)\n      [index_option] ...\n  | [CONSTRAINT [symbol]] UNIQUE [INDEX|KEY]\n      [index_name] [index_type] (index_col_name,...)\n      [index_option] ...\n  | {FULLTEXT|SPATIAL} [INDEX|KEY] [index_name] (index_col_name,...)\n      [index_option] ...\n  | [CONSTRAINT [symbol]] FOREIGN KEY\n      [index_name] (index_col_name,...) reference_definition\n  | CHECK (expr)\n\ncolumn_definition:\n    data_type [NOT NULL | NULL] [DEFAULT default_value]\n      [AUTO_INCREMENT] [UNIQUE [KEY] | [PRIMARY] KEY]\n      [COMMENT \'string\']\n      [COLUMN_FORMAT {FIXED|DYNAMIC|DEFAULT}]\n      [STORAGE {DISK|MEMORY|DEFAULT}]\n      [reference_definition]\n\ndata_type:\n    BIT[(length)]\n  | TINYINT[(length)] [UNSIGNED] [ZEROFILL]\n  | SMALLINT[(length)] [UNSIGNED] [ZEROFILL]\n  | MEDIUMINT[(length)] [UNSIGNED] [ZEROFILL]\n  | INT[(length)] [UNSIGNED] [ZEROFILL]\n  | INTEGER[(length)] [UNSIGNED] [ZEROFILL]\n  | BIGINT[(length)] [UNSIGNED] [ZEROFILL]\n  | REAL[(length,decimals)] [UNSIGNED] [ZEROFILL]\n  | DOUBLE[(length,decimals)] [UNSIGNED] [ZEROFILL]\n  | FLOAT[(length,decimals)] [UNSIGNED] [ZEROFILL]\n  | DECIMAL[(length[,decimals])] [UNSIGNED] [ZEROFILL]\n  | NUMERIC[(length[,decimals])] [UNSIGNED] [ZEROFILL]\n  | DATE\n  | TIME\n  | TIMESTAMP\n  | DATETIME\n  | YEAR\n  | CHAR[(length)]\n      [CHARACTER SET charset_name] [COLLATE collation_name]\n  | VARCHAR(length)\n      [CHARACTER SET charset_name] [COLLATE collation_name]\n  | BINARY[(length)]\n  | VARBINARY(length)\n  | TINYBLOB\n  | BLOB\n  | MEDIUMBLOB\n  | LONGBLOB\n  | TINYTEXT [BINARY]\n      [CHARACTER SET charset_name] [COLLATE collation_name]\n  | TEXT [BINARY]\n      [CHARACTER SET charset_name] [COLLATE collation_name]\n  | MEDIUMTEXT [BINARY]\n      [CHARACTER SET charset_name] [COLLATE collation_name]\n  | LONGTEXT [BINARY]\n      [CHARACTER SET charset_name] [COLLATE collation_name]\n  | ENUM(value1,value2,value3,...)\n      [CHARACTER SET charset_name] [COLLATE collation_name]\n  | SET(value1,value2,value3,...)\n      [CHARACTER SET charset_name] [COLLATE collation_name]\n  | spatial_type\n\nindex_col_name:\n    col_name [(length)] [ASC | DESC]\n\nindex_type:\n    USING {BTREE | HASH}\n\nindex_option:\n    KEY_BLOCK_SIZE [=] value\n  | index_type\n  | WITH PARSER parser_name\n  | COMMENT \'string\'\n\nreference_definition:\n    REFERENCES tbl_name (index_col_name,...)\n      [MATCH FULL | MATCH PARTIAL | MATCH SIMPLE]\n      [ON DELETE reference_option]\n      [ON UPDATE reference_option]\n\nreference_option:\n    RESTRICT | CASCADE | SET NULL | NO ACTION\n\ntable_options:\n    table_option [[,] table_option] ...\n\ntable_option:\n    ENGINE [=] engine_name\n  | AUTO_INCREMENT [=] value\n  | AVG_ROW_LENGTH [=] value\n  | [DEFAULT] CHARACTER SET [=] charset_name\n  | CHECKSUM [=] {0 | 1}\n  | [DEFAULT] COLLATE [=] collation_name\n  | COMMENT [=] \'string\'\n  | CONNECTION [=] \'connect_string\'\n  | DATA DIRECTORY [=] \'absolute path to directory\'\n  | DELAY_KEY_WRITE [=] {0 | 1}\n  | INDEX DIRECTORY [=] \'absolute path to directory\'\n  | INSERT_METHOD [=] { NO | FIRST | LAST }\n  | KEY_BLOCK_SIZE [=] value\n  | MAX_ROWS [=] value\n  | MIN_ROWS [=] value\n  | PACK_KEYS [=] {0 | 1 | DEFAULT}\n  | PASSWORD [=] \'string\'\n  | ROW_FORMAT [=] {DEFAULT|DYNAMIC|FIXED|COMPRESSED|REDUNDANT|COMPACT}\n  | TABLESPACE tablespace_name [STORAGE {DISK|MEMORY|DEFAULT}]\n  | UNION [=] (tbl_name[,tbl_name]...)\n\npartition_options:\n    PARTITION BY\n        { [LINEAR] HASH(expr)\n        | [LINEAR] KEY(column_list)\n        | RANGE{(expr) | COLUMNS(column_list)}\n        | LIST{(expr) | COLUMNS(column_list)} }\n    [PARTITIONS num]\n    [SUBPARTITION BY\n        { [LINEAR] HASH(expr)\n        | [LINEAR] KEY(column_list) }\n      [SUBPARTITIONS num]\n    ]\n    [(partition_definition [, partition_definition] ...)]\n\npartition_definition:\n    PARTITION partition_name\n        [VALUES \n            {LESS THAN {(expr | value_list) | MAXVALUE} \n            | \n            IN (value_list)}]\n        [[STORAGE] ENGINE [=] engine_name]\n        [COMMENT [=] \'comment_text\' ]\n        [DATA DIRECTORY [=] \'data_dir\']\n        [INDEX DIRECTORY [=] \'index_dir\']\n        [MAX_ROWS [=] max_number_of_rows]\n        [MIN_ROWS [=] min_number_of_rows]\n        [TABLESPACE [=] tablespace_name]\n        [NODEGROUP [=] node_group_id]\n        [(subpartition_definition [, subpartition_definition] ...)]\n\nsubpartition_definition:\n    SUBPARTITION logical_name\n        [[STORAGE] ENGINE [=] engine_name]\n        [COMMENT [=] \'comment_text\' ]\n        [DATA DIRECTORY [=] \'data_dir\']\n        [INDEX DIRECTORY [=] \'index_dir\']\n        [MAX_ROWS [=] max_number_of_rows]\n        [MIN_ROWS [=] min_number_of_rows]\n        [TABLESPACE [=] tablespace_name]\n        [NODEGROUP [=] node_group_id]\n\nselect_statement:\n    [IGNORE | REPLACE] [AS] SELECT ...   (Some valid select statement)\n\nCREATE TABLE creates a table with the given name. You must have the\nCREATE privilege for the table.\n\nRules for permissible table names are given in\nhttps://mariadb.com/kb/en/identifier-names/. By default,\nthe table is created in the default database, using the InnoDB storage\nengine. An error occurs if the table exists, if there is no default\ndatabase, or if the database does not exist.\n\nURL: https://mariadb.com/kb/en/create-table/\n\n','','https://mariadb.com/kb/en/create-table/'),(469,'>',18,'Syntax:\n>\n\nGreater than:\n\nURL: https://mariadb.com/kb/en/greater-than/\n\n','MariaDB> SELECT 2 > 2;\n        -> 0\n','https://mariadb.com/kb/en/greater-than/'),(470,'ANALYZE TABLE',20,'Syntax:\nANALYZE [NO_WRITE_TO_BINLOG | LOCAL] TABLE\n    tbl_name [, tbl_name] ...\n\nANALYZE TABLE analyzes and stores the key distribution for a table.\nDuring the analysis, the table is locked with a read lock for InnoDB\nand MyISAM. This statement works with InnoDB, Aria and MyISAM tables.\nFor MyISAM tables, this statement is equivalent to using myisamchk\n--analyze.\n\nFor more information on how the analysis works within InnoDB, see\nhttp://dev.mysql.com/doc/refman/5.5/en/innodb-restrictions.html.\n\nMySQL uses the stored key distribution to decide the order in which\ntables should be joined when you perform a join on something other than\na constant. In addition, key distributions can be used when deciding\nwhich indexes to use for a specific table within a query.\n\nThis statement requires SELECT and INSERT privileges for the table.\n\nANALYZE TABLE is supported for partitioned tables, and you can use\nALTER TABLE ... ANALYZE PARTITION to analyze one or more partitions;\nfor more information, see [HELP ALTER TABLE], and\nhttp://dev.mysql.com/doc/refman/5.5/en/partitioning-maintenance.html.\n\nURL: https://mariadb.com/kb/en/analyze-table/\n\n','','https://mariadb.com/kb/en/analyze-table/'),(471,'MICROSECOND',31,'Syntax:\nMICROSECOND(expr)\n\nReturns the microseconds from the time or datetime expression expr as a\nnumber in the range from 0 to 999999.\n\nURL: https://mariadb.com/kb/en/microsecond/\n\n','MariaDB> SELECT MICROSECOND(\'12:00:00.123456\');\n        -> 123456\nMariaDB> SELECT MICROSECOND(\'2009-12-31 23:59:59.000010\');\n        -> 10\n','https://mariadb.com/kb/en/microsecond/'),(472,'CONSTRAINT',39,'InnoDB supports foreign keys, which let you cross-reference related\ndata across tables, and foreign key constraints, which help keep this\nspread-out data consistent. The syntax for an InnoDB foreign key\nconstraint definition in the CREATE TABLE or ALTER TABLE statement\nlooks like this:\n\n[CONSTRAINT [symbol]] FOREIGN KEY\n    [index_name] (index_col_name, ...)\n    REFERENCES tbl_name (index_col_name,...)\n    [ON DELETE reference_option]\n    [ON UPDATE reference_option]\n\nreference_option:\n    RESTRICT | CASCADE | SET NULL | NO ACTION\n\nURL: https://mariadb.com/kb/en/constraint/\n\n','CREATE TABLE product (category INT NOT NULL, id INT NOT NULL,\n                      price DECIMAL,\n                      PRIMARY KEY(category, id)) ENGINE=INNODB;\nCREATE TABLE customer (id INT NOT NULL,\n                       PRIMARY KEY (id)) ENGINE=INNODB;\nCREATE TABLE product_order (no INT NOT NULL AUTO_INCREMENT,\n                            product_category INT NOT NULL,\n                            product_id INT NOT NULL,\n                            customer_id INT NOT NULL,\n                            PRIMARY KEY(no),\n                            INDEX (product_category, product_id),\n                            FOREIGN KEY (product_category, product_id)\n                              REFERENCES product(category, id)\n                              ON UPDATE CASCADE ON DELETE RESTRICT,\n                            INDEX (customer_id),\n                            FOREIGN KEY (customer_id)\n                              REFERENCES customer(id)) ENGINE=INNODB;\n','https://mariadb.com/kb/en/constraint/'),(473,'CREATE SERVER',39,'Syntax:\nCREATE SERVER server_name\n    FOREIGN DATA WRAPPER wrapper_name\n    OPTIONS (option [, option] ...)\n\noption:\n  { HOST character-literal\n  | DATABASE character-literal\n  | USER character-literal\n  | PASSWORD character-literal\n  | SOCKET character-literal\n  | OWNER character-literal\n  | PORT numeric-literal }\n\nThis statement creates the definition of a server for use with the\nFEDERATED storage engine. The CREATE SERVER statement creates a new row\nwithin the servers table within the mysql database. This statement\nrequires the SUPER privilege.\n\nThe server_name should be a unique reference to the server. Server\ndefinitions are global within the scope of the server, it is not\npossible to qualify the server definition to a specific database.\nserver_name has a maximum length of 64 characters (names longer than 64\ncharacters are silently truncated), and is case insensitive. You may\nspecify the name as a quoted string.\n\nThe wrapper_name should be mysql, and may be quoted with single\nquotation marks. Other values for wrapper_name are not currently\nsupported.\n\nFor each option you must specify either a character literal or numeric\nliteral. Character literals are UTF-8, support a maximum length of 64\ncharacters and default to a blank (empty) string. String literals are\nsilently truncated to 64 characters. Numeric literals must be a number\nbetween 0 and 9999, default value is 0.\n\n*Note*: Note that the OWNER option is currently not applied, and has no\neffect on the ownership or operation of the server connection that is\ncreated.\n\nThe CREATE SERVER statement creates an entry in the mysql.servers table\nthat can later be used with the CREATE TABLE statement when creating a\nFEDERATED table. The options that you specify will be used to populate\nthe columns in the mysql.servers table. The table columns are\nServer_name, Host, Db, Username, Password, Port and Socket.\n\nURL: https://mariadb.com/kb/en/create-server/\n\n','CREATE SERVER s\nFOREIGN DATA WRAPPER mysql\nOPTIONS (USER \'Remote\', HOST \'192.168.1.106\', DATABASE \'test\');\n','https://mariadb.com/kb/en/create-server/'),(474,'FIELD',37,'Syntax:\nFIELD(str,str1,str2,str3,...)\n\nReturns the index (position) of str in the str1, str2, str3, ... list.\nReturns 0 if str is not found.\n\nIf all arguments to FIELD() are strings, all arguments are compared as\nstrings. If all arguments are numbers, they are compared as numbers.\nOtherwise, the arguments are compared as double.\n\nIf str is NULL, the return value is 0 because NULL fails equality\ncomparison with any value. FIELD() is the complement of ELT().\n\nURL: https://mariadb.com/kb/en/field/\n\n','MariaDB> SELECT FIELD(\'ej\', \'Hej\', \'ej\', \'Heja\', \'hej\', \'foo\');\n        -> 2\nMariaDB> SELECT FIELD(\'fo\', \'Hej\', \'ej\', \'Heja\', \'hej\', \'foo\');\n        -> 0\n','https://mariadb.com/kb/en/field/'),(475,'MAKETIME',31,'Syntax:\nMAKETIME(hour,minute,second)\n\nReturns a time value calculated from the hour, minute, and second\narguments.\n\nURL: https://mariadb.com/kb/en/maketime/\n\n','MariaDB> SELECT MAKETIME(12,15,30);\n        -> \'12:15:30\'\n','https://mariadb.com/kb/en/maketime/'),(476,'CURDATE',31,'Syntax:\nCURDATE()\n\nReturns the current date as a value in \'YYYY-MM-DD\' or YYYYMMDD format,\ndepending on whether the function is used in a string or numeric\ncontext.\n\nURL: https://mariadb.com/kb/en/curdate/\n\n','MariaDB> SELECT CURDATE();\n        -> \'2008-06-13\'\nMariaDB> SELECT CURDATE() + 0;\n        -> 20080613\n','https://mariadb.com/kb/en/curdate/'),(477,'SET PASSWORD',10,'Syntax:\nSET PASSWORD [FOR user] =\n    {\n        PASSWORD(\'cleartext password\')\n      | OLD_PASSWORD(\'cleartext password\')\n      | \'encrypted password\'\n    }\n\nThe SET PASSWORD statement assigns a password to an existing MySQL user\naccount. When the read_only system variable is enabled, the SUPER\nprivilege is required to use SET PASSWORD, in addition to whatever\nother privileges might be required.\n\nIf the password is specified using the PASSWORD() or OLD_PASSWORD()\nfunction, the cleartext (unencrypted) password should be given as the\nargument to the function, which hashes the password and returns the\nencrypted password string. If the password is specified without using\neither function, it should be the already encrypted password value as a\nliteral string. In all cases, the encrypted password string must be in\nthe format required by the authentication method used for the account.\n\nThe old_passwords system variable value determines the hashing method\nused by PASSWORD(). If you specify the password using that function and\nSET PASSWORD rejects the password as not being in the correct format,\nit may be necessary to set old_passwords to change the hashing method.\nFor descriptions of the permitted values, see\nhttps://mariadb.com/kb/en/server-system-variables#old_passwords.\n\nWith no FOR user clause, this statement sets the password for the\ncurrent user. (To see which account the server authenticated you as,\ninvoke the CURRENT_USER() function.) Any client who successfully\nconnects to the server using a nonanonymous account can change the\npassword for that account.\n\nWith a FOR user clause, this statement sets the password for the named\nuser. You must have the UPDATE privilege for the mysql database to do\nthis. The user account name uses the format described in\nhttps://mariadb.com/kb/en/create-user#account-names. The user\nvalue should be given as \'user_name\'@\'host_name\', where \'user_name\' and\n\'host_name\' are exactly as listed in the User and Host columns of the\nmysql.user table row. (If you specify only a user name, a host name of\n\'%\' is used.) For example, to set the password for an account with User\nand Host column values of \'bob\' and \'%.example.org\', write the\nstatement like this:\n\nSET PASSWORD FOR \'bob\'@\'%.example.org\' = PASSWORD(\'cleartext password\');\n\nURL: https://mariadb.com/kb/en/set-password/\n\n','','https://mariadb.com/kb/en/set-password/'),(478,'ALTER TABLESPACE',39,'Syntax:\nALTER TABLESPACE tablespace_name\n    {ADD|DROP} DATAFILE \'file_name\'\n    [INITIAL_SIZE [=] size]\n    [WAIT]\n    ENGINE [=] engine_name\n\nThis statement is used with NDB cluster, which is not supported by MariaDB.\n\nURL: https://mariadb.com/kb/en/alter-tablespace/\n\n','','https://mariadb.com/kb/en/alter-tablespace/'),(479,'IF FUNCTION',7,'Syntax:\nIF(expr1,expr2,expr3)\n\nIf expr1 is TRUE (expr1 <> 0 and expr1 <> NULL) then IF() returns\nexpr2; otherwise it returns expr3. IF() returns a numeric or string\nvalue, depending on the context in which it is used.\n\nURL: https://mariadb.com/kb/en/if-function/\n\n','MariaDB> SELECT IF(1>2,2,3);\n        -> 3\nMariaDB> SELECT IF(1<2,\'yes\',\'no\');\n        -> \'yes\'\nMariaDB> SELECT IF(STRCMP(\'test\',\'test1\'),\'no\',\'yes\');\n        -> \'no\'\n','https://mariadb.com/kb/en/if-function/'),(480,'ENUM',22,'ENUM(\'value1\',\'value2\',...) [CHARACTER SET charset_name] [COLLATE\ncollation_name]\n\nAn enumeration. A string object that can have only one value, chosen\nfrom the list of values \'value1\', \'value2\', ..., NULL or the special \'\'\nerror value. An ENUM column can have a maximum of 65,535 distinct\nvalues. ENUM values are represented internally as integers.\n\nURL: https://mariadb.com/kb/en/enum/\n\n','','https://mariadb.com/kb/en/enum/'),(481,'DATABASE',17,'Syntax:\nDATABASE()\n\nReturns the default (current) database name as a string in the utf8\ncharacter set. If there is no default database, DATABASE() returns\nNULL. Within a stored routine, the default database is the database\nthat the routine is associated with, which is not necessarily the same\nas the database that is the default in the calling context.\n\nURL: https://mariadb.com/kb/en/database/\n\n','MariaDB> SELECT DATABASE();\n        -> \'test\'\n','https://mariadb.com/kb/en/database/'),(482,'POINTFROMWKB',32,'PointFromWKB(wkb[,srid])\n\nConstructs a POINT value using its WKB representation and SRID.\n\nURL: https://mariadb.com/kb/en/pointfromwkb/\n\n','','https://mariadb.com/kb/en/pointfromwkb/'),(483,'POWER',4,'Syntax:\nPOWER(X,Y)\n\nThis is a synonym for POW().\n\nURL: https://mariadb.com/kb/en/power/\n\n','','https://mariadb.com/kb/en/power/'),(484,'ATAN',4,'Syntax:\nATAN(X)\n\nReturns the arc tangent of X, that is, the value whose tangent is X.\n\nURL: https://mariadb.com/kb/en/atan/\n\n','MariaDB> SELECT ATAN(2);\n        -> 1.1071487177941\nMariaDB> SELECT ATAN(-2);\n        -> -1.1071487177941\n','https://mariadb.com/kb/en/atan/'),(485,'STRCMP',37,'Syntax:\nSTRCMP(expr1,expr2)\n\nSTRCMP() returns 0 if the strings are the same, -1 if the first\nargument is smaller than the second according to the current sort\norder, and 1 otherwise.\n\nURL: https://mariadb.com/kb/en/strcmp/\n\n','MariaDB> SELECT STRCMP(\'text\', \'text2\');\n        -> -1\nMariaDB> SELECT STRCMP(\'text2\', \'text\');\n        -> 1\nMariaDB> SELECT STRCMP(\'text\', \'text\');\n        -> 0\n','https://mariadb.com/kb/en/strcmp/'),(486,'INSERT DELAYED',27,'Syntax:\nINSERT DELAYED ...\n\nThe DELAYED option for the INSERT statement is a MySQL extension to\nstandard SQL that is very useful if you have clients that cannot or\nneed not wait for the INSERT to complete. This is a common situation\nwhen you use MySQL for logging and you also periodically run SELECT and\nUPDATE statements that take a long time to complete.\n\nWhen a client uses INSERT DELAYED, it gets an okay from the server at\nonce, and the row is queued to be inserted when the table is not in use\nby any other thread.\n\nAnother major benefit of using INSERT DELAYED is that inserts from many\nclients are bundled together and written in one block. This is much\nfaster than performing many separate inserts.\n\nNote that INSERT DELAYED is slower than a normal INSERT if the table is\nnot otherwise in use. There is also the additional overhead for the\nserver to handle a separate thread for each table for which there are\ndelayed rows. This means that you should use INSERT DELAYED only when\nyou are really sure that you need it.\n\nThe queued rows are held only in memory until they are inserted into\nthe table. This means that if you terminate mysqld forcibly (for\nexample, with kill -9) or if mysqld dies unexpectedly, any queued rows\nthat have not been written to disk are lost.\n\nThere are some constraints on the use of DELAYED:\n\no INSERT DELAYED works only with MyISAM, MEMORY, ARCHIVE, and BLACKHOLE\n  tables. For engines that do not support DELAYED, an error occurs.\n\no An error occurs for INSERT DELAYED if used with a table that has been\n  locked with LOCK TABLES because the insert must be handled by a\n  separate thread, not by the session that holds the lock.\n\no For MyISAM tables, if there are no free blocks in the middle of the\n  data file, concurrent SELECT and INSERT statements are supported.\n  Under these circumstances, you very seldom need to use INSERT DELAYED\n  with MyISAM.\n\no INSERT DELAYED should be used only for INSERT statements that specify\n  value lists. The server ignores DELAYED for INSERT ... SELECT or\n  INSERT ... ON DUPLICATE KEY UPDATE statements.\n\no Because the INSERT DELAYED statement returns immediately, before the\n  rows are inserted, you cannot use LAST_INSERT_ID() to get the\n  AUTO_INCREMENT value that the statement might generate.\n\no DELAYED rows are not visible to SELECT statements until they actually\n  have been inserted.\n\no Prior to MySQL 5.5.7, INSERT DELAYED was treated as a normal INSERT\n  if the statement inserted multiple rows, binary logging was enabled,\n  and the global logging format was statement-based (that is, whenever\n  binlog_format was set to STATEMENT). Beginning with MySQL 5.5.7,\n  INSERT DELAYED is always handled as a simple INSERT (that is, without\n  the DELAYED option) whenever the value of binlog_format is STATEMENT\n  or MIXED. (In the latter case, the statement no longer triggers a\n  switch to row-based logging, and so is logged using the\n  statement-based format.)\n\n  This does not apply when using row-based binary logging mode\n  (binlog_format set to ROW), in which INSERT DELAYED statements are\n  always executed using the DELAYED option as specified, and logged as\n  row-update events.\n\no DELAYED is ignored on slave replication servers, so that INSERT\n  DELAYED is treated as a normal INSERT on slaves. This is because\n  DELAYED could cause the slave to have different data than the master.\n\no Pending INSERT DELAYED statements are lost if a table is write locked\n  and ALTER TABLE is used to modify the table structure.\n\no INSERT DELAYED is not supported for views.\n\no INSERT DELAYED is not supported for partitioned tables.\n\nURL: https://mariadb.com/kb/en/insert-delayed/\n\n','','https://mariadb.com/kb/en/insert-delayed/'),(487,'SHOW PROFILE',26,'Syntax:\nSHOW PROFILE [type [, type] ... ]\n    [FOR QUERY n]\n    [LIMIT row_count [OFFSET offset]]\n\ntype:\n    ALL\n  | BLOCK IO\n  | CONTEXT SWITCHES\n  | CPU\n  | IPC\n  | MEMORY\n  | PAGE FAULTS\n  | SOURCE\n  | SWAPS\n\nThe SHOW PROFILE and SHOW PROFILES statements display profiling\ninformation that indicates resource usage for statements executed\nduring the course of the current session.\n\nProfiling is controlled by the profiling session variable, which has a\ndefault value of 0 (OFF). Profiling is enabled by setting profiling to\n1 or ON:\n\nMariaDB> SET profiling = 1;\n\nSHOW PROFILES displays a list of the most recent statements sent to the\nserver. The size of the list is controlled by the\nprofiling_history_size session variable, which has a default value of\n15. The maximum value is 100. Setting the value to 0 has the practical\neffect of disabling profiling.\n\nAll statements are profiled except SHOW PROFILE and SHOW PROFILES, so\nyou will find neither of those statements in the profile list.\nMalformed statements are profiled. For example, SHOW PROFILING is an\nillegal statement, and a syntax error occurs if you try to execute it,\nbut it will show up in the profiling list.\n\nSHOW PROFILE displays detailed information about a single statement.\nWithout the FOR QUERY n clause, the output pertains to the most\nrecently executed statement. If FOR QUERY n is included, SHOW PROFILE\ndisplays information for statement n. The values of n correspond to the\nQuery_ID values displayed by SHOW PROFILES.\n\nThe LIMIT row_count clause may be given to limit the output to\nrow_count rows. If LIMIT is given, OFFSET offset may be added to begin\nthe output offset rows into the full set of rows.\n\nBy default, SHOW PROFILE displays Status and Duration columns. The\nStatus values are like the State values displayed by SHOW PROCESSLIST,\nalthough there might be some minor differences in interpretion for the\ntwo statements for some status values (see\nhttp://dev.mysql.com/doc/refman/5.5/en/thread-information.html).\n\nOptional type values may be specified to display specific additional\ntypes of information:\n\no ALL displays all information\n\no BLOCK IO displays counts for block input and output operations\n\no CONTEXT SWITCHES displays counts for voluntary and involuntary\n  context switches\n\no CPU displays user and system CPU usage times\n\no IPC displays counts for messages sent and received\n\no MEMORY is not currently implemented\n\no PAGE FAULTS displays counts for major and minor page faults\n\no SOURCE displays the names of functions from the source code, together\n  with the name and line number of the file in which the function\n  occurs\n\no SWAPS displays swap counts\n\nProfiling is enabled per session. When a session ends, its profiling\ninformation is lost.\n\nURL: https://mariadb.com/kb/en/show-profile/\n\n','MariaDB> SELECT @@profiling;\n+-------------+\n| @@profiling |\n+-------------+\n|           0 |\n+-------------+\n1 row in set (0.00 sec)\n\nMariaDB> SET profiling = 1;\nQuery OK, 0 rows affected (0.00 sec)\n\nMariaDB> DROP TABLE IF EXISTS t1;\nQuery OK, 0 rows affected, 1 warning (0.00 sec)\n\nMariaDB> CREATE TABLE T1 (id INT);\nQuery OK, 0 rows affected (0.01 sec)\n\nMariaDB> SHOW PROFILES;\n+----------+----------+--------------------------+\n| Query_ID | Duration | Query                    |\n+----------+----------+--------------------------+\n|        0 | 0.000088 | SET PROFILING = 1        |\n|        1 | 0.000136 | DROP TABLE IF EXISTS t1  |\n|        2 | 0.011947 | CREATE TABLE t1 (id INT) |\n+----------+----------+--------------------------+\n3 rows in set (0.00 sec)\n\nMariaDB> SHOW PROFILE;\n+----------------------+----------+\n| Status               | Duration |\n+----------------------+----------+\n| checking permissions | 0.000040 |\n| creating table       | 0.000056 |\n| After create         | 0.011363 |\n| query end            | 0.000375 |\n| freeing items        | 0.000089 |\n| logging slow query   | 0.000019 |\n| cleaning up          | 0.000005 |\n+----------------------+----------+\n7 rows in set (0.00 sec)\n\nMariaDB> SHOW PROFILE FOR QUERY 1;\n+--------------------+----------+\n| Status             | Duration |\n+--------------------+----------+\n| query end          | 0.000107 |\n| freeing items      | 0.000008 |\n| logging slow query | 0.000015 |\n| cleaning up        | 0.000006 |\n+--------------------+----------+\n4 rows in set (0.00 sec)\n\nMariaDB> SHOW PROFILE CPU FOR QUERY 2;\n+----------------------+----------+----------+------------+\n| Status               | Duration | CPU_user | CPU_system |\n+----------------------+----------+----------+------------+\n| checking permissions | 0.000040 | 0.000038 |   0.000002 |\n| creating table       | 0.000056 | 0.000028 |   0.000028 |\n| After create         | 0.011363 | 0.000217 |   0.001571 |\n| query end            | 0.000375 | 0.000013 |   0.000028 |\n| freeing items        | 0.000089 | 0.000010 |   0.000014 |\n| logging slow query   | 0.000019 | 0.000009 |   0.000010 |\n| cleaning up          | 0.000005 | 0.000003 |   0.000002 |\n+----------------------+----------+----------+------------+\n7 rows in set (0.00 sec)\n','https://mariadb.com/kb/en/show-profile/'),(488,'SHOW PROCEDURE CODE',26,'Syntax:\nSHOW PROCEDURE CODE proc_name\n\nThis statement is a MySQL extension that is available only for servers\nthat have been built with debugging support. It displays a\nrepresentation of the internal implementation of the named stored\nprocedure. A similar statement, SHOW FUNCTION CODE, displays\ninformation about stored functions (see [HELP SHOW FUNCTION CODE]).\n\nBoth statements require that you be the owner of the routine or have\nSELECT access to the mysql.proc table.\n\nIf the named routine is available, each statement produces a result\nset. Each row in the result set corresponds to one \"instruction\" in the\nroutine. The first column is Pos, which is an ordinal number beginning\nwith 0. The second column is Instruction, which contains an SQL\nstatement (usually changed from the original source), or a directive\nwhich has meaning only to the stored-routine handler.\n\nURL: https://mariadb.com/kb/en/show-procedure-code/\n\n','MariaDB> DELIMITER //\nMariaDB> CREATE PROCEDURE p1 ()\n    -> BEGIN\n    ->   DECLARE fanta INT DEFAULT 55;\n    ->   DROP TABLE t2;\n    ->   LOOP\n    ->     INSERT INTO t3 VALUES (fanta);\n    ->     END LOOP;\n    ->   END//\nQuery OK, 0 rows affected (0.00 sec)\n\nMariaDB> SHOW PROCEDURE CODE p1//\n+-----+----------------------------------------+\n| Pos | Instruction                            |\n+-----+----------------------------------------+\n|   0 | set fanta@0 55                         |\n|   1 | stmt 9 \"DROP TABLE t2\"                 |\n|   2 | stmt 5 \"INSERT INTO t3 VALUES (fanta)\" |\n|   3 | jump 2                                 |\n+-----+----------------------------------------+\n4 rows in set (0.00 sec)\n','https://mariadb.com/kb/en/show-procedure-code/'),(489,'MEDIUMTEXT',22,'MEDIUMTEXT [CHARACTER SET charset_name] [COLLATE collation_name]\n\nA TEXT column with a maximum length of 16,777,215 (224 - 1) characters.\nThe effective maximum length is less if the value contains multi-byte\ncharacters. Each MEDIUMTEXT value is stored using a 3-byte length\nprefix that indicates the number of bytes in the value.\n\nURL: https://mariadb.com/kb/en/mediumtext/\n\n','','https://mariadb.com/kb/en/mediumtext/'),(490,'LN',4,'Syntax:\nLN(X)\n\nReturns the natural logarithm of X; that is, the base-e logarithm of X.\nIf X is less than or equal to 0, then NULL is returned.\n\nURL: https://mariadb.com/kb/en/ln/\n\n','MariaDB> SELECT LN(2);\n        -> 0.69314718055995\nMariaDB> SELECT LN(-2);\n        -> NULL\n','https://mariadb.com/kb/en/ln/'),(491,'RETURN',23,'Syntax:\nRETURN expr\n\nThe RETURN statement terminates execution of a stored function and\nreturns the value expr to the function caller. There must be at least\none RETURN statement in a stored function. There may be more than one\nif the function has multiple exit points.\n\nThis statement is not used in stored procedures, triggers, or events.\nThe LEAVE statement can be used to exit a stored program of those\ntypes.\n\nURL: https://mariadb.com/kb/en/return/\n\n','','https://mariadb.com/kb/en/return/'),(492,'SHOW COLLATION',26,'Syntax:\nSHOW COLLATION\n    [LIKE \'pattern\' | WHERE expr]\n\nThis statement lists collations supported by the server. By default,\nthe output from SHOW COLLATION includes all available collations. The\nLIKE clause, if present, indicates which collation names to match. The\nWHERE clause can be given to select rows using more general conditions,\nas discussed in\nhttps://mariadb.com/kb/en/extended-show/. For example:\n\nMariaDB> SHOW COLLATION LIKE \'latin1%\';\n+-------------------+---------+----+---------+----------+---------+\n| Collation         | Charset | Id | Default | Compiled | Sortlen |\n+-------------------+---------+----+---------+----------+---------+\n| latin1_german1_ci | latin1  |  5 |         |          |       0 |\n| latin1_swedish_ci | latin1  |  8 | Yes     | Yes      |       0 |\n| latin1_danish_ci  | latin1  | 15 |         |          |       0 |\n| latin1_german2_ci | latin1  | 31 |         | Yes      |       2 |\n| latin1_bin        | latin1  | 47 |         | Yes      |       0 |\n| latin1_general_ci | latin1  | 48 |         |          |       0 |\n| latin1_general_cs | latin1  | 49 |         |          |       0 |\n| latin1_spanish_ci | latin1  | 94 |         |          |       0 |\n+-------------------+---------+----+---------+----------+---------+\n\nURL: https://mariadb.com/kb/en/show-collation/\n\n','','https://mariadb.com/kb/en/show-collation/'),(493,'LOG',4,'Syntax:\nLOG(X), LOG(B,X)\n\nIf called with one parameter, this function returns the natural\nlogarithm of X. If X is less than or equal to 0, then NULL is returned.\n\nThe inverse of this function (when called with a single argument) is\nthe EXP() function.\n\nURL: https://mariadb.com/kb/en/log/\n\n','MariaDB> SELECT LOG(2);\n        -> 0.69314718055995\nMariaDB> SELECT LOG(-2);\n        -> NULL\n','https://mariadb.com/kb/en/log/'),(494,'SET SQL_LOG_BIN',8,'Syntax:\nSET sql_log_bin = {0|1}\n\nThe sql_log_bin variable controls whether logging to the binary log is\ndone. The default value is 1 (do logging). To change logging for the\ncurrent session, change the session value of this variable. The session\nuser must have the SUPER privilege to set this variable.\n\nBeginning with MySQL 5.5.5, it is no longer possible to set\n@@session.sql_log_bin within a transaction or subquery. (Bug #53437)\n\nURL: https://mariadb.com/kb/en/set-sql_log_bin/\n\n','','https://mariadb.com/kb/en/set-sql_log_bin/'),(495,'!=',18,'Syntax:\n<>, !=\n\nNot equal:\n\nURL: https://mariadb.com/kb/en/not-equal/\n\n','MariaDB> SELECT \'.01\' <> \'0.01\';\n        -> 1\nMariaDB> SELECT .01 <> \'0.01\';\n        -> 0\nMariaDB> SELECT \'zapp\' <> \'zappp\';\n        -> 1\n','https://mariadb.com/kb/en/not-equal/'),(496,'WHILE',23,'Syntax:\n[begin_label:] WHILE search_condition DO\n    statement_list\nEND WHILE [end_label]\n\nThe statement list within a WHILE statement is repeated as long as the\nsearch_condition expression is true. statement_list consists of one or\nmore SQL statements, each terminated by a semicolon (;) statement\ndelimiter.\n\nA WHILE statement can be labeled. For the rules regarding label use,\nsee [HELP labels].\n\nURL: https://mariadb.com/kb/en/while/\n\n','CREATE PROCEDURE dowhile()\nBEGIN\n  DECLARE v1 INT DEFAULT 5;\n\n  WHILE v1 > 0 DO\n    ...\n    SET v1 = v1 - 1;\n  END WHILE;\nEND;\n','https://mariadb.com/kb/en/while/'),(497,'AES_DECRYPT',12,'Syntax:\nAES_DECRYPT(crypt_str,key_str)\n\nThis function decrypts data using the official AES (Advanced Encryption\nStandard) algorithm. For more information, see the description of\nAES_ENCRYPT().\n\nURL: https://mariadb.com/kb/en/aes_decrypt/\n\n','','https://mariadb.com/kb/en/aes_decrypt/'),(498,'DAYNAME',31,'Syntax:\nDAYNAME(date)\n\nReturns the name of the weekday for date. The language used for the\nname is controlled by the value of the lc_time_names system variable\n(https://mariadb.com/kb/en/server-system-variables#lc_time_names).\n\nURL: https://mariadb.com/kb/en/dayname/\n\n','MariaDB> SELECT DAYNAME(\'2007-02-03\');\n        -> \'Saturday\'\n','https://mariadb.com/kb/en/dayname/'),(499,'COERCIBILITY',17,'Syntax:\nCOERCIBILITY(str)\n\nReturns the collation coercibility value of the string argument.\n\nURL: https://mariadb.com/kb/en/coercibility/\n\n','MariaDB> SELECT COERCIBILITY(\'abc\' COLLATE latin1_swedish_ci);\n        -> 0\nMariaDB> SELECT COERCIBILITY(USER());\n        -> 3\nMariaDB> SELECT COERCIBILITY(\'abc\');\n        -> 4\n','https://mariadb.com/kb/en/coercibility/'),(500,'INT',22,'INT[(M)] [UNSIGNED] [ZEROFILL]\n\nA normal-size integer. The signed range is -2147483648 to 2147483647.\nThe unsigned range is 0 to 4294967295.\n\nURL: https://mariadb.com/kb/en/int/\n\n','','https://mariadb.com/kb/en/int/'),(501,'GLENGTH',13,'GLength(ls)\n\nReturns as a double-precision number the length of the LineString value\nls in its associated spatial reference.\n\nURL: https://mariadb.com/kb/en/glength/\n\n','MariaDB> SET @ls = \'LineString(1 1,2 2,3 3)\';\nMariaDB> SELECT GLength(GeomFromText(@ls));\n+----------------------------+\n| GLength(GeomFromText(@ls)) |\n+----------------------------+\n|            2.8284271247462 |\n+----------------------------+\n','https://mariadb.com/kb/en/glength/'),(502,'RADIANS',4,'Syntax:\nRADIANS(X)\n\nReturns the argument X, converted from degrees to radians. (Note that\n radians equals 180 degrees.)\n\nURL: https://mariadb.com/kb/en/radians/\n\n','MariaDB> SELECT RADIANS(90);\n        -> 1.5707963267949\n','https://mariadb.com/kb/en/radians/'),(503,'COLLATION',17,'Syntax:\nCOLLATION(str)\n\nReturns the collation of the string argument.\n\nURL: https://mariadb.com/kb/en/collation/\n\n','MariaDB> SELECT COLLATION(\'abc\');\n        -> \'latin1_swedish_ci\'\nMariaDB> SELECT COLLATION(_utf8\'abc\');\n        -> \'utf8_general_ci\'\n','https://mariadb.com/kb/en/collation/'),(504,'COALESCE',18,'Syntax:\nCOALESCE(value,...)\n\nReturns the first non-NULL value in the list, or NULL if there are no\nnon-NULL values.\n\nURL: https://mariadb.com/kb/en/coalesce/\n\n','MariaDB> SELECT COALESCE(NULL,1);\n        -> 1\nMariaDB> SELECT COALESCE(NULL,NULL,NULL);\n        -> NULL\n','https://mariadb.com/kb/en/coalesce/'),(505,'VERSION',17,'Syntax:\nVERSION()\n\nReturns a string that indicates the MySQL server version. The string\nuses the utf8 character set. The value might have a suffix in addition\nto the version number. See the description of the version system\nvariable in\nhttps://mariadb.com/kb/en/server-system-variables#version.\n\nURL: https://mariadb.com/kb/en/version/\n\n','MariaDB> SELECT VERSION();\n        -> \'5.5.29-standard\'\n','https://mariadb.com/kb/en/version/'),(506,'MAKE_SET',37,'Syntax:\nMAKE_SET(bits,str1,str2,...)\n\nReturns a set value (a string containing substrings separated by \",\"\ncharacters) consisting of the strings that have the corresponding bit\nin bits set. str1 corresponds to bit 0, str2 to bit 1, and so on. NULL\nvalues in str1, str2, ... are not appended to the result.\n\nURL: https://mariadb.com/kb/en/make_set/\n\n','MariaDB> SELECT MAKE_SET(1,\'a\',\'b\',\'c\');\n        -> \'a\'\nMariaDB> SELECT MAKE_SET(1 | 4,\'hello\',\'nice\',\'world\');\n        -> \'hello,world\'\nMariaDB> SELECT MAKE_SET(1 | 4,\'hello\',\'nice\',NULL,\'world\');\n        -> \'hello\'\nMariaDB> SELECT MAKE_SET(0,\'a\',\'b\',\'c\');\n        -> \'\'\n','https://mariadb.com/kb/en/make_set/'),(507,'FIND_IN_SET',37,'Syntax:\nFIND_IN_SET(str,strlist)\n\nReturns a value in the range of 1 to N if the string str is in the\nstring list strlist consisting of N substrings. A string list is a\nstring composed of substrings separated by \",\" characters. If the first\nargument is a constant string and the second is a column of type SET,\nthe FIND_IN_SET() function is optimized to use bit arithmetic. Returns\n0 if str is not in strlist or if strlist is the empty string. Returns\nNULL if either argument is NULL. This function does not work properly\nif the first argument contains a comma (\",\") character.\n\nURL: https://mariadb.com/kb/en/find_in_set/\n\n','MariaDB> SELECT FIND_IN_SET(\'b\',\'a,b,c,d\');\n        -> 2\n','https://mariadb.com/kb/en/find_in_set/');
/*!40000 ALTER TABLE `help_topic` ENABLE KEYS */;
UNLOCK TABLES;

--
-- Table structure for table `host`
--

DROP TABLE IF EXISTS `host`;
/*!40101 SET @saved_cs_client     = @@character_set_client */;
/*!40101 SET character_set_client = utf8 */;
CREATE TABLE `host` (
  `Host` char(60) COLLATE utf8_bin NOT NULL DEFAULT '',
  `Db` char(64) COLLATE utf8_bin NOT NULL DEFAULT '',
  `Select_priv` enum('N','Y') CHARACTER SET utf8 NOT NULL DEFAULT 'N',
  `Insert_priv` enum('N','Y') CHARACTER SET utf8 NOT NULL DEFAULT 'N',
  `Update_priv` enum('N','Y') CHARACTER SET utf8 NOT NULL DEFAULT 'N',
  `Delete_priv` enum('N','Y') CHARACTER SET utf8 NOT NULL DEFAULT 'N',
  `Create_priv` enum('N','Y') CHARACTER SET utf8 NOT NULL DEFAULT 'N',
  `Drop_priv` enum('N','Y') CHARACTER SET utf8 NOT NULL DEFAULT 'N',
  `Grant_priv` enum('N','Y') CHARACTER SET utf8 NOT NULL DEFAULT 'N',
  `References_priv` enum('N','Y') CHARACTER SET utf8 NOT NULL DEFAULT 'N',
  `Index_priv` enum('N','Y') CHARACTER SET utf8 NOT NULL DEFAULT 'N',
  `Alter_priv` enum('N','Y') CHARACTER SET utf8 NOT NULL DEFAULT 'N',
  `Create_tmp_table_priv` enum('N','Y') CHARACTER SET utf8 NOT NULL DEFAULT 'N',
  `Lock_tables_priv` enum('N','Y') CHARACTER SET utf8 NOT NULL DEFAULT 'N',
  `Create_view_priv` enum('N','Y') CHARACTER SET utf8 NOT NULL DEFAULT 'N',
  `Show_view_priv` enum('N','Y') CHARACTER SET utf8 NOT NULL DEFAULT 'N',
  `Create_routine_priv` enum('N','Y') CHARACTER SET utf8 NOT NULL DEFAULT 'N',
  `Alter_routine_priv` enum('N','Y') CHARACTER SET utf8 NOT NULL DEFAULT 'N',
  `Execute_priv` enum('N','Y') CHARACTER SET utf8 NOT NULL DEFAULT 'N',
  `Trigger_priv` enum('N','Y') CHARACTER SET utf8 NOT NULL DEFAULT 'N',
  PRIMARY KEY (`Host`,`Db`)
) ENGINE=MyISAM DEFAULT CHARSET=utf8 COLLATE=utf8_bin COMMENT='Host privileges;  Merged with database privileges';
/*!40101 SET character_set_client = @saved_cs_client */;

--
-- Dumping data for table `host`
--

LOCK TABLES `host` WRITE;
/*!40000 ALTER TABLE `host` DISABLE KEYS */;
/*!40000 ALTER TABLE `host` ENABLE KEYS */;
UNLOCK TABLES;

--
-- Table structure for table `index_stats`
--

DROP TABLE IF EXISTS `index_stats`;
/*!40101 SET @saved_cs_client     = @@character_set_client */;
/*!40101 SET character_set_client = utf8 */;
CREATE TABLE `index_stats` (
  `db_name` varchar(64) COLLATE utf8_bin NOT NULL,
  `table_name` varchar(64) COLLATE utf8_bin NOT NULL,
  `index_name` varchar(64) COLLATE utf8_bin NOT NULL,
  `prefix_arity` int(11) unsigned NOT NULL,
  `avg_frequency` decimal(12,4) DEFAULT NULL,
  PRIMARY KEY (`db_name`,`table_name`,`index_name`,`prefix_arity`)
) ENGINE=MyISAM DEFAULT CHARSET=utf8 COLLATE=utf8_bin COMMENT='Statistics on Indexes';
/*!40101 SET character_set_client = @saved_cs_client */;

--
-- Dumping data for table `index_stats`
--

LOCK TABLES `index_stats` WRITE;
/*!40000 ALTER TABLE `index_stats` DISABLE KEYS */;
/*!40000 ALTER TABLE `index_stats` ENABLE KEYS */;
UNLOCK TABLES;

--
-- Table structure for table `innodb_index_stats`
--

DROP TABLE IF EXISTS `innodb_index_stats`;
/*!40101 SET @saved_cs_client     = @@character_set_client */;
/*!40101 SET character_set_client = utf8 */;
CREATE TABLE `innodb_index_stats` (
  `database_name` varchar(64) COLLATE utf8_bin NOT NULL,
  `table_name` varchar(199) COLLATE utf8_bin NOT NULL,
  `index_name` varchar(64) COLLATE utf8_bin NOT NULL,
  `last_update` timestamp NOT NULL DEFAULT current_timestamp() ON UPDATE current_timestamp(),
  `stat_name` varchar(64) COLLATE utf8_bin NOT NULL,
  `stat_value` bigint(20) unsigned NOT NULL,
  `sample_size` bigint(20) unsigned DEFAULT NULL,
  `stat_description` varchar(1024) COLLATE utf8_bin NOT NULL,
  PRIMARY KEY (`database_name`,`table_name`,`index_name`,`stat_name`)
) ENGINE=InnoDB DEFAULT CHARSET=utf8 COLLATE=utf8_bin STATS_PERSISTENT=0;
/*!40101 SET character_set_client = @saved_cs_client */;

--
-- Table structure for table `innodb_table_stats`
--

DROP TABLE IF EXISTS `innodb_table_stats`;
/*!40101 SET @saved_cs_client     = @@character_set_client */;
/*!40101 SET character_set_client = utf8 */;
CREATE TABLE `innodb_table_stats` (
  `database_name` varchar(64) COLLATE utf8_bin NOT NULL,
  `table_name` varchar(199) COLLATE utf8_bin NOT NULL,
  `last_update` timestamp NOT NULL DEFAULT current_timestamp() ON UPDATE current_timestamp(),
  `n_rows` bigint(20) unsigned NOT NULL,
  `clustered_index_size` bigint(20) unsigned NOT NULL,
  `sum_of_other_index_sizes` bigint(20) unsigned NOT NULL,
  PRIMARY KEY (`database_name`,`table_name`)
) ENGINE=InnoDB DEFAULT CHARSET=utf8 COLLATE=utf8_bin STATS_PERSISTENT=0;
/*!40101 SET character_set_client = @saved_cs_client */;

--
-- Table structure for table `plugin`
--

DROP TABLE IF EXISTS `plugin`;
/*!40101 SET @saved_cs_client     = @@character_set_client */;
/*!40101 SET character_set_client = utf8 */;
CREATE TABLE `plugin` (
  `name` varchar(64) NOT NULL DEFAULT '',
  `dl` varchar(128) NOT NULL DEFAULT '',
  PRIMARY KEY (`name`)
) ENGINE=MyISAM DEFAULT CHARSET=utf8 COMMENT='MySQL plugins';
/*!40101 SET character_set_client = @saved_cs_client */;

--
-- Dumping data for table `plugin`
--

LOCK TABLES `plugin` WRITE;
/*!40000 ALTER TABLE `plugin` DISABLE KEYS */;
/*!40000 ALTER TABLE `plugin` ENABLE KEYS */;
UNLOCK TABLES;

--
-- Table structure for table `proc`
--

DROP TABLE IF EXISTS `proc`;
/*!40101 SET @saved_cs_client     = @@character_set_client */;
/*!40101 SET character_set_client = utf8 */;
CREATE TABLE `proc` (
  `db` char(64) CHARACTER SET utf8 COLLATE utf8_bin NOT NULL DEFAULT '',
  `name` char(64) NOT NULL DEFAULT '',
  `type` enum('FUNCTION','PROCEDURE','PACKAGE','PACKAGE BODY') NOT NULL,
  `specific_name` char(64) NOT NULL DEFAULT '',
  `language` enum('SQL') NOT NULL DEFAULT 'SQL',
  `sql_data_access` enum('CONTAINS_SQL','NO_SQL','READS_SQL_DATA','MODIFIES_SQL_DATA') NOT NULL DEFAULT 'CONTAINS_SQL',
  `is_deterministic` enum('YES','NO') NOT NULL DEFAULT 'NO',
  `security_type` enum('INVOKER','DEFINER') NOT NULL DEFAULT 'DEFINER',
  `param_list` blob NOT NULL,
  `returns` longblob NOT NULL,
  `body` longblob NOT NULL,
  `definer` char(141) CHARACTER SET utf8 COLLATE utf8_bin NOT NULL DEFAULT '',
  `created` timestamp NOT NULL DEFAULT current_timestamp() ON UPDATE current_timestamp(),
  `modified` timestamp NOT NULL DEFAULT '0000-00-00 00:00:00',
  `sql_mode` set('REAL_AS_FLOAT','PIPES_AS_CONCAT','ANSI_QUOTES','IGNORE_SPACE','IGNORE_BAD_TABLE_OPTIONS','ONLY_FULL_GROUP_BY','NO_UNSIGNED_SUBTRACTION','NO_DIR_IN_CREATE','POSTGRESQL','ORACLE','MSSQL','DB2','MAXDB','NO_KEY_OPTIONS','NO_TABLE_OPTIONS','NO_FIELD_OPTIONS','MYSQL323','MYSQL40','ANSI','NO_AUTO_VALUE_ON_ZERO','NO_BACKSLASH_ESCAPES','STRICT_TRANS_TABLES','STRICT_ALL_TABLES','NO_ZERO_IN_DATE','NO_ZERO_DATE','INVALID_DATES','ERROR_FOR_DIVISION_BY_ZERO','TRADITIONAL','NO_AUTO_CREATE_USER','HIGH_NOT_PRECEDENCE','NO_ENGINE_SUBSTITUTION','PAD_CHAR_TO_FULL_LENGTH','EMPTY_STRING_IS_NULL','SIMULTANEOUS_ASSIGNMENT') NOT NULL DEFAULT '',
  `comment` text CHARACTER SET utf8 COLLATE utf8_bin NOT NULL,
  `character_set_client` char(32) CHARACTER SET utf8 COLLATE utf8_bin DEFAULT NULL,
  `collation_connection` char(32) CHARACTER SET utf8 COLLATE utf8_bin DEFAULT NULL,
  `db_collation` char(32) CHARACTER SET utf8 COLLATE utf8_bin DEFAULT NULL,
  `body_utf8` longblob DEFAULT NULL,
  `aggregate` enum('NONE','GROUP') NOT NULL DEFAULT 'NONE',
  PRIMARY KEY (`db`,`name`,`type`)
) ENGINE=MyISAM DEFAULT CHARSET=utf8 COMMENT='Stored Procedures';
/*!40101 SET character_set_client = @saved_cs_client */;

--
-- Dumping data for table `proc`
--

LOCK TABLES `proc` WRITE;
/*!40000 ALTER TABLE `proc` DISABLE KEYS */;
INSERT INTO `proc` VALUES ('mysql','AddGeometryColumn','PROCEDURE','AddGeometryColumn','SQL','CONTAINS_SQL','NO','INVOKER','catalog varchar(64), t_schema varchar(64),\n   t_name varchar(64), geometry_column varchar(64), t_srid int','','begin\n  set @qwe= concat(\'ALTER TABLE \', t_schema, \'.\', t_name, \' ADD \', geometry_column,\' GEOMETRY REF_SYSTEM_ID=\', t_srid); PREPARE ls from @qwe; execute ls; deallocate prepare ls; end','root@localhost','2022-03-03 23:36:48','2022-03-03 23:36:48','','','utf8','utf8_general_ci','utf8mb4_general_ci','begin\n  set @qwe= concat(\'ALTER TABLE \', t_schema, \'.\', t_name, \' ADD \', geometry_column,\' GEOMETRY REF_SYSTEM_ID=\', t_srid); PREPARE ls from @qwe; execute ls; deallocate prepare ls; end','NONE'),('mysql','DropGeometryColumn','PROCEDURE','DropGeometryColumn','SQL','CONTAINS_SQL','NO','INVOKER','catalog varchar(64), t_schema varchar(64),\n   t_name varchar(64), geometry_column varchar(64)','','begin\n  set @qwe= concat(\'ALTER TABLE \', t_schema, \'.\', t_name, \' DROP \', geometry_column); PREPARE ls from @qwe; execute ls; deallocate prepare ls; end','root@localhost','2022-03-03 23:36:48','2022-03-03 23:36:48','','','utf8','utf8_general_ci','utf8mb4_general_ci','begin\n  set @qwe= concat(\'ALTER TABLE \', t_schema, \'.\', t_name, \' DROP \', geometry_column); PREPARE ls from @qwe; execute ls; deallocate prepare ls; end','NONE');
/*!40000 ALTER TABLE `proc` ENABLE KEYS */;
UNLOCK TABLES;

--
-- Table structure for table `procs_priv`
--

DROP TABLE IF EXISTS `procs_priv`;
/*!40101 SET @saved_cs_client     = @@character_set_client */;
/*!40101 SET character_set_client = utf8 */;
CREATE TABLE `procs_priv` (
  `Host` char(60) COLLATE utf8_bin NOT NULL DEFAULT '',
  `Db` char(64) COLLATE utf8_bin NOT NULL DEFAULT '',
  `User` char(80) COLLATE utf8_bin NOT NULL DEFAULT '',
  `Routine_name` char(64) CHARACTER SET utf8 NOT NULL DEFAULT '',
  `Routine_type` enum('FUNCTION','PROCEDURE','PACKAGE','PACKAGE BODY') COLLATE utf8_bin NOT NULL,
  `Grantor` char(141) COLLATE utf8_bin NOT NULL DEFAULT '',
  `Proc_priv` set('Execute','Alter Routine','Grant') CHARACTER SET utf8 NOT NULL DEFAULT '',
  `Timestamp` timestamp NOT NULL DEFAULT current_timestamp() ON UPDATE current_timestamp(),
  PRIMARY KEY (`Host`,`Db`,`User`,`Routine_name`,`Routine_type`),
  KEY `Grantor` (`Grantor`)
) ENGINE=MyISAM DEFAULT CHARSET=utf8 COLLATE=utf8_bin COMMENT='Procedure privileges';
/*!40101 SET character_set_client = @saved_cs_client */;

--
-- Dumping data for table `procs_priv`
--

LOCK TABLES `procs_priv` WRITE;
/*!40000 ALTER TABLE `procs_priv` DISABLE KEYS */;
/*!40000 ALTER TABLE `procs_priv` ENABLE KEYS */;
UNLOCK TABLES;

--
-- Table structure for table `proxies_priv`
--

DROP TABLE IF EXISTS `proxies_priv`;
/*!40101 SET @saved_cs_client     = @@character_set_client */;
/*!40101 SET character_set_client = utf8 */;
CREATE TABLE `proxies_priv` (
  `Host` char(60) COLLATE utf8_bin NOT NULL DEFAULT '',
  `User` char(80) COLLATE utf8_bin NOT NULL DEFAULT '',
  `Proxied_host` char(60) COLLATE utf8_bin NOT NULL DEFAULT '',
  `Proxied_user` char(80) COLLATE utf8_bin NOT NULL DEFAULT '',
  `With_grant` tinyint(1) NOT NULL DEFAULT 0,
  `Grantor` char(141) COLLATE utf8_bin NOT NULL DEFAULT '',
  `Timestamp` timestamp NOT NULL DEFAULT current_timestamp() ON UPDATE current_timestamp(),
  PRIMARY KEY (`Host`,`User`,`Proxied_host`,`Proxied_user`),
  KEY `Grantor` (`Grantor`)
) ENGINE=MyISAM DEFAULT CHARSET=utf8 COLLATE=utf8_bin COMMENT='User proxy privileges';
/*!40101 SET character_set_client = @saved_cs_client */;

--
-- Dumping data for table `proxies_priv`
--

LOCK TABLES `proxies_priv` WRITE;
/*!40000 ALTER TABLE `proxies_priv` DISABLE KEYS */;
INSERT INTO `proxies_priv` VALUES ('localhost','root','','',1,'','2020-12-05 19:07:45');
/*!40000 ALTER TABLE `proxies_priv` ENABLE KEYS */;
UNLOCK TABLES;

--
-- Table structure for table `roles_mapping`
--

DROP TABLE IF EXISTS `roles_mapping`;
/*!40101 SET @saved_cs_client     = @@character_set_client */;
/*!40101 SET character_set_client = utf8 */;
CREATE TABLE `roles_mapping` (
  `Host` char(60) COLLATE utf8_bin NOT NULL DEFAULT '',
  `User` char(80) COLLATE utf8_bin NOT NULL DEFAULT '',
  `Role` char(80) COLLATE utf8_bin NOT NULL DEFAULT '',
  `Admin_option` enum('N','Y') CHARACTER SET utf8 NOT NULL DEFAULT 'N',
  UNIQUE KEY `Host` (`Host`,`User`,`Role`)
) ENGINE=MyISAM DEFAULT CHARSET=utf8 COLLATE=utf8_bin COMMENT='Granted roles';
/*!40101 SET character_set_client = @saved_cs_client */;

--
-- Dumping data for table `roles_mapping`
--

LOCK TABLES `roles_mapping` WRITE;
/*!40000 ALTER TABLE `roles_mapping` DISABLE KEYS */;
/*!40000 ALTER TABLE `roles_mapping` ENABLE KEYS */;
UNLOCK TABLES;

--
-- Table structure for table `servers`
--

DROP TABLE IF EXISTS `servers`;
/*!40101 SET @saved_cs_client     = @@character_set_client */;
/*!40101 SET character_set_client = utf8 */;
CREATE TABLE `servers` (
  `Server_name` char(64) NOT NULL DEFAULT '',
  `Host` varchar(2048) NOT NULL DEFAULT '',
  `Db` char(64) NOT NULL DEFAULT '',
  `Username` char(80) NOT NULL DEFAULT '',
  `Password` char(64) NOT NULL DEFAULT '',
  `Port` int(4) NOT NULL DEFAULT 0,
  `Socket` char(64) NOT NULL DEFAULT '',
  `Wrapper` char(64) NOT NULL DEFAULT '',
  `Owner` varchar(512) NOT NULL DEFAULT '',
  PRIMARY KEY (`Server_name`)
) ENGINE=MyISAM DEFAULT CHARSET=utf8 COMMENT='MySQL Foreign Servers table';
/*!40101 SET character_set_client = @saved_cs_client */;

--
-- Dumping data for table `servers`
--

LOCK TABLES `servers` WRITE;
/*!40000 ALTER TABLE `servers` DISABLE KEYS */;
/*!40000 ALTER TABLE `servers` ENABLE KEYS */;
UNLOCK TABLES;

--
-- Table structure for table `table_stats`
--

DROP TABLE IF EXISTS `table_stats`;
/*!40101 SET @saved_cs_client     = @@character_set_client */;
/*!40101 SET character_set_client = utf8 */;
CREATE TABLE `table_stats` (
  `db_name` varchar(64) COLLATE utf8_bin NOT NULL,
  `table_name` varchar(64) COLLATE utf8_bin NOT NULL,
  `cardinality` bigint(21) unsigned DEFAULT NULL,
  PRIMARY KEY (`db_name`,`table_name`)
) ENGINE=MyISAM DEFAULT CHARSET=utf8 COLLATE=utf8_bin COMMENT='Statistics on Tables';
/*!40101 SET character_set_client = @saved_cs_client */;

--
-- Dumping data for table `table_stats`
--

LOCK TABLES `table_stats` WRITE;
/*!40000 ALTER TABLE `table_stats` DISABLE KEYS */;
/*!40000 ALTER TABLE `table_stats` ENABLE KEYS */;
UNLOCK TABLES;

--
-- Table structure for table `tables_priv`
--

DROP TABLE IF EXISTS `tables_priv`;
/*!40101 SET @saved_cs_client     = @@character_set_client */;
/*!40101 SET character_set_client = utf8 */;
CREATE TABLE `tables_priv` (
  `Host` char(60) COLLATE utf8_bin NOT NULL DEFAULT '',
  `Db` char(64) COLLATE utf8_bin NOT NULL DEFAULT '',
  `User` char(80) COLLATE utf8_bin NOT NULL DEFAULT '',
  `Table_name` char(64) COLLATE utf8_bin NOT NULL DEFAULT '',
  `Grantor` char(141) COLLATE utf8_bin NOT NULL DEFAULT '',
  `Timestamp` timestamp NOT NULL DEFAULT current_timestamp() ON UPDATE current_timestamp(),
  `Table_priv` set('Select','Insert','Update','Delete','Create','Drop','Grant','References','Index','Alter','Create View','Show view','Trigger','Delete versioning rows') CHARACTER SET utf8 NOT NULL DEFAULT '',
  `Column_priv` set('Select','Insert','Update','References') CHARACTER SET utf8 NOT NULL DEFAULT '',
  PRIMARY KEY (`Host`,`Db`,`User`,`Table_name`),
  KEY `Grantor` (`Grantor`)
) ENGINE=MyISAM DEFAULT CHARSET=utf8 COLLATE=utf8_bin COMMENT='Table privileges';
/*!40101 SET character_set_client = @saved_cs_client */;

--
-- Dumping data for table `tables_priv`
--

LOCK TABLES `tables_priv` WRITE;
/*!40000 ALTER TABLE `tables_priv` DISABLE KEYS */;
/*!40000 ALTER TABLE `tables_priv` ENABLE KEYS */;
UNLOCK TABLES;

--
-- Table structure for table `time_zone`
--

DROP TABLE IF EXISTS `time_zone`;
/*!40101 SET @saved_cs_client     = @@character_set_client */;
/*!40101 SET character_set_client = utf8 */;
CREATE TABLE `time_zone` (
  `Time_zone_id` int(10) unsigned NOT NULL AUTO_INCREMENT,
  `Use_leap_seconds` enum('Y','N') NOT NULL DEFAULT 'N',
  PRIMARY KEY (`Time_zone_id`)
) ENGINE=MyISAM DEFAULT CHARSET=utf8 COMMENT='Time zones';
/*!40101 SET character_set_client = @saved_cs_client */;

--
-- Dumping data for table `time_zone`
--

LOCK TABLES `time_zone` WRITE;
/*!40000 ALTER TABLE `time_zone` DISABLE KEYS */;
/*!40000 ALTER TABLE `time_zone` ENABLE KEYS */;
UNLOCK TABLES;

--
-- Table structure for table `time_zone_leap_second`
--

DROP TABLE IF EXISTS `time_zone_leap_second`;
/*!40101 SET @saved_cs_client     = @@character_set_client */;
/*!40101 SET character_set_client = utf8 */;
CREATE TABLE `time_zone_leap_second` (
  `Transition_time` bigint(20) NOT NULL,
  `Correction` int(11) NOT NULL,
  PRIMARY KEY (`Transition_time`)
) ENGINE=MyISAM DEFAULT CHARSET=utf8 COMMENT='Leap seconds information for time zones';
/*!40101 SET character_set_client = @saved_cs_client */;

--
-- Dumping data for table `time_zone_leap_second`
--

LOCK TABLES `time_zone_leap_second` WRITE;
/*!40000 ALTER TABLE `time_zone_leap_second` DISABLE KEYS */;
/*!40000 ALTER TABLE `time_zone_leap_second` ENABLE KEYS */;
UNLOCK TABLES;

--
-- Table structure for table `time_zone_name`
--

DROP TABLE IF EXISTS `time_zone_name`;
/*!40101 SET @saved_cs_client     = @@character_set_client */;
/*!40101 SET character_set_client = utf8 */;
CREATE TABLE `time_zone_name` (
  `Name` char(64) NOT NULL,
  `Time_zone_id` int(10) unsigned NOT NULL,
  PRIMARY KEY (`Name`)
) ENGINE=MyISAM DEFAULT CHARSET=utf8 COMMENT='Time zone names';
/*!40101 SET character_set_client = @saved_cs_client */;

--
-- Dumping data for table `time_zone_name`
--

LOCK TABLES `time_zone_name` WRITE;
/*!40000 ALTER TABLE `time_zone_name` DISABLE KEYS */;
/*!40000 ALTER TABLE `time_zone_name` ENABLE KEYS */;
UNLOCK TABLES;

--
-- Table structure for table `time_zone_transition`
--

DROP TABLE IF EXISTS `time_zone_transition`;
/*!40101 SET @saved_cs_client     = @@character_set_client */;
/*!40101 SET character_set_client = utf8 */;
CREATE TABLE `time_zone_transition` (
  `Time_zone_id` int(10) unsigned NOT NULL,
  `Transition_time` bigint(20) NOT NULL,
  `Transition_type_id` int(10) unsigned NOT NULL,
  PRIMARY KEY (`Time_zone_id`,`Transition_time`)
) ENGINE=MyISAM DEFAULT CHARSET=utf8 COMMENT='Time zone transitions';
/*!40101 SET character_set_client = @saved_cs_client */;

--
-- Dumping data for table `time_zone_transition`
--

LOCK TABLES `time_zone_transition` WRITE;
/*!40000 ALTER TABLE `time_zone_transition` DISABLE KEYS */;
/*!40000 ALTER TABLE `time_zone_transition` ENABLE KEYS */;
UNLOCK TABLES;

--
-- Table structure for table `time_zone_transition_type`
--

DROP TABLE IF EXISTS `time_zone_transition_type`;
/*!40101 SET @saved_cs_client     = @@character_set_client */;
/*!40101 SET character_set_client = utf8 */;
CREATE TABLE `time_zone_transition_type` (
  `Time_zone_id` int(10) unsigned NOT NULL,
  `Transition_type_id` int(10) unsigned NOT NULL,
  `Offset` int(11) NOT NULL DEFAULT 0,
  `Is_DST` tinyint(3) unsigned NOT NULL DEFAULT 0,
  `Abbreviation` char(8) NOT NULL DEFAULT '',
  PRIMARY KEY (`Time_zone_id`,`Transition_type_id`)
) ENGINE=MyISAM DEFAULT CHARSET=utf8 COMMENT='Time zone transition types';
/*!40101 SET character_set_client = @saved_cs_client */;

--
-- Dumping data for table `time_zone_transition_type`
--

LOCK TABLES `time_zone_transition_type` WRITE;
/*!40000 ALTER TABLE `time_zone_transition_type` DISABLE KEYS */;
/*!40000 ALTER TABLE `time_zone_transition_type` ENABLE KEYS */;
UNLOCK TABLES;

--
-- Table structure for table `user`
--

DROP TABLE IF EXISTS `user`;
/*!40101 SET @saved_cs_client     = @@character_set_client */;
/*!40101 SET character_set_client = utf8 */;
CREATE TABLE `user` (
  `Host` char(60) COLLATE utf8_bin NOT NULL DEFAULT '',
  `User` char(80) COLLATE utf8_bin NOT NULL DEFAULT '',
  `Password` char(41) CHARACTER SET latin1 COLLATE latin1_bin NOT NULL DEFAULT '',
  `Select_priv` enum('N','Y') CHARACTER SET utf8 NOT NULL DEFAULT 'N',
  `Insert_priv` enum('N','Y') CHARACTER SET utf8 NOT NULL DEFAULT 'N',
  `Update_priv` enum('N','Y') CHARACTER SET utf8 NOT NULL DEFAULT 'N',
  `Delete_priv` enum('N','Y') CHARACTER SET utf8 NOT NULL DEFAULT 'N',
  `Create_priv` enum('N','Y') CHARACTER SET utf8 NOT NULL DEFAULT 'N',
  `Drop_priv` enum('N','Y') CHARACTER SET utf8 NOT NULL DEFAULT 'N',
  `Reload_priv` enum('N','Y') CHARACTER SET utf8 NOT NULL DEFAULT 'N',
  `Shutdown_priv` enum('N','Y') CHARACTER SET utf8 NOT NULL DEFAULT 'N',
  `Process_priv` enum('N','Y') CHARACTER SET utf8 NOT NULL DEFAULT 'N',
  `File_priv` enum('N','Y') CHARACTER SET utf8 NOT NULL DEFAULT 'N',
  `Grant_priv` enum('N','Y') CHARACTER SET utf8 NOT NULL DEFAULT 'N',
  `References_priv` enum('N','Y') CHARACTER SET utf8 NOT NULL DEFAULT 'N',
  `Index_priv` enum('N','Y') CHARACTER SET utf8 NOT NULL DEFAULT 'N',
  `Alter_priv` enum('N','Y') CHARACTER SET utf8 NOT NULL DEFAULT 'N',
  `Show_db_priv` enum('N','Y') CHARACTER SET utf8 NOT NULL DEFAULT 'N',
  `Super_priv` enum('N','Y') CHARACTER SET utf8 NOT NULL DEFAULT 'N',
  `Create_tmp_table_priv` enum('N','Y') CHARACTER SET utf8 NOT NULL DEFAULT 'N',
  `Lock_tables_priv` enum('N','Y') CHARACTER SET utf8 NOT NULL DEFAULT 'N',
  `Execute_priv` enum('N','Y') CHARACTER SET utf8 NOT NULL DEFAULT 'N',
  `Repl_slave_priv` enum('N','Y') CHARACTER SET utf8 NOT NULL DEFAULT 'N',
  `Repl_client_priv` enum('N','Y') CHARACTER SET utf8 NOT NULL DEFAULT 'N',
  `Create_view_priv` enum('N','Y') CHARACTER SET utf8 NOT NULL DEFAULT 'N',
  `Show_view_priv` enum('N','Y') CHARACTER SET utf8 NOT NULL DEFAULT 'N',
  `Create_routine_priv` enum('N','Y') CHARACTER SET utf8 NOT NULL DEFAULT 'N',
  `Alter_routine_priv` enum('N','Y') CHARACTER SET utf8 NOT NULL DEFAULT 'N',
  `Create_user_priv` enum('N','Y') CHARACTER SET utf8 NOT NULL DEFAULT 'N',
  `Event_priv` enum('N','Y') CHARACTER SET utf8 NOT NULL DEFAULT 'N',
  `Trigger_priv` enum('N','Y') CHARACTER SET utf8 NOT NULL DEFAULT 'N',
  `Create_tablespace_priv` enum('N','Y') CHARACTER SET utf8 NOT NULL DEFAULT 'N',
  `Delete_history_priv` enum('N','Y') CHARACTER SET utf8 NOT NULL DEFAULT 'N',
  `ssl_type` enum('','ANY','X509','SPECIFIED') CHARACTER SET utf8 NOT NULL DEFAULT '',
  `ssl_cipher` blob NOT NULL,
  `x509_issuer` blob NOT NULL,
  `x509_subject` blob NOT NULL,
  `max_questions` int(11) unsigned NOT NULL DEFAULT 0,
  `max_updates` int(11) unsigned NOT NULL DEFAULT 0,
  `max_connections` int(11) unsigned NOT NULL DEFAULT 0,
  `max_user_connections` int(11) NOT NULL DEFAULT 0,
  `plugin` char(64) CHARACTER SET latin1 NOT NULL DEFAULT '',
  `authentication_string` text COLLATE utf8_bin NOT NULL,
  `password_expired` enum('N','Y') CHARACTER SET utf8 NOT NULL DEFAULT 'N',
  `is_role` enum('N','Y') CHARACTER SET utf8 NOT NULL DEFAULT 'N',
  `default_role` char(80) COLLATE utf8_bin NOT NULL DEFAULT '',
  `max_statement_time` decimal(12,6) NOT NULL DEFAULT 0.000000,
  PRIMARY KEY (`Host`,`User`)
) ENGINE=MyISAM DEFAULT CHARSET=utf8 COLLATE=utf8_bin COMMENT='Users and global privileges';
/*!40101 SET character_set_client = @saved_cs_client */;

--
-- Dumping data for table `user`
--

LOCK TABLES `user` WRITE;
/*!40000 ALTER TABLE `user` DISABLE KEYS */;
INSERT INTO `user` VALUES ('localhost','root','','Y','Y','Y','Y','Y','Y','Y','Y','Y','Y','Y','Y','Y','Y','Y','Y','Y','Y','Y','Y','Y','Y','Y','Y','Y','Y','Y','Y','Y','Y','','','','',0,0,0,0,'unix_socket','','N','N','',0.000000),('localhost','phpmyadmin','*23AE809DDACAF96AF0FD78ED04B6A265E05AA257','N','N','N','N','N','N','N','N','N','N','N','N','N','N','N','N','N','N','N','N','N','N','N','N','N','N','N','N','N','N','','','','',0,0,0,0,'','','N','N','',0.000000),('localhost','ccxt','*23AE809DDACAF96AF0FD78ED04B6A265E05AA257','Y','Y','Y','Y','Y','Y','Y','Y','Y','Y','N','Y','Y','Y','Y','Y','Y','Y','Y','Y','Y','Y','Y','Y','Y','Y','Y','Y','Y','Y','','','','',0,0,0,0,'','','N','N','',0.000000);
/*!40000 ALTER TABLE `user` ENABLE KEYS */;
UNLOCK TABLES;

--
-- Table structure for table `general_log`
--

/*!40101 SET @saved_cs_client     = @@character_set_client */;
/*!40101 SET character_set_client = utf8 */;
CREATE TABLE IF NOT EXISTS `general_log` (
  `event_time` timestamp(6) NOT NULL DEFAULT current_timestamp(6) ON UPDATE current_timestamp(6),
  `user_host` mediumtext NOT NULL,
  `thread_id` bigint(21) unsigned NOT NULL,
  `server_id` int(10) unsigned NOT NULL,
  `command_type` varchar(64) NOT NULL,
  `argument` mediumtext NOT NULL
) ENGINE=CSV DEFAULT CHARSET=utf8 COMMENT='General log';
/*!40101 SET character_set_client = @saved_cs_client */;

--
-- Table structure for table `slow_log`
--

/*!40101 SET @saved_cs_client     = @@character_set_client */;
/*!40101 SET character_set_client = utf8 */;
CREATE TABLE IF NOT EXISTS `slow_log` (
  `start_time` timestamp(6) NOT NULL DEFAULT current_timestamp(6) ON UPDATE current_timestamp(6),
  `user_host` mediumtext NOT NULL,
  `query_time` time(6) NOT NULL,
  `lock_time` time(6) NOT NULL,
  `rows_sent` int(11) NOT NULL,
  `rows_examined` int(11) NOT NULL,
  `db` varchar(512) NOT NULL,
  `last_insert_id` int(11) NOT NULL,
  `insert_id` int(11) NOT NULL,
  `server_id` int(10) unsigned NOT NULL,
  `sql_text` mediumtext NOT NULL,
  `thread_id` bigint(21) unsigned NOT NULL,
  `rows_affected` int(11) NOT NULL
) ENGINE=CSV DEFAULT CHARSET=utf8 COMMENT='Slow log';
/*!40101 SET character_set_client = @saved_cs_client */;

--
-- Table structure for table `transaction_registry`
--

/*!40101 SET @saved_cs_client     = @@character_set_client */;
/*!40101 SET character_set_client = utf8 */;
CREATE TABLE IF NOT EXISTS `transaction_registry` (
  `transaction_id` bigint(20) unsigned NOT NULL,
  `commit_id` bigint(20) unsigned NOT NULL,
  `begin_timestamp` timestamp(6) NOT NULL DEFAULT '0000-00-00 00:00:00.000000',
  `commit_timestamp` timestamp(6) NOT NULL DEFAULT '0000-00-00 00:00:00.000000',
  `isolation_level` enum('READ-UNCOMMITTED','READ-COMMITTED','REPEATABLE-READ','SERIALIZABLE') COLLATE utf8_bin NOT NULL,
  PRIMARY KEY (`transaction_id`),
  UNIQUE KEY `commit_id` (`commit_id`),
  KEY `begin_timestamp` (`begin_timestamp`),
  KEY `commit_timestamp` (`commit_timestamp`,`transaction_id`)
) ENGINE=InnoDB DEFAULT CHARSET=utf8 COLLATE=utf8_bin STATS_PERSISTENT=0;
/*!40101 SET character_set_client = @saved_cs_client */;

--
-- Current Database: `phpmyadmin`
--

CREATE DATABASE /*!32312 IF NOT EXISTS*/ `phpmyadmin` /*!40100 DEFAULT CHARACTER SET utf8mb4 */;

USE `phpmyadmin`;

--
-- Table structure for table `pma__bookmark`
--

DROP TABLE IF EXISTS `pma__bookmark`;
/*!40101 SET @saved_cs_client     = @@character_set_client */;
/*!40101 SET character_set_client = utf8 */;
CREATE TABLE `pma__bookmark` (
  `id` int(10) unsigned NOT NULL AUTO_INCREMENT,
  `dbase` varchar(255) COLLATE utf8_bin NOT NULL DEFAULT '',
  `user` varchar(255) COLLATE utf8_bin NOT NULL DEFAULT '',
  `label` varchar(255) CHARACTER SET utf8 NOT NULL DEFAULT '',
  `query` text COLLATE utf8_bin NOT NULL,
  PRIMARY KEY (`id`)
) ENGINE=InnoDB DEFAULT CHARSET=utf8 COLLATE=utf8_bin COMMENT='Bookmarks';
/*!40101 SET character_set_client = @saved_cs_client */;

--
-- Dumping data for table `pma__bookmark`
--

LOCK TABLES `pma__bookmark` WRITE;
/*!40000 ALTER TABLE `pma__bookmark` DISABLE KEYS */;
/*!40000 ALTER TABLE `pma__bookmark` ENABLE KEYS */;
UNLOCK TABLES;

--
-- Table structure for table `pma__central_columns`
--

DROP TABLE IF EXISTS `pma__central_columns`;
/*!40101 SET @saved_cs_client     = @@character_set_client */;
/*!40101 SET character_set_client = utf8 */;
CREATE TABLE `pma__central_columns` (
  `db_name` varchar(64) COLLATE utf8_bin NOT NULL,
  `col_name` varchar(64) COLLATE utf8_bin NOT NULL,
  `col_type` varchar(64) COLLATE utf8_bin NOT NULL,
  `col_length` text COLLATE utf8_bin DEFAULT NULL,
  `col_collation` varchar(64) COLLATE utf8_bin NOT NULL,
  `col_isNull` tinyint(1) NOT NULL,
  `col_extra` varchar(255) COLLATE utf8_bin DEFAULT '',
  `col_default` text COLLATE utf8_bin DEFAULT NULL,
  PRIMARY KEY (`db_name`,`col_name`)
) ENGINE=InnoDB DEFAULT CHARSET=utf8 COLLATE=utf8_bin COMMENT='Central list of columns';
/*!40101 SET character_set_client = @saved_cs_client */;

--
-- Dumping data for table `pma__central_columns`
--

LOCK TABLES `pma__central_columns` WRITE;
/*!40000 ALTER TABLE `pma__central_columns` DISABLE KEYS */;
/*!40000 ALTER TABLE `pma__central_columns` ENABLE KEYS */;
UNLOCK TABLES;

--
-- Table structure for table `pma__column_info`
--

DROP TABLE IF EXISTS `pma__column_info`;
/*!40101 SET @saved_cs_client     = @@character_set_client */;
/*!40101 SET character_set_client = utf8 */;
CREATE TABLE `pma__column_info` (
  `id` int(5) unsigned NOT NULL AUTO_INCREMENT,
  `db_name` varchar(64) COLLATE utf8_bin NOT NULL DEFAULT '',
  `table_name` varchar(64) COLLATE utf8_bin NOT NULL DEFAULT '',
  `column_name` varchar(64) COLLATE utf8_bin NOT NULL DEFAULT '',
  `comment` varchar(255) CHARACTER SET utf8 NOT NULL DEFAULT '',
  `mimetype` varchar(255) CHARACTER SET utf8 NOT NULL DEFAULT '',
  `transformation` varchar(255) COLLATE utf8_bin NOT NULL DEFAULT '',
  `transformation_options` varchar(255) COLLATE utf8_bin NOT NULL DEFAULT '',
  `input_transformation` varchar(255) COLLATE utf8_bin NOT NULL DEFAULT '',
  `input_transformation_options` varchar(255) COLLATE utf8_bin NOT NULL DEFAULT '',
  PRIMARY KEY (`id`),
  UNIQUE KEY `db_name` (`db_name`,`table_name`,`column_name`)
) ENGINE=InnoDB DEFAULT CHARSET=utf8 COLLATE=utf8_bin COMMENT='Column information for phpMyAdmin';
/*!40101 SET character_set_client = @saved_cs_client */;

--
-- Dumping data for table `pma__column_info`
--

LOCK TABLES `pma__column_info` WRITE;
/*!40000 ALTER TABLE `pma__column_info` DISABLE KEYS */;
/*!40000 ALTER TABLE `pma__column_info` ENABLE KEYS */;
UNLOCK TABLES;

--
-- Table structure for table `pma__designer_settings`
--

DROP TABLE IF EXISTS `pma__designer_settings`;
/*!40101 SET @saved_cs_client     = @@character_set_client */;
/*!40101 SET character_set_client = utf8 */;
CREATE TABLE `pma__designer_settings` (
  `username` varchar(64) COLLATE utf8_bin NOT NULL,
  `settings_data` text COLLATE utf8_bin NOT NULL,
  PRIMARY KEY (`username`)
) ENGINE=InnoDB DEFAULT CHARSET=utf8 COLLATE=utf8_bin COMMENT='Settings related to Designer';
/*!40101 SET character_set_client = @saved_cs_client */;

--
-- Dumping data for table `pma__designer_settings`
--

LOCK TABLES `pma__designer_settings` WRITE;
/*!40000 ALTER TABLE `pma__designer_settings` DISABLE KEYS */;
/*!40000 ALTER TABLE `pma__designer_settings` ENABLE KEYS */;
UNLOCK TABLES;

--
-- Table structure for table `pma__export_templates`
--

DROP TABLE IF EXISTS `pma__export_templates`;
/*!40101 SET @saved_cs_client     = @@character_set_client */;
/*!40101 SET character_set_client = utf8 */;
CREATE TABLE `pma__export_templates` (
  `id` int(5) unsigned NOT NULL AUTO_INCREMENT,
  `username` varchar(64) COLLATE utf8_bin NOT NULL,
  `export_type` varchar(10) COLLATE utf8_bin NOT NULL,
  `template_name` varchar(64) COLLATE utf8_bin NOT NULL,
  `template_data` text COLLATE utf8_bin NOT NULL,
  PRIMARY KEY (`id`),
  UNIQUE KEY `u_user_type_template` (`username`,`export_type`,`template_name`)
) ENGINE=InnoDB AUTO_INCREMENT=2 DEFAULT CHARSET=utf8 COLLATE=utf8_bin COMMENT='Saved export templates';
/*!40101 SET character_set_client = @saved_cs_client */;

--
-- Dumping data for table `pma__export_templates`
--

LOCK TABLES `pma__export_templates` WRITE;
/*!40000 ALTER TABLE `pma__export_templates` DISABLE KEYS */;
INSERT INTO `pma__export_templates` VALUES (1,'ccxt','database','portal','{\"quick_or_custom\":\"quick\",\"what\":\"sql\",\"structure_or_data_forced\":\"0\",\"table_select[]\":[\"configuration\",\"exchange\",\"failed_jobs\",\"invest_profile\",\"migrations\",\"multiples_targets\",\"notification\",\"notification_generated\",\"orders\",\"pairs\",\"password_resets\",\"personal_access_tokens\",\"profile\",\"sessions\",\"signals\",\"signature_type\",\"single_target\",\"users\",\"users_signature\"],\"table_structure[]\":[\"configuration\",\"exchange\",\"failed_jobs\",\"invest_profile\",\"migrations\",\"multiples_targets\",\"notification\",\"notification_generated\",\"orders\",\"pairs\",\"password_resets\",\"personal_access_tokens\",\"profile\",\"sessions\",\"signals\",\"signature_type\",\"single_target\",\"users\",\"users_signature\"],\"table_data[]\":[\"configuration\",\"exchange\",\"failed_jobs\",\"invest_profile\",\"migrations\",\"multiples_targets\",\"notification\",\"notification_generated\",\"orders\",\"pairs\",\"password_resets\",\"personal_access_tokens\",\"profile\",\"sessions\",\"signals\",\"signature_type\",\"single_target\",\"users\",\"users_signature\"],\"aliases_new\":\"\",\"output_format\":\"sendit\",\"filename_template\":\"@DATABASE@\",\"remember_template\":\"on\",\"charset\":\"utf-8\",\"compression\":\"none\",\"maxsize\":\"\",\"codegen_structure_or_data\":\"data\",\"codegen_format\":\"0\",\"csv_separator\":\",\",\"csv_enclosed\":\"\\\"\",\"csv_escaped\":\"\\\"\",\"csv_terminated\":\"AUTO\",\"csv_null\":\"NULL\",\"csv_structure_or_data\":\"data\",\"excel_null\":\"NULL\",\"excel_columns\":\"something\",\"excel_edition\":\"win\",\"excel_structure_or_data\":\"data\",\"json_structure_or_data\":\"data\",\"json_unicode\":\"something\",\"latex_caption\":\"something\",\"latex_structure_or_data\":\"structure_and_data\",\"latex_structure_caption\":\"Estrutura da tabela @TABLE@\",\"latex_structure_continued_caption\":\"Estrutura da tabela @TABLE@ (continuao)\",\"latex_structure_label\":\"tab:@TABLE@-structure\",\"latex_relation\":\"something\",\"latex_comments\":\"something\",\"latex_mime\":\"something\",\"latex_columns\":\"something\",\"latex_data_caption\":\"Contedo da tabela @TABLE@\",\"latex_data_continued_caption\":\"Contedo da tabela @TABLE@ (continuao)\",\"latex_data_label\":\"tab:@TABLE@-data\",\"latex_null\":\"\\\\textit{NULL}\",\"mediawiki_structure_or_data\":\"structure_and_data\",\"mediawiki_caption\":\"something\",\"mediawiki_headers\":\"something\",\"htmlword_structure_or_data\":\"structure_and_data\",\"htmlword_null\":\"NULL\",\"ods_null\":\"NULL\",\"ods_structure_or_data\":\"data\",\"odt_structure_or_data\":\"structure_and_data\",\"odt_relation\":\"something\",\"odt_comments\":\"something\",\"odt_mime\":\"something\",\"odt_columns\":\"something\",\"odt_null\":\"NULL\",\"pdf_report_title\":\"\",\"pdf_structure_or_data\":\"structure_and_data\",\"phparray_structure_or_data\":\"data\",\"sql_include_comments\":\"something\",\"sql_header_comment\":\"\",\"sql_use_transaction\":\"something\",\"sql_compatibility\":\"NONE\",\"sql_structure_or_data\":\"structure_and_data\",\"sql_create_table\":\"something\",\"sql_auto_increment\":\"something\",\"sql_create_view\":\"something\",\"sql_procedure_function\":\"something\",\"sql_create_trigger\":\"something\",\"sql_backquotes\":\"something\",\"sql_type\":\"INSERT\",\"sql_insert_syntax\":\"both\",\"sql_max_query_size\":\"50000\",\"sql_hex_for_binary\":\"something\",\"sql_utc_time\":\"something\",\"texytext_structure_or_data\":\"structure_and_data\",\"texytext_null\":\"NULL\",\"xml_structure_or_data\":\"data\",\"xml_export_events\":\"something\",\"xml_export_functions\":\"something\",\"xml_export_procedures\":\"something\",\"xml_export_tables\":\"something\",\"xml_export_triggers\":\"something\",\"xml_export_views\":\"something\",\"xml_export_contents\":\"something\",\"yaml_structure_or_data\":\"data\",\"\":null,\"lock_tables\":null,\"as_separate_files\":null,\"csv_removeCRLF\":null,\"csv_columns\":null,\"excel_removeCRLF\":null,\"json_pretty_print\":null,\"htmlword_columns\":null,\"ods_columns\":null,\"sql_dates\":null,\"sql_relation\":null,\"sql_mime\":null,\"sql_disable_fk\":null,\"sql_views_as_tables\":null,\"sql_metadata\":null,\"sql_create_database\":null,\"sql_drop_table\":null,\"sql_if_not_exists\":null,\"sql_truncate\":null,\"sql_delayed\":null,\"sql_ignore\":null,\"texytext_columns\":null}');
/*!40000 ALTER TABLE `pma__export_templates` ENABLE KEYS */;
UNLOCK TABLES;

--
-- Table structure for table `pma__favorite`
--

DROP TABLE IF EXISTS `pma__favorite`;
/*!40101 SET @saved_cs_client     = @@character_set_client */;
/*!40101 SET character_set_client = utf8 */;
CREATE TABLE `pma__favorite` (
  `username` varchar(64) COLLATE utf8_bin NOT NULL,
  `tables` text COLLATE utf8_bin NOT NULL,
  PRIMARY KEY (`username`)
) ENGINE=InnoDB DEFAULT CHARSET=utf8 COLLATE=utf8_bin COMMENT='Favorite tables';
/*!40101 SET character_set_client = @saved_cs_client */;

--
-- Dumping data for table `pma__favorite`
--

LOCK TABLES `pma__favorite` WRITE;
/*!40000 ALTER TABLE `pma__favorite` DISABLE KEYS */;
/*!40000 ALTER TABLE `pma__favorite` ENABLE KEYS */;
UNLOCK TABLES;

--
-- Table structure for table `pma__history`
--

DROP TABLE IF EXISTS `pma__history`;
/*!40101 SET @saved_cs_client     = @@character_set_client */;
/*!40101 SET character_set_client = utf8 */;
CREATE TABLE `pma__history` (
  `id` bigint(20) unsigned NOT NULL AUTO_INCREMENT,
  `username` varchar(64) COLLATE utf8_bin NOT NULL DEFAULT '',
  `db` varchar(64) COLLATE utf8_bin NOT NULL DEFAULT '',
  `table` varchar(64) COLLATE utf8_bin NOT NULL DEFAULT '',
  `timevalue` timestamp NOT NULL DEFAULT current_timestamp(),
  `sqlquery` text COLLATE utf8_bin NOT NULL,
  PRIMARY KEY (`id`),
  KEY `username` (`username`,`db`,`table`,`timevalue`)
) ENGINE=InnoDB DEFAULT CHARSET=utf8 COLLATE=utf8_bin COMMENT='SQL history for phpMyAdmin';
/*!40101 SET character_set_client = @saved_cs_client */;

--
-- Dumping data for table `pma__history`
--

LOCK TABLES `pma__history` WRITE;
/*!40000 ALTER TABLE `pma__history` DISABLE KEYS */;
/*!40000 ALTER TABLE `pma__history` ENABLE KEYS */;
UNLOCK TABLES;

--
-- Table structure for table `pma__navigationhiding`
--

DROP TABLE IF EXISTS `pma__navigationhiding`;
/*!40101 SET @saved_cs_client     = @@character_set_client */;
/*!40101 SET character_set_client = utf8 */;
CREATE TABLE `pma__navigationhiding` (
  `username` varchar(64) COLLATE utf8_bin NOT NULL,
  `item_name` varchar(64) COLLATE utf8_bin NOT NULL,
  `item_type` varchar(64) COLLATE utf8_bin NOT NULL,
  `db_name` varchar(64) COLLATE utf8_bin NOT NULL,
  `table_name` varchar(64) COLLATE utf8_bin NOT NULL,
  PRIMARY KEY (`username`,`item_name`,`item_type`,`db_name`,`table_name`)
) ENGINE=InnoDB DEFAULT CHARSET=utf8 COLLATE=utf8_bin COMMENT='Hidden items of navigation tree';
/*!40101 SET character_set_client = @saved_cs_client */;

--
-- Dumping data for table `pma__navigationhiding`
--

LOCK TABLES `pma__navigationhiding` WRITE;
/*!40000 ALTER TABLE `pma__navigationhiding` DISABLE KEYS */;
INSERT INTO `pma__navigationhiding` VALUES ('ccxt','banners','table','borapedi_bd',''),('ccxt','coupons','table','borapedi_bd',''),('ccxt','orders','table','borapedi_bd','');
/*!40000 ALTER TABLE `pma__navigationhiding` ENABLE KEYS */;
UNLOCK TABLES;

--
-- Table structure for table `pma__pdf_pages`
--

DROP TABLE IF EXISTS `pma__pdf_pages`;
/*!40101 SET @saved_cs_client     = @@character_set_client */;
/*!40101 SET character_set_client = utf8 */;
CREATE TABLE `pma__pdf_pages` (
  `db_name` varchar(64) COLLATE utf8_bin NOT NULL DEFAULT '',
  `page_nr` int(10) unsigned NOT NULL AUTO_INCREMENT,
  `page_descr` varchar(50) CHARACTER SET utf8 NOT NULL DEFAULT '',
  PRIMARY KEY (`page_nr`),
  KEY `db_name` (`db_name`)
) ENGINE=InnoDB DEFAULT CHARSET=utf8 COLLATE=utf8_bin COMMENT='PDF relation pages for phpMyAdmin';
/*!40101 SET character_set_client = @saved_cs_client */;

--
-- Dumping data for table `pma__pdf_pages`
--

LOCK TABLES `pma__pdf_pages` WRITE;
/*!40000 ALTER TABLE `pma__pdf_pages` DISABLE KEYS */;
/*!40000 ALTER TABLE `pma__pdf_pages` ENABLE KEYS */;
UNLOCK TABLES;

--
-- Table structure for table `pma__recent`
--

DROP TABLE IF EXISTS `pma__recent`;
/*!40101 SET @saved_cs_client     = @@character_set_client */;
/*!40101 SET character_set_client = utf8 */;
CREATE TABLE `pma__recent` (
  `username` varchar(64) COLLATE utf8_bin NOT NULL,
  `tables` text COLLATE utf8_bin NOT NULL,
  PRIMARY KEY (`username`)
) ENGINE=InnoDB DEFAULT CHARSET=utf8 COLLATE=utf8_bin COMMENT='Recently accessed tables';
/*!40101 SET character_set_client = @saved_cs_client */;

--
-- Dumping data for table `pma__recent`
--

LOCK TABLES `pma__recent` WRITE;
/*!40000 ALTER TABLE `pma__recent` DISABLE KEYS */;
INSERT INTO `pma__recent` VALUES ('ccxt','[{\"db\":\"zeus_db\",\"table\":\"candidate\"},{\"db\":\"zeus_db\",\"table\":\"candidate_english_level\"},{\"db\":\"zeus_db\",\"table\":\"candidate_role\"},{\"db\":\"zeus_db\",\"table\":\"users\"},{\"db\":\"zeus_db\",\"table\":\"candidate_status\"},{\"db\":\"zeus_db\",\"table\":\"state\"},{\"db\":\"db2\",\"table\":\"quote\"},{\"db\":\"db2\",\"table\":\"users\"},{\"db\":\"db2\",\"table\":\"phoenix_log\"},{\"db\":\"meu-site\",\"table\":\"users\"}]');
/*!40000 ALTER TABLE `pma__recent` ENABLE KEYS */;
UNLOCK TABLES;

--
-- Table structure for table `pma__relation`
--

DROP TABLE IF EXISTS `pma__relation`;
/*!40101 SET @saved_cs_client     = @@character_set_client */;
/*!40101 SET character_set_client = utf8 */;
CREATE TABLE `pma__relation` (
  `master_db` varchar(64) COLLATE utf8_bin NOT NULL DEFAULT '',
  `master_table` varchar(64) COLLATE utf8_bin NOT NULL DEFAULT '',
  `master_field` varchar(64) COLLATE utf8_bin NOT NULL DEFAULT '',
  `foreign_db` varchar(64) COLLATE utf8_bin NOT NULL DEFAULT '',
  `foreign_table` varchar(64) COLLATE utf8_bin NOT NULL DEFAULT '',
  `foreign_field` varchar(64) COLLATE utf8_bin NOT NULL DEFAULT '',
  PRIMARY KEY (`master_db`,`master_table`,`master_field`),
  KEY `foreign_field` (`foreign_db`,`foreign_table`)
) ENGINE=InnoDB DEFAULT CHARSET=utf8 COLLATE=utf8_bin COMMENT='Relation table';
/*!40101 SET character_set_client = @saved_cs_client */;

--
-- Dumping data for table `pma__relation`
--

LOCK TABLES `pma__relation` WRITE;
/*!40000 ALTER TABLE `pma__relation` DISABLE KEYS */;
/*!40000 ALTER TABLE `pma__relation` ENABLE KEYS */;
UNLOCK TABLES;

--
-- Table structure for table `pma__savedsearches`
--

DROP TABLE IF EXISTS `pma__savedsearches`;
/*!40101 SET @saved_cs_client     = @@character_set_client */;
/*!40101 SET character_set_client = utf8 */;
CREATE TABLE `pma__savedsearches` (
  `id` int(5) unsigned NOT NULL AUTO_INCREMENT,
  `username` varchar(64) COLLATE utf8_bin NOT NULL DEFAULT '',
  `db_name` varchar(64) COLLATE utf8_bin NOT NULL DEFAULT '',
  `search_name` varchar(64) COLLATE utf8_bin NOT NULL DEFAULT '',
  `search_data` text COLLATE utf8_bin NOT NULL,
  PRIMARY KEY (`id`),
  UNIQUE KEY `u_savedsearches_username_dbname` (`username`,`db_name`,`search_name`)
) ENGINE=InnoDB DEFAULT CHARSET=utf8 COLLATE=utf8_bin COMMENT='Saved searches';
/*!40101 SET character_set_client = @saved_cs_client */;

--
-- Dumping data for table `pma__savedsearches`
--

LOCK TABLES `pma__savedsearches` WRITE;
/*!40000 ALTER TABLE `pma__savedsearches` DISABLE KEYS */;
/*!40000 ALTER TABLE `pma__savedsearches` ENABLE KEYS */;
UNLOCK TABLES;

--
-- Table structure for table `pma__table_coords`
--

DROP TABLE IF EXISTS `pma__table_coords`;
/*!40101 SET @saved_cs_client     = @@character_set_client */;
/*!40101 SET character_set_client = utf8 */;
CREATE TABLE `pma__table_coords` (
  `db_name` varchar(64) COLLATE utf8_bin NOT NULL DEFAULT '',
  `table_name` varchar(64) COLLATE utf8_bin NOT NULL DEFAULT '',
  `pdf_page_number` int(11) NOT NULL DEFAULT 0,
  `x` float unsigned NOT NULL DEFAULT 0,
  `y` float unsigned NOT NULL DEFAULT 0,
  PRIMARY KEY (`db_name`,`table_name`,`pdf_page_number`)
) ENGINE=InnoDB DEFAULT CHARSET=utf8 COLLATE=utf8_bin COMMENT='Table coordinates for phpMyAdmin PDF output';
/*!40101 SET character_set_client = @saved_cs_client */;

--
-- Dumping data for table `pma__table_coords`
--

LOCK TABLES `pma__table_coords` WRITE;
/*!40000 ALTER TABLE `pma__table_coords` DISABLE KEYS */;
/*!40000 ALTER TABLE `pma__table_coords` ENABLE KEYS */;
UNLOCK TABLES;

--
-- Table structure for table `pma__table_info`
--

DROP TABLE IF EXISTS `pma__table_info`;
/*!40101 SET @saved_cs_client     = @@character_set_client */;
/*!40101 SET character_set_client = utf8 */;
CREATE TABLE `pma__table_info` (
  `db_name` varchar(64) COLLATE utf8_bin NOT NULL DEFAULT '',
  `table_name` varchar(64) COLLATE utf8_bin NOT NULL DEFAULT '',
  `display_field` varchar(64) COLLATE utf8_bin NOT NULL DEFAULT '',
  PRIMARY KEY (`db_name`,`table_name`)
) ENGINE=InnoDB DEFAULT CHARSET=utf8 COLLATE=utf8_bin COMMENT='Table information for phpMyAdmin';
/*!40101 SET character_set_client = @saved_cs_client */;

--
-- Dumping data for table `pma__table_info`
--

LOCK TABLES `pma__table_info` WRITE;
/*!40000 ALTER TABLE `pma__table_info` DISABLE KEYS */;
INSERT INTO `pma__table_info` VALUES ('cypto-bot','multiples_targets','reached'),('cypto-bot','orders','type_of'),('cypto-bot','prices','date_symbol');
/*!40000 ALTER TABLE `pma__table_info` ENABLE KEYS */;
UNLOCK TABLES;

--
-- Table structure for table `pma__table_uiprefs`
--

DROP TABLE IF EXISTS `pma__table_uiprefs`;
/*!40101 SET @saved_cs_client     = @@character_set_client */;
/*!40101 SET character_set_client = utf8 */;
CREATE TABLE `pma__table_uiprefs` (
  `username` varchar(64) COLLATE utf8_bin NOT NULL,
  `db_name` varchar(64) COLLATE utf8_bin NOT NULL,
  `table_name` varchar(64) COLLATE utf8_bin NOT NULL,
  `prefs` text COLLATE utf8_bin NOT NULL,
  `last_update` timestamp NOT NULL DEFAULT current_timestamp() ON UPDATE current_timestamp(),
  PRIMARY KEY (`username`,`db_name`,`table_name`)
) ENGINE=InnoDB DEFAULT CHARSET=utf8 COLLATE=utf8_bin COMMENT='Tables'' UI preferences';
/*!40101 SET character_set_client = @saved_cs_client */;

--
-- Dumping data for table `pma__table_uiprefs`
--

LOCK TABLES `pma__table_uiprefs` WRITE;
/*!40000 ALTER TABLE `pma__table_uiprefs` DISABLE KEYS */;
INSERT INTO `pma__table_uiprefs` VALUES ('ccxt','app','configuration','{\"sorted_col\":\"`configuration`.`bot_active` ASC\"}','2020-12-22 18:25:18'),('ccxt','app','users_signature','{\"sorted_col\":\"`users_signature`.`id` ASC\"}','2020-12-21 13:41:49'),('ccxt','borapedi_bd','extras','{\"sorted_col\":\"`extras`.`extra_for_all_variants` ASC\"}','2021-04-27 19:19:36'),('ccxt','borapedi_bd','notifications','{\"sorted_col\":\"`notifications`.`notifiable_id` ASC\"}','2021-05-24 20:51:44'),('ccxt','borapedi_bd','orders','{\"sorted_col\":\"`id` ASC\",\"CREATE_TIME\":\"2021-07-20 09:20:37\"}','2021-09-14 11:44:49'),('ccxt','cypto-bot','prices','{\"CREATE_TIME\":\"2020-12-08 05:58:58\",\"sorted_col\":\"`prices`.`timestamp_symbol`  DESC\"}','2020-12-09 21:49:06');
/*!40000 ALTER TABLE `pma__table_uiprefs` ENABLE KEYS */;
UNLOCK TABLES;

--
-- Table structure for table `pma__tracking`
--

DROP TABLE IF EXISTS `pma__tracking`;
/*!40101 SET @saved_cs_client     = @@character_set_client */;
/*!40101 SET character_set_client = utf8 */;
CREATE TABLE `pma__tracking` (
  `db_name` varchar(64) COLLATE utf8_bin NOT NULL,
  `table_name` varchar(64) COLLATE utf8_bin NOT NULL,
  `version` int(10) unsigned NOT NULL,
  `date_created` datetime NOT NULL,
  `date_updated` datetime NOT NULL,
  `schema_snapshot` text COLLATE utf8_bin NOT NULL,
  `schema_sql` text COLLATE utf8_bin DEFAULT NULL,
  `data_sql` longtext COLLATE utf8_bin DEFAULT NULL,
  `tracking` set('UPDATE','REPLACE','INSERT','DELETE','TRUNCATE','CREATE DATABASE','ALTER DATABASE','DROP DATABASE','CREATE TABLE','ALTER TABLE','RENAME TABLE','DROP TABLE','CREATE INDEX','DROP INDEX','CREATE VIEW','ALTER VIEW','DROP VIEW') COLLATE utf8_bin DEFAULT NULL,
  `tracking_active` int(1) unsigned NOT NULL DEFAULT 1,
  PRIMARY KEY (`db_name`,`table_name`,`version`)
) ENGINE=InnoDB DEFAULT CHARSET=utf8 COLLATE=utf8_bin COMMENT='Database changes tracking for phpMyAdmin';
/*!40101 SET character_set_client = @saved_cs_client */;

--
-- Dumping data for table `pma__tracking`
--

LOCK TABLES `pma__tracking` WRITE;
/*!40000 ALTER TABLE `pma__tracking` DISABLE KEYS */;
/*!40000 ALTER TABLE `pma__tracking` ENABLE KEYS */;
UNLOCK TABLES;

--
-- Table structure for table `pma__userconfig`
--

DROP TABLE IF EXISTS `pma__userconfig`;
/*!40101 SET @saved_cs_client     = @@character_set_client */;
/*!40101 SET character_set_client = utf8 */;
CREATE TABLE `pma__userconfig` (
  `username` varchar(64) COLLATE utf8_bin NOT NULL,
  `timevalue` timestamp NOT NULL DEFAULT current_timestamp() ON UPDATE current_timestamp(),
  `config_data` text COLLATE utf8_bin NOT NULL,
  PRIMARY KEY (`username`)
) ENGINE=InnoDB DEFAULT CHARSET=utf8 COLLATE=utf8_bin COMMENT='User preferences storage for phpMyAdmin';
/*!40101 SET character_set_client = @saved_cs_client */;

--
-- Dumping data for table `pma__userconfig`
--

LOCK TABLES `pma__userconfig` WRITE;
/*!40000 ALTER TABLE `pma__userconfig` DISABLE KEYS */;
INSERT INTO `pma__userconfig` VALUES ('ccxt','2022-02-24 10:27:26','{\"lang\":\"pt_BR\",\"Console\\/Mode\":\"show\",\"Console\\/Height\":0}'),('phpmyadmin','2023-01-03 15:09:21','{\"lang\":\"pt_BR\",\"Console\\/Mode\":\"collapse\",\"NavigationWidth\":229}');
/*!40000 ALTER TABLE `pma__userconfig` ENABLE KEYS */;
UNLOCK TABLES;

--
-- Table structure for table `pma__usergroups`
--

DROP TABLE IF EXISTS `pma__usergroups`;
/*!40101 SET @saved_cs_client     = @@character_set_client */;
/*!40101 SET character_set_client = utf8 */;
CREATE TABLE `pma__usergroups` (
  `usergroup` varchar(64) COLLATE utf8_bin NOT NULL,
  `tab` varchar(64) COLLATE utf8_bin NOT NULL,
  `allowed` enum('Y','N') COLLATE utf8_bin NOT NULL DEFAULT 'N',
  PRIMARY KEY (`usergroup`,`tab`,`allowed`)
) ENGINE=InnoDB DEFAULT CHARSET=utf8 COLLATE=utf8_bin COMMENT='User groups with configured menu items';
/*!40101 SET character_set_client = @saved_cs_client */;

--
-- Dumping data for table `pma__usergroups`
--

LOCK TABLES `pma__usergroups` WRITE;
/*!40000 ALTER TABLE `pma__usergroups` DISABLE KEYS */;
/*!40000 ALTER TABLE `pma__usergroups` ENABLE KEYS */;
UNLOCK TABLES;

--
-- Table structure for table `pma__users`
--

DROP TABLE IF EXISTS `pma__users`;
/*!40101 SET @saved_cs_client     = @@character_set_client */;
/*!40101 SET character_set_client = utf8 */;
CREATE TABLE `pma__users` (
  `username` varchar(64) COLLATE utf8_bin NOT NULL,
  `usergroup` varchar(64) COLLATE utf8_bin NOT NULL,
  PRIMARY KEY (`username`,`usergroup`)
) ENGINE=InnoDB DEFAULT CHARSET=utf8 COLLATE=utf8_bin COMMENT='Users and their assignments to user groups';
/*!40101 SET character_set_client = @saved_cs_client */;

--
-- Dumping data for table `pma__users`
--

LOCK TABLES `pma__users` WRITE;
/*!40000 ALTER TABLE `pma__users` DISABLE KEYS */;
/*!40000 ALTER TABLE `pma__users` ENABLE KEYS */;
UNLOCK TABLES;

--
-- Current Database: `symfony`
--

CREATE DATABASE /*!32312 IF NOT EXISTS*/ `symfony` /*!40100 DEFAULT CHARACTER SET utf8mb4 */;

USE `symfony`;

--
-- Table structure for table `doctrine_migration_versions`
--

DROP TABLE IF EXISTS `doctrine_migration_versions`;
/*!40101 SET @saved_cs_client     = @@character_set_client */;
/*!40101 SET character_set_client = utf8 */;
CREATE TABLE `doctrine_migration_versions` (
  `version` varchar(191) COLLATE utf8_unicode_ci NOT NULL,
  `executed_at` datetime DEFAULT NULL,
  `execution_time` int(11) DEFAULT NULL,
  PRIMARY KEY (`version`)
) ENGINE=InnoDB DEFAULT CHARSET=utf8 COLLATE=utf8_unicode_ci;
/*!40101 SET character_set_client = @saved_cs_client */;

--
-- Dumping data for table `doctrine_migration_versions`
--

LOCK TABLES `doctrine_migration_versions` WRITE;
/*!40000 ALTER TABLE `doctrine_migration_versions` DISABLE KEYS */;
INSERT INTO `doctrine_migration_versions` VALUES ('DoctrineMigrations\\Version20211108171636','2021-11-08 13:43:57',76);
/*!40000 ALTER TABLE `doctrine_migration_versions` ENABLE KEYS */;
UNLOCK TABLES;

--
-- Table structure for table `entrada`
--

DROP TABLE IF EXISTS `entrada`;
/*!40101 SET @saved_cs_client     = @@character_set_client */;
/*!40101 SET character_set_client = utf8 */;
CREATE TABLE `entrada` (
  `id` int(11) NOT NULL AUTO_INCREMENT,
  `batch` datetime NOT NULL,
  `entrada` varchar(255) COLLATE utf8mb4_unicode_ci NOT NULL,
  `chave` varchar(255) COLLATE utf8mb4_unicode_ci NOT NULL,
  `n` bigint(20) NOT NULL,
  PRIMARY KEY (`id`)
) ENGINE=InnoDB AUTO_INCREMENT=4 DEFAULT CHARSET=utf8mb4 COLLATE=utf8mb4_unicode_ci;
/*!40101 SET character_set_client = @saved_cs_client */;

--
-- Dumping data for table `entrada`
--

LOCK TABLES `entrada` WRITE;
/*!40000 ALTER TABLE `entrada` DISABLE KEYS */;
INSERT INTO `entrada` VALUES (1,'2021-08-11 14:20:00','dasdasd','a9ecfdba',24474),(2,'2021-08-11 14:20:00','0000da96c59ffc840a5b1a0ae8263bb6','10bf617c',47729),(3,'2021-08-11 14:20:00','000052956db260598ae435dce2df6069','be531cfa',5268);
/*!40000 ALTER TABLE `entrada` ENABLE KEYS */;
UNLOCK TABLES;

--
-- Current Database: `zeus_db`
--

CREATE DATABASE /*!32312 IF NOT EXISTS*/ `zeus_db` /*!40100 DEFAULT CHARACTER SET utf8mb4 */;

USE `zeus_db`;

--
-- Table structure for table `candidate`
--

DROP TABLE IF EXISTS `candidate`;
/*!40101 SET @saved_cs_client     = @@character_set_client */;
/*!40101 SET character_set_client = utf8 */;
CREATE TABLE `candidate` (
  `id` bigint(20) unsigned NOT NULL AUTO_INCREMENT,
  `gid` varchar(255) COLLATE utf8mb4_unicode_ci NOT NULL,
  `role_id` bigint(20) unsigned NOT NULL,
  `title` text COLLATE utf8mb4_unicode_ci NOT NULL,
  `payment` double(8,2) NOT NULL,
  `CID` varchar(255) COLLATE utf8mb4_unicode_ci NOT NULL,
  `state_id` bigint(20) unsigned NOT NULL,
  `city` varchar(255) COLLATE utf8mb4_unicode_ci NOT NULL,
  `remote` tinyint(1) NOT NULL,
  `move_out` tinyint(1) NOT NULL,
  `description` text COLLATE utf8mb4_unicode_ci NOT NULL,
  `tecnical_degree` varchar(255) COLLATE utf8mb4_unicode_ci DEFAULT NULL,
  `superior_degree` varchar(255) COLLATE utf8mb4_unicode_ci DEFAULT NULL,
  `spec_degree` varchar(255) COLLATE utf8mb4_unicode_ci DEFAULT NULL,
  `mba_degree` varchar(255) COLLATE utf8mb4_unicode_ci DEFAULT NULL,
  `master_degree` varchar(255) COLLATE utf8mb4_unicode_ci DEFAULT NULL,
  `doctor_degree` varchar(255) COLLATE utf8mb4_unicode_ci DEFAULT NULL,
  `english_level` bigint(20) unsigned NOT NULL,
  `full_name` varchar(255) COLLATE utf8mb4_unicode_ci NOT NULL,
  `cellphone` varchar(255) COLLATE utf8mb4_unicode_ci NOT NULL,
  `email` varchar(255) COLLATE utf8mb4_unicode_ci NOT NULL,
  `cv_url` varchar(255) COLLATE utf8mb4_unicode_ci NOT NULL,
  `published_at` timestamp NULL DEFAULT NULL,
  `status_id` bigint(20) unsigned NOT NULL,
  `created_at` timestamp NULL DEFAULT NULL,
  `updated_at` timestamp NULL DEFAULT NULL,
  PRIMARY KEY (`id`),
  UNIQUE KEY `candidate_gid_unique` (`gid`),
  KEY `candidate_role_id_foreign` (`role_id`),
  KEY `candidate_english_level_foreign` (`english_level`),
  KEY `candidate_status_id_foreign` (`status_id`),
  KEY `candidate_state_id_foreign` (`state_id`),
  CONSTRAINT `candidate_english_level_foreign` FOREIGN KEY (`english_level`) REFERENCES `candidate_english_level` (`id`),
  CONSTRAINT `candidate_role_id_foreign` FOREIGN KEY (`role_id`) REFERENCES `candidate_role` (`id`),
  CONSTRAINT `candidate_state_id_foreign` FOREIGN KEY (`state_id`) REFERENCES `state` (`id`),
  CONSTRAINT `candidate_status_id_foreign` FOREIGN KEY (`status_id`) REFERENCES `candidate_status` (`id`)
) ENGINE=InnoDB AUTO_INCREMENT=501 DEFAULT CHARSET=utf8mb4 COLLATE=utf8mb4_unicode_ci;
/*!40101 SET character_set_client = @saved_cs_client */;

--
-- Dumping data for table `candidate`
--

LOCK TABLES `candidate` WRITE;
/*!40000 ALTER TABLE `candidate` DISABLE KEYS */;
INSERT INTO `candidate` VALUES (1,'0775c0aecbaf90c6509af0b70e262aa3',1,'2iKKsmjFw3ZhhGHQ8seM',4186.00,'5H69WlM383fTe5bcKvSl',17,'1Kv48ORWZK3Fki1bTlNi',0,1,'OipZYWi0dlkmB34S5mNd',NULL,NULL,NULL,NULL,NULL,NULL,3,'cBNIoZ851DpquFmCbSgpaSopAxw5DKZz7g9KeS0R','97430846','KnDXZne9cn@Bto9RSHWh2.vA6','http://z5lW9jMUR8.CFxlWvdaId.5JB','2022-02-24 14:38:51',1,'2022-02-24 14:38:51','2022-02-24 14:38:51'),(2,'b6058fae6c888cc00d3b55644b568d7d',6,'W81Nw6fnrBGpSsWTQi6A',1672.00,'Gwwm81i7MVZmg3XAQ4eL',6,'FuIL7Sn5eKHAID2IxTvi',0,0,'RGsUwcu9RDV4GkppIJOf',NULL,NULL,NULL,NULL,NULL,NULL,2,'xMDFLWwX0jpWSZqZRpvCs1eZcwHMNZBgBVtIOSzQ','81922762','MCUy0jV7k2@2OLaXN9C2K.Mqv','http://z4GXuP8dZV.6JPyXY5bt6.neU','2022-02-24 14:38:51',1,'2022-02-24 14:38:51','2022-02-24 14:38:51'),(3,'f25d13a4d130a27324bbeabb8d4c013c',2,'7Abf1CkbKosszZQa3cyZ',1878.00,'n8URHco8Kt16vRIummVR',4,'qNT4SVFI8aSfRbXcgYMn',1,0,'XgsoqfJsmLuxsWrXQQmc',NULL,NULL,NULL,NULL,NULL,NULL,2,'P7nwbK427zXRkNzGurW4S3oE7a11S48nO38YYNqA','74872329','46dwYBbyyj@7gQMYv0Myb.MJx','http://VTsfqVy5u5.XN39flkktT.myH','2022-02-24 14:38:51',1,'2022-02-24 14:38:51','2022-02-24 14:38:51'),(4,'e16ad355376ab5023d86358c38b477ce',5,'iuV7T2ATB9K7rrMpTqlL',4548.00,'wL6ghFHemVjl2FwJYC0P',2,'B1hCoz5DomXwXEwL58dp',1,1,'yQDRmkVGpJKL25x0lIe0',NULL,NULL,NULL,NULL,NULL,NULL,1,'Awprkhsw3DLiCZCwbX6KZwUWgv1C3Iu2S6gxd6dk','54341542','OqQvI1ACzk@HeEHaHa1nz.wut','http://ng19VEDenA.909CZW2JOn.FL6','2022-02-24 14:38:51',1,'2022-02-24 14:38:51','2022-02-24 14:38:51'),(5,'3542c75a6d530cd37d3b95ee16e41ba2',3,'ARuCTwTlQkQPWYuPwIWG',2604.00,'34ok6TEUB3Q7XQCUr5EV',8,'f1t10o6GPyGhSHFz0ABU',1,0,'SHKPKGoD8BghW7ZZ74x6',NULL,NULL,NULL,NULL,NULL,NULL,2,'ZdqhZZLvkQ9BB58Qin2lmr3dVVdobNcDAaa2SfPB','41411582','mvS1KRd06k@YpJqAVpe57.QBZ','http://L9eQbj0vUf.hGjSEcrLxW.aIo','2022-02-24 14:38:51',1,'2022-02-24 14:38:51','2022-02-24 14:38:51'),(6,'5fbab0c4dc34ed5a1ca3c5355b66a0e9',1,'zcGv4GuI1nU49uaaoPyU',2775.00,'qDSjK7r9Zau4U7chclhE',20,'B9z5Wl8QJIGFjJdufgUy',0,0,'jDv4hAECtgohioRUqMxR',NULL,NULL,NULL,NULL,NULL,NULL,4,'ldmiAmv8eGF0saysj9Ct3GD73sZiRA0VnRp8ixKB','13408910','6URMup9A1B@M5SDYEjf23.K3m','http://cDkEqtDgbr.03gdEtyi16.XKS','2022-02-24 14:38:51',1,'2022-02-24 14:38:51','2022-02-24 14:38:51'),(7,'0a4daf3add06e3d5fa7ec79f3846e132',8,'4oF2MWqEOH2uReWuDMLW',1081.00,'0WX2hYnyeGEGsprTQvNd',24,'yasqAPiy49wyxbSV3IAD',0,1,'uNuyHQZEQO805h2J0ckv',NULL,NULL,NULL,NULL,NULL,NULL,3,'lREVsxJ2ghoWUGODfTaW7gNQhe79dHwkhcfQcH26','73761359','PU7QrrQr2x@fqMfWX7a4K.tgY','http://OadMHGukGz.etIOQ82eDy.YiH','2022-02-24 14:38:51',1,'2022-02-24 14:38:51','2022-02-24 14:38:51'),(8,'5d059ce9efd629970fca2fb3b982f3f4',5,'MBxk4dFpylXJsTRNezRL',4654.00,'bC72f5u46CUi8bQcCSWn',22,'aButFE8T9ALZIx1pAVDj',0,0,'X32nuUigqI7MWynGzD1l',NULL,NULL,NULL,NULL,NULL,NULL,2,'2cysysiFvCVbNIMWFyeck9VrhSMOFbt7cnSayDtt','60057058','0FB4jDz1cC@tKGFwmaB7I.S6p','http://5HEcA1vBlv.f8ni6GBtDR.3o5','2022-02-24 14:38:51',1,'2022-02-24 14:38:51','2022-02-24 14:38:51'),(9,'2670f70e05fd8d8865ed33605af565fa',6,'NdlSM3lv7tqiep6KcHCm',1815.00,'2vEzbXv2mT615vR39SGr',3,'JATMjtR4qarShdLMVJl8',0,0,'so2q47tzYtTihsgujytl',NULL,NULL,NULL,NULL,NULL,NULL,3,'oGcP5Cpc3AWvqkRqxf9rW8EvQgFmWqNIRR5U64lI','99625167','uX2OHM5zkf@ymwoGGITrq.WmM','http://TISTFM3ehb.0p4o6CevQ3.oVl','2022-02-24 14:38:51',1,'2022-02-24 14:38:51','2022-02-24 14:38:51'),(10,'89c0782edf070ebc47a0bba782e44b7f',3,'RfF9J4xHTs2rhw23z7S7',4481.00,'eINXk6G6EbV9DEvce9Rd',27,'iOR8dC4yx4SfZJLXOfew',1,0,'kmMeyozgp2AaybKFNQBB',NULL,NULL,NULL,NULL,NULL,NULL,4,'QjOS1lZ8ln46Ekljf9uhsNWalTAzCCixMIvtQsO3','62645917','wC8hVUK2nC@j6Cl6XXgpA.xn1','http://R5Gibk9oak.twtKcxV1vt.KID','2022-02-24 14:38:51',1,'2022-02-24 14:38:51','2022-02-24 14:38:51'),(11,'80370dfe8d2e6331892594ed3e768914',8,'jxKkAt5IyCY7D5YO5oM6',2046.00,'dQJLol58dpjvhuLPnzQn',7,'Ktp6bU4Eeyyjsa6creQ9',0,1,'Uvt2wlLNwC0hen1KFr6s',NULL,NULL,NULL,NULL,NULL,NULL,1,'HZSZsrIcw68sfcQjvXdetNr7qtxEkBEyxaDXN3IA','47477121','ZS6dUGr6ZR@gy7IXgmmN2.5U0','http://sahVklKlMq.6pbkvswJ7z.R7E','2022-02-24 14:38:51',1,'2022-02-24 14:38:51','2022-02-24 14:38:51'),(12,'9af46b82a3a53b993ae729c44bb3a5ad',9,'19qYzVbo9ayuDa4nKwyP',1651.00,'b6V6FP0XMrEhdCu3U1b3',20,'9qz8n8etkpJlssEG8mke',0,0,'lKc7nrVkOyYqEjlI57zT',NULL,NULL,NULL,NULL,NULL,NULL,3,'Y9Yp1TcnRypxbwypfwzXEKzTOXmixe8JjWQhPlpX','44571867','tMtka4ikkC@5iU7zEfoRj.0GU','http://CHCOVfuejl.zdICayhFEV.92B','2022-02-24 14:38:51',1,'2022-02-24 14:38:51','2022-02-24 14:38:51'),(13,'8bba57097b4c4fb5cae41e082f5399d8',5,'blaM1DcUiPoTtONwyyoR',2753.00,'hTnaDwLrYEdAsyxaKjSb',2,'MO3eYT1rgDUs8pBc2sgT',1,0,'mhZb9h6c6pA2Oy6OpFSs',NULL,NULL,NULL,NULL,NULL,NULL,1,'bhQCfTFmWnLcObmzsOilhCBnxNQk8ypIttBMfaE7','31090808','u7MOd978gt@AXs2vQWaR7.c2Y','http://Uf9SyAdNPq.CFW37w09CL.plD','2022-02-24 14:38:51',1,'2022-02-24 14:38:51','2022-02-24 14:38:51'),(14,'04a121bed4de18ff4377f6def111783f',4,'KblcpLYXCDcLCvJkCkiw',1690.00,'K1JJkrYrpl9xM9fR6J8S',11,'xRPNNdOj66kMOcfV8flg',0,1,'rnizg0LlcEzLbMIC46yH',NULL,NULL,NULL,NULL,NULL,NULL,3,'lAomGLWtLvf4nB2wDVE7qFGp4sJGfZKGwp4AW6Ph','15038798','bdfgBBdHBa@IAJLGzSfVY.RRZ','http://jGIZU3ublp.OcgrVqGfT2.hAb','2022-02-24 14:38:51',1,'2022-02-24 14:38:51','2022-02-24 14:38:51'),(15,'83b97dcad13fa59e4496a365c399bce4',5,'a2DJDNSvN9xaJ7v9HxUS',1299.00,'QKL5q6VsWOFV6EeRZaa9',21,'qfHDny0oiJV60UWbk7M7',0,1,'lyTR8tUNJSRnF012D8go',NULL,NULL,NULL,NULL,NULL,NULL,1,'kdFsbSPru04CUOHfb9uZtiDBLnJLPfFnDNmfioBX','31505191','M2u2QtslBi@HyjuYQR1q6.Obi','http://OI28j9qL7f.16mnudiWhk.bU5','2022-02-24 14:38:51',1,'2022-02-24 14:38:51','2022-02-24 14:38:51'),(16,'fbf2a30a2bc57671b286f43d354ea8a0',6,'A4wLYChhUpUrdphhoqkn',2234.00,'sRms90ld0w7EJiXrCueW',17,'fmeZke1XxO3ZbAtVbfqy',0,0,'seTGs3JTNlYN4K2MQYG0',NULL,NULL,NULL,NULL,NULL,NULL,1,'mhLPUMz3h1tRcn4ALq14uEqDHiBdk0s9mfluRmWw','96783734','O8tQPsiMqA@mX5FkuuEPi.tA3','http://1RZMMl9DPc.uSLs7DTaj8.ALU','2022-02-24 14:38:51',1,'2022-02-24 14:38:51','2022-02-24 14:38:51'),(17,'3a99371fa036182f202278bbdd9eb64d',3,'VQCDGCIKt8mAA5dwRfKj',4718.00,'gECnxRL5Q6wr2xYsGyTR',3,'0un5HYcf2iRMs1by88Cs',0,0,'aKwZhYtqoggAjbOkwbVC',NULL,NULL,NULL,NULL,NULL,NULL,4,'rs5m8h2dZWt6eshtMX9W6MRfWVysZRJX9Ec3M1uP','11272619','BBoZZkzIZe@tQiz1Fhj60.by6','http://EbYzYf0ach.NRh59DpclJ.dtj','2022-02-24 14:38:51',1,'2022-02-24 14:38:51','2022-02-24 14:38:51'),(18,'ea622d02f6a010f7c92db46882d4afea',2,'LpqZ1wROrRAPPhqLC17W',4780.00,'nqILTO3PbycMoOIBkoTd',15,'wFHM4UhJvmUEZpvkKGgH',0,1,'dmaFuRdEtBqJQawiBsHO',NULL,NULL,NULL,NULL,NULL,NULL,3,'AKcB2Lc9LDVBHUDN0r3KZ0qAkv3mOLD0xDZHRh5F','71553664','83YRHQUYFT@RZr5PUb9to.st3','http://oh8v08LZg7.Mtd2csiwmH.6Ag','2022-02-24 14:38:51',1,'2022-02-24 14:38:51','2022-02-24 14:38:51'),(19,'bf9fb9719e8ff7d9a0bedc942db4e35e',8,'6UvYa4yjPBwK0caogzVR',2033.00,'24S41QKCEXllWaCzrvLt',21,'5RdzMHFV88fzFkibG9BI',0,1,'Fg428MzhdaKFA8eYCcrs',NULL,NULL,NULL,NULL,NULL,NULL,4,'ww8Wp6Ohf0rxnw7QCQbfzihqXGrhSAuC1S3R1dSv','81585990','K3Ga1xwd8A@mFbBeSXwQh.Ema','http://iQLVnFZVDH.SNStDpoRus.OWY','2022-02-24 14:38:51',1,'2022-02-24 14:38:51','2022-02-24 14:38:51'),(20,'39be849f13accbf9e6b32b51224f6bf8',8,'8Cgf4bGJpyfYVgWUPLka',4308.00,'XReVohY8sDg44FiSGzY9',10,'5yna1vOJ5DXzpqQ4Tia4',1,1,'MkI9IwHwr7B3un2sdpQF',NULL,NULL,NULL,NULL,NULL,NULL,2,'jD7AUoUJA5nI0CJ96JrJXOozlNAt3Qw04s1E1HUT','12037255','5wD39FX1Ix@E0y5Pbe7my.FpV','http://iBG62bzSo8.kS4duhkjCj.G03','2022-02-24 14:38:51',1,'2022-02-24 14:38:51','2022-02-24 14:38:51'),(21,'1ef3fb304a4d230240f473d66904f13e',6,'ATDTkkB2MWfGwO23ZYrV',4871.00,'yIW7QQJPXgXZ55NNqnGt',24,'T73SZH6cFaDBwMncZxBz',0,1,'L8Au2GpJCYuQstmSOfjp',NULL,NULL,NULL,NULL,NULL,NULL,1,'I3WArdv9NpHvJAGIkaoNLR2ZAtRWt3vnjvWiMAz0','51626827','NHcuf5kgok@B2NA8UTdvM.132','http://caxzJdOEio.eLAhHaq1f5.1Mx','2022-02-24 14:38:51',1,'2022-02-24 14:38:51','2022-02-24 14:38:51'),(22,'6db11b50fc1a0ec606fec821dbce57db',5,'jIrEdF5zmJtpQOxO7foe',2647.00,'peC9TvFqmJh4bIUHvqnU',8,'i3DvTBTmktkn4RmzGtN2',1,0,'g4ioiXh034ri730x8VjZ',NULL,NULL,NULL,NULL,NULL,NULL,1,'irpzL0oZPBDfYamql9SQF4Jpbp6KcZH6qo2oAN6P','59765467','QhvHwAZiuN@UBvCXYmbzs.oBQ','http://5cY9S2Z7Do.gatDhbi5hY.arb','2022-02-24 14:38:51',1,'2022-02-24 14:38:51','2022-02-24 14:38:51'),(23,'8cfd07e34268832b8e9954b4717cd9d7',4,'1WXzCKeUD2bOKbyge4h3',1108.00,'o2G4WB4HnzgJaoujX5VO',26,'N2oAG8jZS5QaQ53tkiRN',0,1,'ago9iike4UY1RJvJ1PhG',NULL,NULL,NULL,NULL,NULL,NULL,3,'EnBo8ePMGmsnmaFMUvFiZ09S3ZEFSaT9MYsKrY82','12017564','lvfzzapLJD@5iu6AHbx8c.WH0','http://PjVe6To9Nr.Zq3BhUMRQL.B6u','2022-02-24 14:38:51',1,'2022-02-24 14:38:51','2022-02-24 14:38:51'),(24,'b9007f644fc05e973e1243505c3133aa',3,'QccWPueZI7UIl42emfTF',1045.00,'RJ6JztomvYhL3QKCbpqT',26,'YceZaxzwah3ZteJO30vB',1,1,'TlNtud411iHsdHwmoZKl',NULL,NULL,NULL,NULL,NULL,NULL,3,'wQY0vKDD9UsF7yyqCkKzAmyqZrO0WJ7kJcolYtY3','41657027','3tbo2zjt2f@KYPnxqmttX.IgE','http://lc272320CK.3j5XLFUalz.wbm','2022-02-24 14:38:51',1,'2022-02-24 14:38:51','2022-02-24 14:38:51'),(25,'dc38c207fa305a3a3db61828e0b6bcc0',3,'nnbf9tgOyZorDTNiLcjb',3586.00,'3KwHIyjU6aVVpF9XUWUa',13,'TqR6kDdroJIlLGWmMb2a',0,0,'z0sPH7sP6nIgAPaIabU3',NULL,NULL,NULL,NULL,NULL,NULL,4,'l24AevSaSwmxeS9Pv4XQo0EWTKHzKvS1oEw1wXab','84336745','JOyRStfChP@MdDvuiloUW.XXs','http://YbCHpmSVLS.Mek5Pxig0f.MJJ','2022-02-24 14:38:51',1,'2022-02-24 14:38:51','2022-02-24 14:38:51'),(26,'566df965c85d0acf46f8642c19935aac',5,'22wHFVT7LLUcdqtttvPh',2237.00,'PFmW7parVW0VgusnneMl',11,'7QcaqSCZCfN7GoasfuCX',1,1,'9PPJVtX7rd2zoAH1IMq5',NULL,NULL,NULL,NULL,NULL,NULL,3,'eSB7XTLulxVYKCYQazsWc63exLXfXVmEPnF30NyE','71841548','PvBYZFvWPI@BuN8CIb33R.HHr','http://UnV6k4iQMO.85otnMXqdN.p9V','2022-02-24 14:38:51',1,'2022-02-24 14:38:51','2022-02-24 14:38:51'),(27,'5688b8176d8eb9f0d3b9ae83b02c2e47',5,'ApJSwJAzZDSE6oryDQuw',3098.00,'kF9Wq35RKGZwCfb7I1pJ',24,'EmxSna3r06o2UuhQdP2h',0,0,'aUo1Ou66DqjyKmjcxxA1',NULL,NULL,NULL,NULL,NULL,NULL,4,'Ol8Rl2N1QyTwoByf4MRDityKVsc2zL6zOwzPf3UZ','63216757','Axq2cbZKLc@v9ImDWtP4P.Tpi','http://FOQBU9NJzh.e5IW4We1XG.5iA','2022-02-24 14:38:51',1,'2022-02-24 14:38:51','2022-02-24 14:38:51'),(28,'9f5d5d9eea0583ed7360ff5ec1461b21',5,'ebnrOkBRru7705F3Gy3X',2679.00,'QEjcyTEjZJKGr5JUAbz2',5,'9PtlxgQcZEmKJaymHnLD',0,1,'4YUhLkAcPw8uEm5VTQI0',NULL,NULL,NULL,NULL,NULL,NULL,4,'pYPDdhrWQT3muoTRTg2Z3L1hjoQZWwEULg2hiptr','70340856','QM1nPKja5x@T1lEX3nSiV.vQw','http://6fBOndqCWh.GU2em75cdd.xfi','2022-02-24 14:38:51',1,'2022-02-24 14:38:51','2022-02-24 14:38:51'),(29,'1593df5fc3ea108acc9d7b24fb417bbb',6,'fDhTqhzCrXBxa4XSrEKC',4909.00,'f3zfAshtgde6CJM1gdpE',9,'sv9vUwALMLg5BHbzuKip',1,1,'qqImDmZAl6E5chIGiK54',NULL,NULL,NULL,NULL,NULL,NULL,1,'7a5BnhN6HLZr1TNXKHl9QrNNBkeEpRNrZhkjCnUI','90706680','pHHqpePcqz@M3k0LxhAuZ.KNS','http://4Dk3JWl1QO.I8R9MuTI55.YX6','2022-02-24 14:38:51',1,'2022-02-24 14:38:51','2022-02-24 14:38:51'),(30,'2001faaa2e522b788ee910654b0e3fb9',5,'2EoO7oSmIt1BdwTzUQcw',3806.00,'1AdK2haiJ00wZu5j16dM',20,'Hcj36LgS8yC3DGRssfJn',1,0,'C0kmsu2JKv8jpFHfKHVZ',NULL,NULL,NULL,NULL,NULL,NULL,1,'IRuxoZUxs3wT43YJskHhnN5X5TAObt3HRgpiNlv0','20157235','4CYAssd6bx@tiKRhinEgm.ykB','http://PaJUNrBaK0.TahwE3Gjyo.ApM','2022-02-24 14:38:51',1,'2022-02-24 14:38:51','2022-02-24 14:38:51'),(31,'f80dfc9a3f1d1f3d7bf2083e11becba7',6,'lwbiSjFOhejE0TqszHku',4743.00,'FxvV6sFS67HhiNyPa8PF',4,'r3yZtK58wMOxPvjU8kKD',0,0,'LMzUJrrxs54TyJntkNYN',NULL,NULL,NULL,NULL,NULL,NULL,4,'JOc7JwN6DHpOSxfm5wrwI262HKNVmuPHcUraHEOU','18586996','OwsJdsiTnD@bAoXGQUQ7k.KMa','http://4WhP8ZfXum.F9TethuACF.vdd','2022-02-24 14:38:51',1,'2022-02-24 14:38:51','2022-02-24 14:38:51'),(32,'593a231cb7f729f7effaaf9c1651fbf6',3,'hgtLt0lyQb09QTcGp4Lh',2459.00,'bcYVK0GYcYgjjYbg29zl',6,'ifqViyPvnLxYAmGDtvCQ',1,1,'tJsV1kUAjueItR8uc5Mp',NULL,NULL,NULL,NULL,NULL,NULL,4,'qnWGafQyrlxHe6IyBFgb3UFmrpBiv8tIs9XT4UzR','24441268','x4pLv63YjX@ZThhUiCc98.Lti','http://zIJ9TcXOLb.9fkejesF92.r0O','2022-02-24 14:38:51',1,'2022-02-24 14:38:51','2022-02-24 14:38:51'),(33,'1aba0a99cd6ef5fa50f275f7bc7819fa',9,'ij356YTezanrnGacgkT3',2092.00,'9SbRerQbMVdwTenPU8L6',9,'v1sGKqQRLfGyKZNwboSl',1,1,'FowWTo2ts8xOTrDMHVow',NULL,NULL,NULL,NULL,NULL,NULL,3,'edAYSi5izKG8HmKk55qdgmWrZok1KKwdNxymHCAg','67673916','2KcIxC1vXk@LPQICn0mow.x5O','http://Ak0PI1P9fI.jOTo6nnoXu.Xch','2022-02-24 14:38:51',1,'2022-02-24 14:38:51','2022-02-24 14:38:51'),(34,'f01146144ca2122df9a18acd12b5862f',2,'e57BZOMqcHbgCZFCpr3R',3707.00,'GraEL9OkFlpo4TbdqdVH',20,'zwf6w33VIVkNKsahVFo8',1,0,'4cEuMieaCYymMGHwMTyr',NULL,NULL,NULL,NULL,NULL,NULL,2,'hSVYlu12pmnDE0GdDaIUEe7UQLrpeMPAkngFD3fM','93385029','eJGGPigH5l@FMyt3vk0hM.lwW','http://xZHOAcvcGU.sj94iMk334.b8i','2022-02-24 14:38:51',1,'2022-02-24 14:38:51','2022-02-24 14:38:51'),(35,'6a4b364fa00d9b78bbaa9bf3701b4179',9,'fh0vFZkJVwWHjO6LSHSC',2613.00,'8sv8RsEqFEyz0jlTSa5u',7,'8cvJwPZqJCac7FoqNZyW',1,0,'YeDDFHxQgoQ71bN8VN6Z',NULL,NULL,NULL,NULL,NULL,NULL,1,'fJzw0WAv9uCkmkNDnrK1ldN000auBaHIFIR2rYIx','42844450','OAKWSYcpjm@6fLZ2mZHzQ.XNW','http://L89gx2k1Hy.gghnc68Qrq.Ye3','2022-02-24 14:38:51',1,'2022-02-24 14:38:51','2022-02-24 14:38:51'),(36,'fd90573c6501440eb25914eaa67902f3',2,'gfTjflRfJYdCZyKieQ80',1815.00,'d3EuWyApnTq665DZnqlO',16,'jrKuFPUCgE52VoFeLTq9',0,0,'XPJDbJSykv0jD6aQdfPJ',NULL,NULL,NULL,NULL,NULL,NULL,3,'yn0rfqrrZvoM1Trd7EV1klAsjkBYHvVt1HB0i61Q','30372121','lMWpJL9Gh5@EbzymP8PdN.k7y','http://ur1BbQb3u9.vHpQJiBDd6.Cvi','2022-02-24 14:38:51',1,'2022-02-24 14:38:51','2022-02-24 14:38:51'),(37,'349351a8ea6d2fb089a36b04f7bd6865',6,'7dPs5ftri0aLtzM9fF1S',4743.00,'l9aZURWRjf4zdZwzOt5b',10,'THndfIaY6kqMnqkeVmqw',1,1,'fwGtondA5xDsYLI2KWGL',NULL,NULL,NULL,NULL,NULL,NULL,1,'sy8FT9pzp7eJTOSZ0o4fFUdU2lOTzeZ2EozkUniC','14661817','pMoxdUfjtL@AmDx4IaVkU.0Bj','http://XmlkbDxvx1.zTEpa4IAXS.0Y6','2022-02-24 14:38:51',1,'2022-02-24 14:38:51','2022-02-24 14:38:51'),(38,'57c691b913b1bc99121feae6ed2133c9',4,'hFmxbqd6Srmj2RO6ydoR',2206.00,'gDmjoncnKVm8AbBhYENs',5,'um4EXBQs9NSgeJIJxNDz',0,1,'DXKLtVR6cGliwm9JYuaf',NULL,NULL,NULL,NULL,NULL,NULL,1,'h1uOcaJQOq1bsvqScy98ROK8ZncPfQAMOLXD4l74','35865129','61wiY7bwox@Z9CE4sSf6z.AO6','http://uTuKPF4ZEw.7nERSNtms4.H2O','2022-02-24 14:38:51',1,'2022-02-24 14:38:51','2022-02-24 14:38:51'),(39,'c7ab069c66e89c3ad052beccfdbbd5bc',8,'5rkmXE1rX2tfVltT1yUA',4968.00,'77RAFxHxjrhHfy7O9MQV',8,'b1jbYo79Euq8dj3ENOIT',0,1,'rTvm7fkn41UcwJbxy7s1',NULL,NULL,NULL,NULL,NULL,NULL,2,'ImSO9zaEMMRKBtihVCa6fIzccQybV9WMlWbb0rOj','42392082','rcOtgpqdWN@Gz3P3nDy7i.V6t','http://00ynMoc4Yv.HCc7olfGWv.fQF','2022-02-24 14:38:51',1,'2022-02-24 14:38:51','2022-02-24 14:38:51'),(40,'d34b9cd9e39365a03a86ed68ca45781e',9,'wGKbja0QMLND3WR2meeO',1579.00,'EBQxjvJiREmQdEcAZGq9',15,'6exbn45j6cKzktUi9LVE',1,1,'MUlwTTEtjhT9iBe2chsa',NULL,NULL,NULL,NULL,NULL,NULL,2,'WXkFzWYVIowRproSRrRY3nAdQRD2OWcf2nZMB1Uz','70966909','ftKw7Ba67s@SwWJzQB8D8.6Bj','http://h4QlmqDVm5.uVrIBqtbTQ.8V9','2022-02-24 14:38:51',1,'2022-02-24 14:38:51','2022-02-24 14:38:51'),(41,'af2471d115ae4b6db98a129b38027292',2,'DA8d4ocyG6KhyUZSwVfq',1931.00,'NmLP0IJ01GSCGzXFPcUN',27,'BBjGVGVs9dNsp1hVOii3',1,1,'TvWho7GWqrqX0WKZRbU1',NULL,NULL,NULL,NULL,NULL,NULL,4,'CO8mHTDmkQMKRs0ltGsSpZ9iaEAYjMQ9CtPzjCRJ','86736141','s627mPetpe@B6clS8gXyQ.NlF','http://nxGVICUFZI.HojVPhYPm3.mdV','2022-02-24 14:38:51',1,'2022-02-24 14:38:51','2022-02-24 14:38:51'),(42,'ea467b108c348a9ff1fcf94446e36cfa',2,'zO11UC7eiTssUaR3GcE2',2338.00,'lIGrNPrT0R3B9DyEpYJJ',19,'qRfWFf86NrhVovRRJKR1',0,0,'QFZ8aJUf7UTCnrw5Pup3',NULL,NULL,NULL,NULL,NULL,NULL,1,'P3MWNKduRJkUwwZlhRrPJxSvivrHvaWCH8XOByk6','41077275','XRAvFdxL61@E2bVBT02to.9sx','http://4AsOGZr3HL.VF0fRAdUc8.dAH','2022-02-24 14:38:51',1,'2022-02-24 14:38:51','2022-02-24 14:38:51'),(43,'f15e78595aedc9f95ce2a087ec0dfa0c',3,'FhogfmAUjI8xqNvAMWjy',4827.00,'Lni9e2fZkEB65elRNR9Z',1,'iEUat2iJqbPFn6q8NMEi',1,1,'VDRe7XBYPKCc3j40ZP6u',NULL,NULL,NULL,NULL,NULL,NULL,2,'RKn09mEv5d0hGLnCzdCHU74ZxoPHosgfQiL0KsOH','31705668','EanEhz2kv5@B1PTmszDXW.T0h','http://1N1DqTbvr5.kL0juUiEbg.Feb','2022-02-24 14:38:51',1,'2022-02-24 14:38:51','2022-02-24 14:38:51'),(44,'63c98e0206d9d8b90f0b8ee95c887eac',6,'2O65ZXBmFYPaeBWAIZBk',1105.00,'uLn44DiQ0SDTFodxMkGS',13,'ArysG8pwqOWL1liRBnIc',0,1,'wIcXXdDWrHjzbnKoiuNC',NULL,NULL,NULL,NULL,NULL,NULL,3,'MACoh1ZZnunTSK3buKW4xiTe94fE69KnbFlAUI1v','57819668','eIiCt9PMIO@rUQ4LY6s9a.lWo','http://FYTewYy2aY.vB5hizCsJ4.xcs','2022-02-24 14:38:51',1,'2022-02-24 14:38:51','2022-02-24 14:38:51'),(45,'78b84ced59427b1c6aebb488e9af90aa',2,'Q5wgz7aZSqrKpbaJCKSZ',1686.00,'JnoebJkx9QrhZTX6F5SK',7,'M5tvBZbKGhbvrpeD2toO',0,0,'ll1VORsLvQbe7asGDGC9',NULL,NULL,NULL,NULL,NULL,NULL,3,'42sPEy1IKqBE3PQjiIaPHymEbOBMs1oL48RtT2Fl','41576655','ZkzpaBPVh0@84b3HyU60F.Aj4','http://RVf2TM6J7L.6BvKn3PIzN.Cog','2022-02-24 14:38:51',1,'2022-02-24 14:38:51','2022-02-24 14:38:51'),(46,'878d3ec695596d53736f824e1e184f6e',8,'VGw1oS6CzDkYwyESr3fX',4439.00,'sKQCcTIWCLv8tNNfzubU',14,'WLFy7GJax2CTE4wIPGpQ',0,0,'0HLHAuRwyuRGDRWADZKg',NULL,NULL,NULL,NULL,NULL,NULL,4,'WTX60HQz64k2he9yLGSoMTjuJWtSznonLbLBcXTf','78049778','H5sI6l2bt5@cV77gt2no7.1Rq','http://p1OsEcML13.Qk4O1NGWeB.Kpo','2022-02-24 14:38:51',1,'2022-02-24 14:38:51','2022-02-24 14:38:51'),(47,'3d20152fce83f589c4d99bab0ef24564',5,'8sJrKuftmkZfkzEr3E0N',2845.00,'PGf55h9O2tsTtH63gsId',2,'TENMMT4s5dJxJhrMoXzG',1,1,'0zcIenQ5mg9sD0KmIhXo',NULL,NULL,NULL,NULL,NULL,NULL,1,'7cvXaiM5M6inhsY0qBNgMmAE49qpECeme2gUCT32','26851802','z7hOFjSASx@4XjNBWyHbT.PzP','http://Q2HxVRBwep.7XsvhDfB8t.oQz','2022-02-24 14:38:51',1,'2022-02-24 14:38:51','2022-02-24 14:38:51'),(48,'d8a9a95976af44281a4785f22bb73044',8,'ReHdEBz825UN6gyCYpNK',3938.00,'0sbhTAAg92dKeNhcG84V',11,'VbxyHpD9hiVxGYdqaBWu',0,1,'0oqcRCch4ayud5gZe1Nf',NULL,NULL,NULL,NULL,NULL,NULL,3,'7DSfK523iwtj46AWcye2B7SgvIHNvVfLLbynpD4D','43907140','Eg3a8dVek4@C6DEWLnVqD.KXs','http://B4WRX1T9F4.I3GSiATqZV.GJL','2022-02-24 14:38:51',1,'2022-02-24 14:38:51','2022-02-24 14:38:51'),(49,'f8d87fa54c693045db88e88773bd55e2',2,'7mQg1wWgXAmL00T8IUXC',3617.00,'gxjRZ62UdGX30ztL0McJ',13,'ZrJbxq13GdDTNGAzy18p',1,0,'wyEyxtCW5BJp2HyKSVS1',NULL,NULL,NULL,NULL,NULL,NULL,4,'khbD2k5ApncPVr1yx6x6LPplHK4pQS4BiibX5oc2','37944311','vKHtFDb7J1@hxPYZdTns0.MRV','http://ylggClstz0.I6lFQoYMFj.dzw','2022-02-24 14:38:51',1,'2022-02-24 14:38:51','2022-02-24 14:38:51'),(50,'c38810c518b9fbac762485280878cf18',2,'k24IFCGwjaxRUYWcloXm',2486.00,'41oEJ2ZMa0gplyldWbfN',18,'uDOt88MawRjphAx6RxW7',1,1,'abaBkpVIlbcDmI4wJjUw',NULL,NULL,NULL,NULL,NULL,NULL,2,'BBipGV8EVH959vrXDjoPQrmzYqgu02ATUy8MxWXS','85266087','4wJSnC6xEr@VjQvS0DJl6.mog','http://DeazXKUCrE.dvfBJyCdfC.yvc','2022-02-24 14:38:51',1,'2022-02-24 14:38:51','2022-02-24 14:38:51'),(51,'558f62325c88f0cd553fe4ab92714d8e',8,'QgD30J6DD5n8Jjt2PUXO',2576.00,'tO91pjve1GLJLJn4J3Ls',4,'DEIMKuzK5cP1tncmtiSM',0,1,'1tJ2NsqNioRhWVGF6JkH',NULL,NULL,NULL,NULL,NULL,NULL,3,'ZOkwhpTQSM3gwBtP36YTSi1fPzKwTsTFuKQSwsLQ','42458042','RKWt5RNKtS@F2hfA5HLox.27s','http://Pd69ZEgeT7.slHNDQv3DH.MQc','2022-02-24 14:38:51',1,'2022-02-24 14:38:51','2022-02-24 14:38:51'),(52,'a296de83c5832ade67da9352b1477dbf',1,'JdaOtdEN5rxzbeuXnAqy',4153.00,'2AD9EAAZHGirTPSCqn23',6,'RPyPSzfNbUXm5gpnuiqj',1,1,'pWciPNuGTZgcqUmPC8vc',NULL,NULL,NULL,NULL,NULL,NULL,4,'dS6gfENpZzzE5bwO6IogmvX2AyAXOEZ3PBxw8G31','53925223','uWVEnte3Fq@Ss9VcAj53U.50G','http://Bz8uwIhyRl.NIgUIVd1XY.SkX','2022-02-24 14:38:51',1,'2022-02-24 14:38:51','2022-02-24 14:38:51'),(53,'f5d11fa267dd9fcc909d930fe773bead',8,'5sN7eqBhJZjfEwQpqDue',1156.00,'GmyusT4mR058OFpFOkqG',22,'MBrULQiZOdPE9bWcDtat',0,1,'ghYBEu5rdhjOibS7SZXE',NULL,NULL,NULL,NULL,NULL,NULL,1,'aNnB7pjTT7rJxKabxzhQAcO49krDyPjzrtYkrxY5','78484989','AWDk2xo5ea@poyYqVJBdJ.adM','http://iBd4M31MV2.MGBirixCem.bT8','2022-02-24 14:38:51',1,'2022-02-24 14:38:51','2022-02-24 14:38:51'),(54,'b04081359624c6329285e4d8e61ca4ea',9,'toqUChBFh5YQeBuvIOJM',2132.00,'IXsNshB5a220MNbJpiIY',27,'CfQu9jp34oLqUDTsaBYb',1,0,'2V0NWDttRIkQI12mCEzR',NULL,NULL,NULL,NULL,NULL,NULL,1,'3Q9SbgkTTfhAJvoPfQHHWz6H3OCrK86AeRmVVPrN','89976181','VarQQnG8Hq@mBqLu78EfU.WQN','http://7jtn1L2cou.GBI2FK3frd.rpo','2022-02-24 14:38:51',1,'2022-02-24 14:38:51','2022-02-24 14:38:51'),(55,'4939ce5b5aa5581eed3b697490ff8d09',1,'LSNoUhBENoN3EpPOAgqD',4228.00,'rBI3vFDNr40LRsirniCt',8,'OBM0Ks3HhM4pMCghTjtX',0,0,'jcVOavlntZZYPa8dNwDP',NULL,NULL,NULL,NULL,NULL,NULL,2,'jioQmPxxBVtoKLwyuHj4znpHfP15vHfkAlRnULNO','43882389','bB8SRDRMtc@OdgxXvWseb.XAb','http://7TjYsFANRZ.zcKnuC4M7B.2rP','2022-02-24 14:38:51',1,'2022-02-24 14:38:51','2022-02-24 14:38:51'),(56,'0781f13c320b06648559f54526a707fa',1,'muf6itLGfWXOuodTgt6S',1602.00,'TXi7lJaeih1luG9YnHks',18,'CCkMqhn6C4nTrnN8M9IW',1,1,'WX2eXO0X3Vv0InJfnL3H',NULL,NULL,NULL,NULL,NULL,NULL,1,'Fs6KW8w7Ua6GkT6mnyHIXrPyDIzceJvgSWqZOsC5','13551033','qowRJVYWPg@Hzbo948myf.oB2','http://BBu3Fwqatm.sxOROUPtps.LrG','2022-02-24 14:38:51',1,'2022-02-24 14:38:51','2022-02-24 14:38:51'),(57,'ed436cd8c8dcb6bbe148d0d923bcc1f2',9,'ItvByGynODGIdtqUa0Wt',2492.00,'roeYtUFI6onv8qTwZwHX',8,'8eAUFqvtpVp1PANdMnou',0,0,'5FCyqWM5jrxXagSvTYYx',NULL,NULL,NULL,NULL,NULL,NULL,3,'NtrNkFX9xBb5BgDRazT9isekSykvq2akqDuQfjzu','15956913','kddRsdPQcj@VfQVCZQQvN.m8s','http://e3dUkJjBYI.0PLJ2a69ii.Z5i','2022-02-24 14:38:51',1,'2022-02-24 14:38:51','2022-02-24 14:38:51'),(58,'838f8ef9cf69ba03847b6f150e632c1d',6,'hdVdJAZv40GdA54yIb6X',3353.00,'Pj8ggh9giMw5h5VJhxSl',16,'3CQwCky5YG9OS3Va8riu',1,1,'JDwyqfC4Wzzezp3HhT1A',NULL,NULL,NULL,NULL,NULL,NULL,3,'lyYKDac9VVn4XoLqyNprtSw780U0TEOFmSwg4hjL','90253062','rouMoxJzQ9@zt2Ev1cWaq.ElU','http://uuv4J0wivo.PPJqZgS1bZ.bhx','2022-02-24 14:38:51',1,'2022-02-24 14:38:51','2022-02-24 14:38:51'),(59,'daa45716964c23c513f6553b3188aa47',8,'ZbuzMTXZrYCZm3HT8VW7',1528.00,'wVZQDdb1N14mdKGKZlyR',26,'Dih4vCox12kZXDugzDT1',1,0,'kZiOWA3KVfO4pWLuiY4D',NULL,NULL,NULL,NULL,NULL,NULL,3,'3INds4gYUxho6f75VUJ7lCu4KxU2Q0gHeZsl4IjI','33216657','B3K6EmPKG1@u7afOuPb84.JFI','http://jwTtZCXRd9.9tLmQPJMJY.VTx','2022-02-24 14:38:51',1,'2022-02-24 14:38:51','2022-02-24 14:38:51'),(60,'18503d5492f882c4636da3e1c2575b0e',8,'k2PtQUS7TNukfcHncR8H',4533.00,'3n1hk7e80CmGVrTDhlPt',25,'FOTvmpUulxAqN4DirYN6',1,0,'oOBW8ZyIQ4Jau9TJqUbC',NULL,NULL,NULL,NULL,NULL,NULL,3,'V9j61P8Vz1zUIXhQwRq7TdbhnG7vOUiw04vLPipZ','36075152','h6jRFYOUJx@RQOHa3dD5W.4KW','http://MvYJX1PoAV.4grLZecqg7.rmc','2022-02-24 14:38:51',1,'2022-02-24 14:38:51','2022-02-24 14:38:51'),(61,'870b1de23ef40cedba636e1fc3f32e51',8,'eBv08uHtSPSEDJRSNumv',3202.00,'hwo9JMpCFVP1R9QiZatB',16,'bVOnv8oIEGWdfxNsFyBS',1,0,'AxetIFHp8JyORbWLxdnF',NULL,NULL,NULL,NULL,NULL,NULL,1,'WUKR1iqT00yElxCpQjLF8dJgVY2qbzTlKwZxMpk0','77905092','xInL7UAVyI@CsB0QjoKG6.CDH','http://CsWLBoTfLL.yjnSsuw3X2.mAQ','2022-02-24 14:38:51',1,'2022-02-24 14:38:51','2022-02-24 14:38:51'),(62,'e6c51bf6df92b45a01dadd4a27f42a67',6,'mvDgdDRCYTm4abLX2Bh4',2720.00,'GUpSbiKZbaEWiT8tKtmV',18,'YoXwto3lhJk7xcIY61gD',1,1,'wHwd0VWGUyp7umkKRa0N',NULL,NULL,NULL,NULL,NULL,NULL,2,'nvWBnQQUDm3oKdpqqz04O98JLCfJ4iaYiWviGPFh','14992693','7SNEyqWr7D@fr4gNrjzyN.oov','http://j965Ae7BO9.nRYxcSn9nZ.vKY','2022-02-24 14:38:51',1,'2022-02-24 14:38:51','2022-02-24 14:38:51'),(63,'acef954b7d285c5d067a06c40394d292',5,'ojgxYhx5AnTnCVT4zSHs',1241.00,'sYPftD4c9Eoy6x4ZMpm7',6,'aiNOHSnB5IEkEGx6PVPW',0,0,'TBjzQkWP3X9BpDncSpqY',NULL,NULL,NULL,NULL,NULL,NULL,4,'MaWzixBOR2nuuaeRtjNH20FkBtQNw3yOPHIK2WJz','49082695','fkslwJW8t6@nKlBJDNK6W.0pW','http://Y7uUU2ot8V.ky15IJRfP8.yFV','2022-02-24 14:38:51',1,'2022-02-24 14:38:51','2022-02-24 14:38:51'),(64,'fd1448ccd43793eed2dad3de7e479779',1,'2C3Q9xa4yy5VYMlcC1ju',1497.00,'5tG91pJseHHt8tjn1Kkc',17,'it5NjjjvXRglHZGVqwwv',1,1,'EuRtOP2eWloLf3AaziYj',NULL,NULL,NULL,NULL,NULL,NULL,4,'AOfk52b50FNj6YSFlUFgdFL3Kg2fkKPkACyaY0B6','70401036','Rag1uYEcvY@OfE3T2uFsk.BgG','http://G87voKRPK4.TVHuTNzedw.RLv','2022-02-24 14:38:51',1,'2022-02-24 14:38:51','2022-02-24 14:38:51'),(65,'a3f35bd6710fabff9efac2e9e00bc00f',3,'wtOhrnBrUcG4HFrfPDwW',1306.00,'ziZtpYaI2gSHZ0W1nq8Q',8,'2vzq1D8EwWPFKQgxcM5K',1,0,'LIyXVHRL7miPiTwtZJnY',NULL,NULL,NULL,NULL,NULL,NULL,1,'lML1xe06uh9caY8Rj1CG0MdJ4Yo0dJVuR15LUYum','21538141','EX7yWuHEdX@QUpDtPQdMo.HLG','http://Hd7DRTXB7b.TfXQGbnkYp.MqX','2022-02-24 14:38:51',1,'2022-02-24 14:38:51','2022-02-24 14:38:51'),(66,'be29780e62ccc3b5f215549ac80a898b',9,'lhnKTDcwSElx4G5fHA5p',2995.00,'tbKI4bbPpVIsfQoOYq2t',1,'6AVpnB0utjChoeZmC3De',0,1,'31hcdnLWmtc5Jmg7wmBH',NULL,NULL,NULL,NULL,NULL,NULL,2,'VeZRA5SiReo4Xve59SxEMh99VW8lejFY5lJeWu2Y','63283957','ZQSyc5P6bj@OHoenPrfqT.kub','http://2iEU6UV4sO.JtQxcjt0PE.Kki','2022-02-24 14:38:51',1,'2022-02-24 14:38:51','2022-02-24 14:38:51'),(67,'512e1f19d75f0d57887754e4f4c13ed1',3,'CIaUTdBIAaRK8U51PLDN',4288.00,'0OdLILQDCI7Sh5JpAl2l',19,'a8saPo3bU4Ibh3nd9IKi',1,0,'EssxPlLK9v2ngRIksqxh',NULL,NULL,NULL,NULL,NULL,NULL,2,'ghtVpj5hNIMZ8R3rOSltYTbYtsaMJcvmxpzUMlQI','88524248','fMd23BNHyz@hlXE7qx5zh.x8r','http://JYnxHo1cdD.eSypfLzxhE.wRp','2022-02-24 14:38:51',1,'2022-02-24 14:38:51','2022-02-24 14:38:51'),(68,'2b5e2ea88b894af9adec138e28325abf',7,'qOKrOkleYNMgo9pQYTia',4732.00,'ZwZjqGhhoLDItU647qJw',11,'NwXP6WLAYEst7F1fpinU',1,1,'bRBsBAhPL8zyD5aserVc',NULL,NULL,NULL,NULL,NULL,NULL,1,'yKAFywXiwPIyc7xtNXS1otmyAFdBKXZZLTDL5FYU','88598923','wi0Clc5TEM@TNdfWufU2I.zCQ','http://apN2AZmKxj.B4VRiVTDjo.KFn','2022-02-24 14:38:51',1,'2022-02-24 14:38:51','2022-02-24 14:38:51'),(69,'d4adf95338d44f32a38f274e64eab981',9,'E5FGPqM1YozW09uocUEc',3531.00,'KB5GGA54ONqfwre3A2W5',7,'IA1U8JM2SR02xiHX4rFM',1,0,'PLtVYVrCToXE3CpNYMsz',NULL,NULL,NULL,NULL,NULL,NULL,2,'lZlpqSISryMnWikBq0bT3pJq4tW9OvYCxYdbfsbv','47843274','KahjXrb4Iu@yJcBvZncBp.2in','http://CKoz0PnITr.NAPgv22PPX.ZTJ','2022-02-24 14:38:51',1,'2022-02-24 14:38:51','2022-02-24 14:38:51'),(70,'79e120b9dead3417833fd7cdf3bc36bb',7,'aaRNIvsM63QbIxGYPR16',2418.00,'1G5rzdtHrjyrjydUXwYW',16,'5MxLX7ElNaCEOG6k3GDq',0,0,'CG7lUa8hOAb9qEfE4ASz',NULL,NULL,NULL,NULL,NULL,NULL,3,'XpuYWG6daAUWoXvdQTb4ojyatNnakH1o97yd1Btq','14795655','UR5KS9BpPI@9gsnpuaxUv.M8A','http://3JCHqEUN84.fLdHMif9PB.iro','2022-02-24 14:38:51',1,'2022-02-24 14:38:51','2022-02-24 14:38:51'),(71,'9cf996bb1e8a884989a6ccd1c787585f',5,'Aey45CLnvuElACyw9DCb',4138.00,'fqeVA8qAt76oz3rgaUN7',12,'rG02Nxj2gpOtyxEBGUOw',0,1,'jVoqQ0ENfG8w2V7e0RSD',NULL,NULL,NULL,NULL,NULL,NULL,2,'Y4SZxwNQxHlQ173CcIIWBUbRwlM1FrluWOYtwm6k','97387446','w9u1i1Bxgv@X6DFfQvIHI.ItC','http://LPSwAam4d4.tw93kHUqnG.pOn','2022-02-24 14:38:51',1,'2022-02-24 14:38:51','2022-02-24 14:38:51'),(72,'2779617c411e5e723a4fc98929883395',9,'6du6UsloB1jn8tq6Kp52',3141.00,'tu3NG88JpFNzOEMIBt7E',8,'gfOdCyDybwLDg6DJyxbD',1,0,'3BCIgYhUMuuJpQeK69PG',NULL,NULL,NULL,NULL,NULL,NULL,4,'oafeOF2mzcVX8W27IcT3voAbOu9nahlqrMY0ysoo','39729706','7s0BIeHScb@VNBSlP7Gfz.0Bh','http://Yk0qC5S3Sp.Tt43NftRiq.SzS','2022-02-24 14:38:51',1,'2022-02-24 14:38:51','2022-02-24 14:38:51'),(73,'6e55d73fa987efc9b0547b572a1a7499',8,'2Q8QEoguIBMKllPrcUkI',2750.00,'GAXe63HLEu7dTrejgRDS',6,'yaMe7f3MJth5H8fgEL6c',0,0,'0wrGgcYT8QwjCLfBltjU',NULL,NULL,NULL,NULL,NULL,NULL,1,'gZLlJHMZeQq6CGMMK4UDhsnrHt5nrWtWbD2FEdYP','33761661','7H73rwTPm7@gZ2mhckjg9.C2Z','http://gz65jtjQdJ.WO4k7QWAlw.ALJ','2022-02-24 14:38:51',1,'2022-02-24 14:38:51','2022-02-24 14:38:51'),(74,'14077d218d5c1c1079eda73366cfe3d7',8,'RmzETTo7xFYTjGBP21iT',1549.00,'9QyGz2cMZh1eFxFkPQw6',13,'JyRcqEq5frx4mNlRfC0M',0,1,'UGIcIjcVaIcYZLzpe1Gy',NULL,NULL,NULL,NULL,NULL,NULL,2,'V4wjqIKxoA2uqjF7MtmhspQPXiQhVdevlUCGHS3w','99669461','tXM6fqdiEF@h3BNOeCH13.4MA','http://CfVwJSH8tD.3dqqrOkExV.R3h','2022-02-24 14:38:51',1,'2022-02-24 14:38:51','2022-02-24 14:38:51'),(75,'6b1e1b1cffa3b815f7df86342002e90c',5,'PzZsMNpWtjzoQ8wlN7iT',1884.00,'f52fBZKvaGjljjRzQ565',17,'vg4HOnZfoPC1ETOGqm6D',0,1,'vlqo5kOsb6bkEfwCmDYA',NULL,NULL,NULL,NULL,NULL,NULL,2,'3HAnBPGxeOwJC3ko86M04Dl3Io2zENyUS7zVnm9u','66922792','spJu7xOInL@wK3EFSziP6.Z9I','http://Xa5khlMktw.tRbDOj99lx.6L8','2022-02-24 14:38:51',1,'2022-02-24 14:38:51','2022-02-24 14:38:51'),(76,'2febb4e24e3b683268fe65d2f42b2afc',7,'CA3ZnbhMv763bku1vP0J',1180.00,'U0zRl6aqgjHfIvyBQ6Jc',11,'uhyJvXfUsNJgZEViX66b',1,0,'ymnD4n96dbA9PlAw34DJ',NULL,NULL,NULL,NULL,NULL,NULL,4,'j5GzhiNKkhVPotOUuybLjrmGKrb9Nl9ypyvILo17','63022406','gnCm0fbAS8@pOuzn7YAan.G5W','http://2jRHmDzrZp.pi00izD1Lr.JSu','2022-02-24 14:38:51',1,'2022-02-24 14:38:51','2022-02-24 14:38:51'),(77,'ed80c794aad167841075a6b83e62f99e',2,'xZ2C1eTCBA58XEfu9V69',1758.00,'lkaHAPlTQXauhjOWFIli',6,'SjF94gAuv8rrLdDZevC3',1,0,'XdngBRbHz8HuDVA6EKr5',NULL,NULL,NULL,NULL,NULL,NULL,4,'v6UHZLouoboRUva5dFTtaTsh5uaxS5bnXEXMRUWC','83400266','qVemf4alvi@O4dqcFEY68.ngx','http://s8e3blA6VZ.S6DvzPJKk5.2zH','2022-02-24 14:38:51',1,'2022-02-24 14:38:51','2022-02-24 14:38:51'),(78,'24d522138f04b1502167020589408e5d',7,'cI1Vbi8c3TKnsxe4m9yt',4170.00,'QgUk73l8ELFizgkLUntg',14,'uisn0MX0fA7BKWQIcnQM',0,1,'OurmZcSMyrqa6GhnRCow',NULL,NULL,NULL,NULL,NULL,NULL,1,'hq4qJHt8lR4csQDV4F3SHkkbttVnZKB8K18fhBIJ','19868248','chvPGGXx7i@CdCN3wOm3O.qfW','http://ad4IEtZW7m.kUsEJOzdZf.TxJ','2022-02-24 14:38:51',1,'2022-02-24 14:38:51','2022-02-24 14:38:51'),(79,'02b7097f624add492edea9219693de18',2,'FtzcNrnbtOrYa8qd9OSB',3222.00,'nVfiFL08DDtb4HfXV40x',9,'f5NT1XtVoU40FT2clab6',1,1,'KxUrQFctgmqtV2PYv5H8',NULL,NULL,NULL,NULL,NULL,NULL,4,'8MgIYb2EeBwBZVGs2d7tkZ6qxCsESkGXEgMcBAMj','17419322','34bNXIJCUH@4v3G8jJzOC.0fa','http://n19swrlcbo.r9GyUeQfwG.7t5','2022-02-24 14:38:51',1,'2022-02-24 14:38:51','2022-02-24 14:38:51'),(80,'19e32a71e4a67b4963cf436b82ad620a',5,'wUu5vYaz06Xq6a5RHojx',4531.00,'ZG4U7DMENqyf4lzhqOXs',3,'fXcAF8xL1MduKT0O7aO7',0,0,'CiJllBZNjSJZpMVjE3NH',NULL,NULL,NULL,NULL,NULL,NULL,4,'jscAktYxgF2Sc1X2BIzyvjMWXhmUM4WszQHb55Nh','27259819','45nqn8rsRw@6UXGSiLM4B.qjv','http://VwqzsAB3RM.mbhnJk6eK7.y4P','2022-02-24 14:38:51',1,'2022-02-24 14:38:51','2022-02-24 14:38:51'),(81,'348225647186abac59322ae2a4b906e0',5,'j37ZXYvq3eDtegDai25W',2399.00,'9tBXbS7YDTmWjea9kCzj',26,'AM1Y4CgbYygxmU6My6oz',1,1,'Hn1oMDHkRlR7IvYsUhlI',NULL,NULL,NULL,NULL,NULL,NULL,4,'Aswgv8izAqBxZuHjDWofuEOSeCOr4at5cVWbfZwu','65549531','BD9EU2mXpu@ORbFeZxIrf.84F','http://mq7PWI4VAh.36fuFhfAKh.KTE','2022-02-24 14:38:51',1,'2022-02-24 14:38:51','2022-02-24 14:38:51'),(82,'46fe8b4e00930ab064fe4ce1c97e59b3',3,'5w3Syby8jfUOXvdbqBWw',1713.00,'QUOewzSkQgQFmD1DUWSX',13,'WfqaHPkWVsLaIhkZc8MD',1,1,'T3sBiONZuTZoNlwNteF2',NULL,NULL,NULL,NULL,NULL,NULL,1,'ROdZcaGajYIPGxTQlfaC5uBAkKuBIox0TUeOG8hH','64356234','sGTR6jdxHm@CIvRfV4fNm.1QH','http://KLdNQQ3IzU.RGoF3Rw7wu.nPf','2022-02-24 14:38:51',1,'2022-02-24 14:38:51','2022-02-24 14:38:51'),(83,'d818e0a4b313b6d9d41f8b4225fb7b6a',2,'BlYqEn5jCWBuoD4eg2cL',3662.00,'nmMj1uPkv3RcNprQ4j4c',15,'KRU1EfbagfMCElrQR9KX',0,0,'sufn2gfFiUpVBWFZefpa',NULL,NULL,NULL,NULL,NULL,NULL,4,'yaxWicUVMb77oVZm5JvspglA3rojwCmLWbZndEaE','47132256','DPRJi2HlGD@W4VlLVa9D8.TbU','http://XF1oUamtZy.dukrD0kSPm.1bW','2022-02-24 14:38:51',1,'2022-02-24 14:38:51','2022-02-24 14:38:51'),(84,'042e07836d557461b7630f8e798a2ce8',5,'UlgrG37nas52IrE6d8QB',3007.00,'iW5OmbONhFDBYGPzhkGV',16,'p0PJxmMYH3eWGQQuEg4S',1,0,'hFAJ4O6wlZljiJnmsZzI',NULL,NULL,NULL,NULL,NULL,NULL,3,'aW4V82rYUDyr5MzYpc5KSYwuFddxLn9gvA4MhlNF','75644992','cxJk3gvVHy@HQPhe52NHt.scp','http://EsOjOAIlLt.Mmru9EneVr.mSv','2022-02-24 14:38:51',1,'2022-02-24 14:38:51','2022-02-24 14:38:51'),(85,'af1802fa88654ef7e363f848e364e281',2,'i2fYqzuX71fVqZ18iaUd',1472.00,'yLOnpXZ0ouKtmoe8qBsk',5,'OoLclYQy6Y09MUs7h8Ds',0,0,'98cJnktFU9SOU96ySLW4',NULL,NULL,NULL,NULL,NULL,NULL,4,'ikUJQxTSVsUI0ihzCWBTNh3qfRPOB6xBrcwU7wJh','41867854','2QD9EeMvKw@dDoqkB43Zn.5Co','http://CG7h2zLEPm.fkW3YWBSqX.4Ur','2022-02-24 14:38:51',1,'2022-02-24 14:38:51','2022-02-24 14:38:51'),(86,'a9fad97a03cdc10719ebc94f8c5a2886',7,'gSm4jLE4URok1vTmB3rI',4878.00,'lXmfsD0mdhxmXFf82SUJ',14,'z3ucKfEn5naRE76CU6Eh',1,1,'0e4JFG1HZuXaIAlGKyoZ',NULL,NULL,NULL,NULL,NULL,NULL,2,'PAZJeLZ9cKxJeOP4nQS5zBIoisbIjWTMiYB1HOdy','78132449','79ZLAwTKs2@zUGjJSKXAz.vYV','http://8DCm0zYFIN.j9s9YRBkz1.tOI','2022-02-24 14:38:51',1,'2022-02-24 14:38:51','2022-02-24 14:38:51'),(87,'dba3173271a1612471c42c1c0626c370',3,'IUOfggsDlx3OJVgIfKlj',1360.00,'3ExQ8QHRbCwWg7qd5CQE',10,'cPEQ3u9LzUK6q4Jzn9xO',1,1,'kxWLuvjiFoaePeRhiR2t',NULL,NULL,NULL,NULL,NULL,NULL,1,'pPoyF52EGlc1sSuHih8nLlyFtT9og1slnPNJz9WN','66221571','6DcbtjnHzO@sdJa43EZon.CKu','http://OPHSgAmMsK.ZXyklmxcXq.eQF','2022-02-24 14:38:51',1,'2022-02-24 14:38:51','2022-02-24 14:38:51'),(88,'b8f48e67f19185b4a05e7db069c98423',4,'GQQOB6QSzxu7EoY6srBE',2759.00,'6uQY9c1EihKrCKRjqsyI',23,'PucrThvy20q67U1oTZJg',1,0,'lXttxgpiLojohHWjqAZw',NULL,NULL,NULL,NULL,NULL,NULL,1,'Scx9wI4USIe6Em5HZghxneEdDhHx0p2hxRiIV2jp','38085578','JriXVJHlKG@bgsWZxXr1p.fKs','http://BdP1II36IV.mZTAhrabPV.SPe','2022-02-24 14:38:51',1,'2022-02-24 14:38:51','2022-02-24 14:38:51'),(89,'6ddeccfe29b9dd870b09c3a7bbe95310',6,'ZHXRX7Co1icGTurY67A1',1574.00,'KOfZq9Aul9yBNe1CqTps',9,'hns8mDESnhHQ2DChPKOo',0,0,'eaCEVMMNH766kpbyE0LH',NULL,NULL,NULL,NULL,NULL,NULL,2,'OGr7KP6enuXDmmzhiIWLDd6KRk05oQwAW7x4mUZ7','23545325','x9ur0JhFwu@t1fRDUCqEs.5Jb','http://xrqZNgNUwz.9WEWcSG84J.WkX','2022-02-24 14:38:51',1,'2022-02-24 14:38:51','2022-02-24 14:38:51'),(90,'90a359168042b118ba943dee4fd128e3',8,'b0NkZQFHbFBsaB7W5efQ',1794.00,'9OlGKE59cpf0XG3NWosp',15,'28svtqtFcTzalhlccF2r',0,1,'x59PoJpzJwj1yPPtv8xI',NULL,NULL,NULL,NULL,NULL,NULL,3,'WZhxe6UnyfFIcLHonB4WqTgZArd2zJiJf3CYchMe','53570574','cQczKa2UMI@6DnQxvCi8c.DUQ','http://CJ1Y3WpMay.IDXvYsTG66.ckI','2022-02-24 14:38:51',1,'2022-02-24 14:38:51','2022-02-24 14:38:51'),(91,'4ffb83c1eabd7fa7fce1421f80ed5906',5,'w0XXQmcEKc6lMFhG8DEG',1893.00,'U8akOUyEVoDjY2FhKR0S',6,'cuyW8yUlEJtO5eV8UWVF',1,0,'dMBjnfTeUJbY2v0FSFxr',NULL,NULL,NULL,NULL,NULL,NULL,1,'mztWXXM8Vj6ggTOjzyQzd7RJU0us9ssxFLcjb2Fn','25045779','35oHMwhy59@vgtog4HX0g.wnY','http://XRctOrWDV1.Bq7NrEkhl6.qiX','2022-02-24 14:38:51',1,'2022-02-24 14:38:51','2022-02-24 14:38:51'),(92,'4bee117666c8491e684931287f41248e',6,'GGKFKI88SIQgl04zeHUy',3566.00,'Y7fiErwxvB188RYTgYfw',7,'QmhdDIfX7cc14tQH6Fmu',0,1,'FHdVq2QQTtZXRILy3xHG',NULL,NULL,NULL,NULL,NULL,NULL,1,'mKPBCKnCMcbptSeZIwWRhzKXfHLmdg2n0N5yow6o','54240502','tMjHxvPuQm@O6Cil2RxCf.Hc4','http://vPt9s1nYnD.q7D6DzZCej.QKs','2022-02-24 14:38:51',1,'2022-02-24 14:38:51','2022-02-24 14:38:51'),(93,'20bed507a1073345dc80c4b83517c377',5,'wFCdQEbmn8FvtG74ivDH',3057.00,'nNkOCwCw8Luah0WUR6o1',27,'fed0wW2apGva6rkhZbHT',0,1,'pJmywDYYokhnRCrDPqYG',NULL,NULL,NULL,NULL,NULL,NULL,3,'VspwE81Z2WC0EfpYv1wFTSSPX6PSuVZF9G5e55Ja','82146736','yhNaaRK0QZ@OgUphX35bY.G17','http://TXrpMmdHRS.O138GI4QAr.IE3','2022-02-24 14:38:51',1,'2022-02-24 14:38:51','2022-02-24 14:38:51'),(94,'5e4848d20cf2bcafb22b602b500f883b',4,'fd8ybJcRmd4qLHQOlWqn',3532.00,'npqJumEGnakfuYdJK8XJ',6,'ml8ub3FAwkbo0kBuTxQx',0,0,'2L3kY6PZ34lIRvhKRK4w',NULL,NULL,NULL,NULL,NULL,NULL,3,'ly6pQmmfFcfAWTdVJ1G3WT0XOXV9HGV0rXLh11Lm','93730112','oqVHcI487f@XH0l4UUCcD.HEB','http://6SXc0phrpg.p5QiyULVzN.qGI','2022-02-24 14:38:51',1,'2022-02-24 14:38:51','2022-02-24 14:38:51'),(95,'50ed763c32b7e75bff2e9ac5f9a057fa',1,'U3YqUl8kQFElC9nLcaLY',4443.00,'lg0P2EEn9gru8POsTCZs',2,'hc6W1dyG4yktnQpcHRIF',0,1,'rK6u0gxeUKDaKkMK5h8s',NULL,NULL,NULL,NULL,NULL,NULL,2,'DWa7rYe5Nx4bdpE0OnQkOcJZs4PV2WfjoxLdMFYN','16201446','kprvJPz3Vw@bkTGUzDJra.0Ii','http://du7gN7mlEv.LJIeLyNxbM.sH6','2022-02-24 14:38:51',1,'2022-02-24 14:38:51','2022-02-24 14:38:51'),(96,'927f6e6d4db12875378f6d3458ac5295',5,'on2qxNOFnC167J9wGBK7',4552.00,'lNJfOkZPMlGtx2uanIge',14,'MhaZLKA5VpmfKLTdz0BC',1,1,'MyNVOIQfcT8nvqTne0nc',NULL,NULL,NULL,NULL,NULL,NULL,2,'DfK11ZWtO48X5ij8AuzGlQi7AGvuZGbGfS3Nz2WB','39190563','CvG0TJqNyG@y125PieSNU.nOK','http://FxLeBYkdW4.WEjOzbZmAW.pXF','2022-02-24 14:38:51',1,'2022-02-24 14:38:51','2022-02-24 14:38:51'),(97,'8c8c755329712e273d5f8cc2dbe71f43',5,'E0IVbCmc6UGGQqP4ZD0q',1786.00,'liHdC7JeWSQx0C2bA67W',24,'PdJpMMpLHG14yN52EXjo',1,0,'VMDjJkHQxj2kJqwEoAmL',NULL,NULL,NULL,NULL,NULL,NULL,3,'WZSX99GNAsjpiJ17CrenYsX6Mne4hPiG3Xoi2qOu','51493274','mmY3RbgMjz@8Q6dtlRoh1.wj4','http://PWrqODPMLJ.QEzOGV3PLb.iWO','2022-02-24 14:38:51',1,'2022-02-24 14:38:51','2022-02-24 14:38:51'),(98,'ebf446ec41542993689be2d10a0edd2c',9,'Fwzvr30JL10wQfRIvdAc',2662.00,'GMcg5Uj4ldBzTqy093QV',1,'XqxYWsO8SUlD8eYcQeye',1,1,'DHkYAZzdDnG1P89dUELe',NULL,NULL,NULL,NULL,NULL,NULL,4,'MWqFHGzAtcc8fyNcBa5oWndK4gnTY3mlXDrBZVS7','90211627','6K6nf4s4e2@9pKaL9bZBr.20C','http://B6yUBaFck2.ozbEkBZfMn.9fx','2022-02-24 14:38:51',1,'2022-02-24 14:38:51','2022-02-24 14:38:51'),(99,'d04743d88061517e2f9cc234115bff5a',4,'ZTktWUMvCYmcCAzFXndc',2122.00,'KMp1Vemh1RWlftN3Gg5L',17,'WHJmAlc3WqM4Tn6qTBw6',1,1,'D3xQNbw4pKAAHlfYPQay',NULL,NULL,NULL,NULL,NULL,NULL,3,'qPXgJK1fZ4sf0pFy8HXBRJpIw15jzd9rCQlnRi7T','76191674','wA07LYkYXY@Wnu4S00HOY.FST','http://lontfsdKNJ.HtI0pvgeA7.zbi','2022-02-24 14:38:51',1,'2022-02-24 14:38:51','2022-02-24 14:38:51'),(100,'c19216a51ca8a841ba255d1b41c2fedc',7,'jqN2UhPr7AFINpNoC1FH',4242.00,'LBhLQhuQPW8a2ESGIn1u',16,'JMgKBj32F5sPIpkr9mDI',1,0,'SDgYRQkATEQa2XMAp4B9',NULL,NULL,NULL,NULL,NULL,NULL,3,'LmqvK5SKDzKVaNak5e5sQyhGocDWuoDmAU4cK5b2','18202080','8CB46o4dhg@cmZTigWMbU.lWf','http://7szdZRt1wo.c125QP63B3.RHz','2022-02-24 14:38:51',1,'2022-02-24 14:38:51','2022-02-24 14:38:51'),(101,'b55dd92a202258152a33a70fbedbf3b6',7,'DAJICudUE7JkYGXNXgY7',1667.00,'Y41BF4DpsSrsjyV4px7a',15,'YsAZ3cTgAnXQFoL7oh9a',1,1,'Zw0SYc4QMh0vGOLAa9DZ',NULL,NULL,NULL,NULL,NULL,NULL,3,'4SglRWjoK05LOKV2EfysvVJA7thXe97Dl8RM1l0F','31279221','H88tcgXlXZ@DPz2bytMYt.MgO','http://gmmoHlhEA6.vbGN2WFDHQ.whb','2022-02-24 14:38:51',1,'2022-02-24 14:38:51','2022-02-24 14:38:51'),(102,'4d1d32bb2ee18e7110d2771ca3d560fd',7,'rETMK5kTDv4J3DEUzzIa',1777.00,'sY9ZfkeLhffRFZeaBcs4',15,'jDQ1Bp3ixJxC8VUhCwC9',0,1,'eDuMui1QsFInvY6FT3Fm',NULL,NULL,NULL,NULL,NULL,NULL,3,'oMAqlW1AdBjwXfHwImV2dLT3ob6fRpPzKq25kuFX','32160677','swryNsqe5e@imAucEAL8N.fKR','http://fqLhWC740r.TvYR5V2psq.QOA','2022-02-24 14:38:51',1,'2022-02-24 14:38:51','2022-02-24 14:38:51'),(103,'3ca9f535a458411cef122869f684e20e',3,'NAhkRdo3NsA9E29ija47',3956.00,'M3cAhTqIgTXuNO2TPUQz',23,'LYMugDlq6PSqgeTuGBuR',0,1,'hrfTVe5ejnJDlP7FbsyV',NULL,NULL,NULL,NULL,NULL,NULL,1,'CPpirtbUaneGePtXrG49eV3e0TlxSL1Vf4CpRq3T','93607749','nN0TbzWGy0@OcS2AE69Tq.RID','http://al7KWBPZRd.jhKMy4y9IC.8Vl','2022-02-24 14:38:51',1,'2022-02-24 14:38:51','2022-02-24 14:38:51'),(104,'07893c18eedfe2295d7e3ddb567881b1',9,'IcHbObvpi8sOMLFPdj0M',1478.00,'wP947HeNcR7SHJnmpmBO',18,'xfsSSy5aDd3CmiBdHiEV',1,1,'1nAzMJBxrUIZ13WuNHKg',NULL,NULL,NULL,NULL,NULL,NULL,3,'CBVhsMxOI1iKSKNoJteVlNJWK4SclG4LdhpGPUDk','43331554','ca215kMhBK@a20OqNDeg7.ART','http://zbCt0gKQGb.gNebCZeotA.fjn','2022-02-24 14:38:51',1,'2022-02-24 14:38:51','2022-02-24 14:38:51'),(105,'1de6ae44dd6640d9b722a6c104e28efb',2,'OvpbWp7bFClaEN8RGstA',3485.00,'NCeSUrUQGdCjtRqGLtZ3',11,'bq6VwflsRRitsJaDOGWX',1,1,'k98UqqWkivnBybF1PCnp',NULL,NULL,NULL,NULL,NULL,NULL,1,'0o9CYlRVFkINi7bpeR11QkfnkfmLje7ReyJAGQEM','46429090','k3ZXG7QCAD@jqcNWZwIU0.U0S','http://IwQyqSYrid.vtdQrJbGiV.67p','2022-02-24 14:38:51',1,'2022-02-24 14:38:51','2022-02-24 14:38:51'),(106,'add08b890613eb3e1ef789d9500e2192',3,'IjSwSWvVSKIDZbhNFbU7',3019.00,'vvqQeRY2oMPypu23StoL',1,'0Yum4WyrUhCEbBBnrNUj',0,1,'977UmLbj3nFzOycPgKrV',NULL,NULL,NULL,NULL,NULL,NULL,2,'PzYCsrwxJMYkK6Rxp0OMwM7RnGpFwDjUp6Md8HGl','75641796','TZxu62ClM6@kcsuzLlzo8.G9c','http://71ptm49YtH.LsB30WET0J.OHW','2022-02-24 14:38:51',1,'2022-02-24 14:38:51','2022-02-24 14:38:51'),(107,'31ef74300713e58e17758d3f25ffbb0d',1,'VMngtjdZzusgjwVbik7z',3279.00,'8Q7Bq0hrOL62BcpkFVkY',4,'Kfr8p2bJXVwQz21bMrry',0,0,'RA2s1MGctIkggrQpsvJX',NULL,NULL,NULL,NULL,NULL,NULL,2,'7wP5Bjw6Eq6itH3ygyviBaSd9bDqNPg3obAiPkdS','44357577','grChSuUf4y@6cDyPIkOL3.KPu','http://mWfpW8ZdNF.i36eZI6Gca.yXF','2022-02-24 14:38:51',1,'2022-02-24 14:38:51','2022-02-24 14:38:51'),(108,'cb4bb5c6f5790acfe7fa343611889fd4',5,'egBbtxl2TtSLcUpg2CYZ',3821.00,'GJr3iF7JmErESYEAfPgP',15,'sUd3QMz0bYziwQ86PnWr',1,0,'iCKXLCH0pJI8ZNNnqOkZ',NULL,NULL,NULL,NULL,NULL,NULL,2,'u6nJ8ZCJYcjkbVBb2HbY9PB3Oezrj4hhD4eQW7mC','28413170','yEWpbUUuEM@TW1KPjuZI3.RO6','http://ZSh8nL4jLx.EGgXFHm59J.T7B','2022-02-24 14:38:51',1,'2022-02-24 14:38:51','2022-02-24 14:38:51'),(109,'990f6f1bdef65738a393733a485c995a',5,'h3xabi9fJaVrkrlIYkxF',2688.00,'styNkbrGaYh6VTNJNde0',15,'Rv89PEtMKUkGW6SBi0IG',1,1,'uefvSqnciLFmKWNgQU7N',NULL,NULL,NULL,NULL,NULL,NULL,1,'vUuzwwR7x1HR2SC3K1TjsWggAOvGFVXxqTi276MU','78668085','IF8W4S6SzR@f1UDPbX2Ue.4AY','http://r3sYnzkKcs.ZwtKu1szwM.wbM','2022-02-24 14:38:51',1,'2022-02-24 14:38:51','2022-02-24 14:38:51'),(110,'139750bab30a4e7a6d925a87ace92d9b',8,'QoukhNqf1bvhlQn1qWLG',3560.00,'28CSkB1cav8YpsqhSikP',16,'MOTFnLNvu64nh75LnRoj',1,0,'YtlBvH6Ez9xwQ1cO88Pr',NULL,NULL,NULL,NULL,NULL,NULL,3,'JtVPCA8hlt3rIhuzIZXCPfuOUtEldDZLTOI2sQpx','80278793','megCdoFOuY@uH6p1Wbi5M.9Td','http://NgPjjpDOuP.fYSe8XNbuA.jBP','2022-02-24 14:38:51',1,'2022-02-24 14:38:51','2022-02-24 14:38:51'),(111,'d5da78d7c623ba797067315aaaefcff1',4,'SnaJSL0nOxlpzBnaspkb',2627.00,'8A90lmrlkEQuPco0n3hZ',21,'TnYU4QXdwvqvCasK1N39',0,1,'HWzytTBr2hvR65Qb4tUM',NULL,NULL,NULL,NULL,NULL,NULL,2,'aST1W0bVC1dtRriLarGp5LojO8pkQnrtH2Ab3M0a','90120121','jWRAeWb4yn@5WgMo0ISXo.gQq','http://b2VBUzvoyp.KQlyfJyxIq.swB','2022-02-24 14:38:51',1,'2022-02-24 14:38:51','2022-02-24 14:38:51'),(112,'a6152d91b80247505c6aff9258fe3f68',7,'BpGxUx7Sy6sLS3NmH2Wr',3288.00,'OqpUrIOXX1azMYU3M25S',26,'vToLeoTy2Tr8yPDBVhhQ',0,0,'AacL4AM8bTt6P1mtyZWU',NULL,NULL,NULL,NULL,NULL,NULL,3,'x4lkUYhlGztyl9KbtdusJL3RXh98UPh1Rp3mkBEO','70217219','kUWYSZbgqH@JG7qWL4aHn.roL','http://DKSj3kFQHu.HAWo3YauYG.IzI','2022-02-24 14:38:51',1,'2022-02-24 14:38:51','2022-02-24 14:38:51'),(113,'e7c67fed94dc59cc0f753ade23d52672',8,'tERXs17HO0pEdV14I3uR',2484.00,'RruNf5STPgYPABoLEQul',8,'lZsI5QXUd8yfyQ9vPj1P',0,1,'x4l8ymXX2HP7NM12eoll',NULL,NULL,NULL,NULL,NULL,NULL,1,'MOOygKCsn4dA4Ntjggcyof5ar9uzw1VZuuTMLuOm','35694722','Hir5s5rvxj@VzqlY7h2AU.yEr','http://ve0hVcCKBE.C6ymnet8gL.LIR','2022-02-24 14:38:51',1,'2022-02-24 14:38:51','2022-02-24 14:38:51'),(114,'cbee0a3b893613a2be610d490bf97dc7',9,'HD1ewzFVLdrB7RjbaN5w',3836.00,'QWJL07l1ppMxRB9pzboz',25,'obqevx8yWW9duixaBrun',1,0,'aAZru8oyNYpSkE875tM8',NULL,NULL,NULL,NULL,NULL,NULL,2,'yjo7z8BnoBO8qVrpdrvGpoyiKrgsoI7fjayEKjx5','32524455','Mf5rBvb9cC@y1E1YN4XRg.OhW','http://NespokxuiB.bGTHHWolYD.hDd','2022-02-24 14:38:51',1,'2022-02-24 14:38:51','2022-02-24 14:38:51'),(115,'d354686ab56d7971452e365e77558283',4,'jX88zQSdgeaDxhfGDnPX',3107.00,'MSLGabzdHTQxrJWX0RRf',14,'cTYh0QoGSUuTPaMYJhqy',1,1,'v9EuygvEXyZmLsws7iJx',NULL,NULL,NULL,NULL,NULL,NULL,3,'rM0izzdyTLUO23cc6uKREYIOAXJYA0cffrXi5bqK','60277659','odYHIk5wH9@U1mDvQZOSq.CkF','http://pHjrZpQcTC.pEMB6YvdCH.u4L','2022-02-24 14:38:51',1,'2022-02-24 14:38:51','2022-02-24 14:38:51'),(116,'49b47ea02c8f5c1eee9fd7596cd364dc',9,'nHfz8vqMC2oYFWZykdF8',3791.00,'JwJppTPBPEfRVcqbVVZ8',11,'pAQZrr7A6KmRNWFOf2ot',0,1,'KB1ErJxi9o2FfFuuKOdj',NULL,NULL,NULL,NULL,NULL,NULL,3,'d9c5h0fDl65S5LXj0vN4vOQUGsGLHsfMgbWZenAe','74542098','3zFBWmNX3h@VIVMKikSQZ.cW9','http://jvS5gqGjQa.b79Ga1DW2f.sLO','2022-02-24 14:38:51',1,'2022-02-24 14:38:51','2022-02-24 14:38:51'),(117,'d179a348f4a34dcf3bc267060b4ea6bc',4,'8R1zja3BiAKE7RSFlY5i',3236.00,'PxUuV7jHpuGSbAHEwho4',25,'KlCtt3mE0AEYAZGe0iwB',0,1,'NgCI8JA2x4EYa3YX62cK',NULL,NULL,NULL,NULL,NULL,NULL,1,'I8DK7cAnhcf6L2jcMIMp31awkkDXJnyMF1SQtmk6','76293379','bcueQQvJh3@UExip356AD.bux','http://Mp7na3XG8U.BI0do8lMTC.BN6','2022-02-24 14:38:51',1,'2022-02-24 14:38:51','2022-02-24 14:38:51'),(118,'75e5c81cff54adcb454db815a4ea813d',8,'7vXcqDnUVUOFsIm5QveQ',1457.00,'CDofVEgFfDOS7sYoXRg7',7,'6jqWBZVP4ANguffCyLeY',1,1,'l5VlRe46ealJSfb9ZFtM',NULL,NULL,NULL,NULL,NULL,NULL,3,'Gn5jucM1B94eLgntSokPFGvhQQkSbXsdU03Ynh6x','39139900','tiSlbPtQW7@dZTRd7HK0J.b79','http://R140a2KJak.KsIJoNW7pl.GS6','2022-02-24 14:38:51',1,'2022-02-24 14:38:51','2022-02-24 14:38:51'),(119,'b2d1bfc9aa4974f2bf90696c10a569c8',1,'tVXrbFr9Nel2Zt5qu32i',4630.00,'vIu3sT0sRhaANqne5HGW',20,'VICncd5oWi98RbF13OLs',0,0,'xC4OWPPaWgJwM17Kbmph',NULL,NULL,NULL,NULL,NULL,NULL,1,'enJOjcshqiPUZ5ccGxFmmgak2U8gbcIJ3BhQj0Ou','86997265','3r9YGr3FAS@ELbGBhkTgD.qa0','http://aGMp5C0M2e.UUvSUF7lQE.YTD','2022-02-24 14:38:51',1,'2022-02-24 14:38:51','2022-02-24 14:38:51'),(120,'a35a3f901be1a517f47818898df370b8',7,'Rhz8k0zbZBV0BXI5pOdo',2679.00,'cts5kqrU4W8hPPEQtwTy',22,'HJ6DDCvvZ3Kd5Kc7vKVa',0,1,'jP4MtRae9x8AFdjsZ0cA',NULL,NULL,NULL,NULL,NULL,NULL,3,'Y9hRe5HQvyR4OUltieVJdyf2tzRlMGq8G7SjlDWg','72070217','EXjYc85Xbk@kw6Ccb628I.CP3','http://6t31Liwvi9.2bihI1wsXy.yPv','2022-02-24 14:38:51',1,'2022-02-24 14:38:51','2022-02-24 14:38:51'),(121,'23f32e718ffced39c2f7d53fc8a9ad3c',4,'zTVapWfRZfzyFbuO2SQ6',1654.00,'v0Z9ykY4kBC0REUTieim',9,'U1dibBxNJ4q5qOdoJrSV',0,1,'iS3ZCUfpp0yVq8z9opb8',NULL,NULL,NULL,NULL,NULL,NULL,3,'nYZLcN6vl1UV8jysspLKlVPdPuY2eIXedg8pB4gu','44511616','qlQJSszjsS@o29keqha5s.MFX','http://Bg5SEsIgdS.IMImXbclhX.wLz','2022-02-24 14:38:51',1,'2022-02-24 14:38:51','2022-02-24 14:38:51'),(122,'c45ee1ed7324413d275374caacbcf9d8',6,'1lgpZjG71YdK27aioYb9',3070.00,'OGQAmct1iDy8RBjPnm5s',17,'7hewqZQRmqehAkxDFl9i',0,1,'RMXnJya0duJPVWztOvwq',NULL,NULL,NULL,NULL,NULL,NULL,3,'BqatTPGttK8EUnYVE4wzmXmMHBD3kHEHM2WHSC4G','70570836','jq08lwZJMM@GdWNalDtdG.u3T','http://nKcVJ0z5Ou.O2TLXSvwTz.20S','2022-02-24 14:38:51',1,'2022-02-24 14:38:51','2022-02-24 14:38:51'),(123,'0777cc1190094c649db9a89db497ceef',4,'WjL5MdW5jgnkrmhpAnzH',1512.00,'6YspSOQ8Nu7YgwPyMejZ',7,'XOdvIooen325LTiPJMGN',0,1,'YxyARe5PvJQwSrDfaICM',NULL,NULL,NULL,NULL,NULL,NULL,3,'BUddSMjqdapk72rOnjfy5Cro1Xw6Kb1EGQ9ad2lL','48141956','ESTC37jSfA@FitM6wPjaA.Gri','http://uaVW6Kv0ai.yf8JhhCZSM.qHF','2022-02-24 14:38:51',1,'2022-02-24 14:38:51','2022-02-24 14:38:51'),(124,'5e1f550acfee066c415593b8ef9a7e07',3,'V5S33lomh3ge4JSVUmCd',2086.00,'LKl6M848CWv7xYDa5Iog',27,'CIWvIJ0f9uTHgqRsGm5b',0,1,'TCnwNAs8d113MTmGRruN',NULL,NULL,NULL,NULL,NULL,NULL,3,'wWJRwbzwGDL7qBffIGmZW8G4swieOaIKWHPNkGz8','70944478','PQJ15aPBVm@njYPa8Y5Kq.hcP','http://ALoS6ulFpm.5TVszorppC.zds','2022-02-24 14:38:51',1,'2022-02-24 14:38:51','2022-02-24 14:38:51'),(125,'0d4998b687248d008a16fc907374e914',9,'AAz2n46zAS78nzon66YA',1928.00,'FS0zbFeLWJ4U5GojAGE1',4,'QAljTRZbXWDqrHkOD1g7',0,0,'XiUV6uwcIG03KiFZOaOx',NULL,NULL,NULL,NULL,NULL,NULL,1,'UFa1aTce0hYD3CCs8YureDNahWRfGGnQCixWDzDE','56581945','0Lqt8ewCPp@S5qxUKFPk5.2Zc','http://2Y0T6impTm.4Z8ZXcd4Sc.XEf','2022-02-24 14:38:51',1,'2022-02-24 14:38:51','2022-02-24 14:38:51'),(126,'7e53dd4f54ef107c2da90799ac358667',9,'78htcJNqKsLmcAgAfuGJ',2243.00,'7Fp24gY8QPe2FLLS6coy',18,'6OnB406zvZmxKirfKH07',1,0,'bMMa7wjH0dYcFiDDAv4S',NULL,NULL,NULL,NULL,NULL,NULL,4,'K0iYjlKBqTsdDZVHSN4E8hE63X3LCc28B2OATXl3','64929234','PSBVcv1Qf1@2iwhhwRey0.7dG','http://FuAYLrGe8Q.XdfYDDDlsn.Ytc','2022-02-24 14:38:51',1,'2022-02-24 14:38:51','2022-02-24 14:38:51'),(127,'c41764d90e8f2bfc1b4606649c80ebab',4,'dFKUsgyw4Ekp72kspGwz',1219.00,'iyYvbRDv4jWVjwyLoTCB',26,'PFzZcc1t4mhXJsvq0iO0',1,0,'QyrMEiuf9jizx2Zq6Iyz',NULL,NULL,NULL,NULL,NULL,NULL,3,'FQKYQ4o2WuOt6MpnUHiWi8jJM0MbBRnpqVLDmW2M','76625155','MFQm7lZwOe@P70igN9EVk.4KK','http://0SF0nzXEbv.uQ7FbHFYUf.xR8','2022-02-24 14:38:51',1,'2022-02-24 14:38:51','2022-02-24 14:38:51'),(128,'0cf02eb3f674979f8a55349d0f92df69',5,'x0dU7zyidxokmHjsCca6',2971.00,'dROXK9fRDE1DjHNTgaqQ',9,'xMRigy3x7wPAX4trgBuP',1,1,'2TmvHizJiOgeTaA6XlLS',NULL,NULL,NULL,NULL,NULL,NULL,4,'eZT1I8BrZDoRTJn5yzWhwqjp0FYkaOpS2pmLxFUK','64071920','CJ05taDPXI@cOWXosMbht.bdG','http://UP9rHKS6sM.0RbCAIUJFI.BaW','2022-02-24 14:38:51',1,'2022-02-24 14:38:51','2022-02-24 14:38:51'),(129,'d4b25da92c4454c78594f10eb6d976ca',1,'ouIa4bMgyHkjvdAXyrs9',3561.00,'WdpoQrFa76zShkCvHnVw',18,'J6F43QMwQE4sDNBrneMc',0,0,'nfYzYlw5umrpEsr49LwN',NULL,NULL,NULL,NULL,NULL,NULL,1,'TomjSwnvAitN7SoE6pdJsgtFEew5rzkgidTWCM6A','18432263','CQGvyLYER2@92QWbJ8hId.U2Y','http://44dcqSnAwT.oMvOG3PtZv.aHN','2022-02-24 14:38:51',1,'2022-02-24 14:38:51','2022-02-24 14:38:51'),(130,'466555a96da3567029a2b8b153170e7e',2,'kvW9nMYksyomMRn2t3Sj',2185.00,'25cX3hNK7B2wojAf9uNN',17,'kTje4rlEOge0B3qXqKPl',1,0,'iMyQXz8Y7DHju1YnZ2ad',NULL,NULL,NULL,NULL,NULL,NULL,4,'Z868GETgsWzytvkngYyFJC6GbBUdykGiaXOZsmRx','68249266','ZZ2lKaldJD@Gasz9yTjSM.Vfj','http://ZEdNL7ytkQ.y5IxqnF76e.XFo','2022-02-24 14:38:51',1,'2022-02-24 14:38:51','2022-02-24 14:38:51'),(131,'b37b86cbe014b551e1c4ab14a01e9509',2,'a3fg7kp7jaIr65np569A',3753.00,'4w9ifmqcOY8ciDVSnOtT',13,'YckpvcjezU2NN1gCYCSS',0,0,'4PP0R24u5IvrBhb2M1CP',NULL,NULL,NULL,NULL,NULL,NULL,4,'pp8WbouLL3TyN3VuLW93hCbelVgzrrf9cLsq09Qf','49429281','BfjkAsYX64@IE9BT14m1e.kmw','http://EzP9J6Px2v.yyjtnQVvqI.CQG','2022-02-24 14:38:51',1,'2022-02-24 14:38:51','2022-02-24 14:38:51'),(132,'f5d9eda5015779b234b09613bc324020',1,'lT4BDz5ypbRakQF9onou',4781.00,'jQ0ZDPtFGl57OGkanFT0',19,'JEQkaQ71sllv8XwB4KMp',0,1,'TQMiYGu59kVFPoViUhe1',NULL,NULL,NULL,NULL,NULL,NULL,3,'TJXPyhfYfFEDefz4OXtZSjfTj2ZSLpEinfq53UTk','42268183','ILrb8uSBOA@uAGZuDl3cI.FE7','http://OSQI9G8KOd.HQFAdGWzwe.vrl','2022-02-24 14:38:51',1,'2022-02-24 14:38:51','2022-02-24 14:38:51'),(133,'602689e7f5655a0a2c89b85b9189886f',8,'eiCIqXV1mh7ROo4IOnq9',2096.00,'1PioJXjL8gO9XJORob33',27,'sWwHTEzFA8hLxpoQXDr3',0,0,'ZuQ640GmUlN3ZE77vo5d',NULL,NULL,NULL,NULL,NULL,NULL,1,'XEYtlNb2KMuRuJrbrUZ3HvWSHXHakHrKSXyZfrFl','49010654','R14BRp68u0@qzRAjkGoqD.ryL','http://fgzYRzkYaK.DlLhrDVdIX.Bvm','2022-02-24 14:38:51',1,'2022-02-24 14:38:51','2022-02-24 14:38:51'),(134,'53a44b27e0fe8fea8fb179dc267ea9cb',5,'4E94BdTr5vtszPMawEON',4656.00,'n4WCXTQ83Ipe009PJY32',19,'5QgKTNkb6K9xlPhqghIN',1,1,'2AkWDWowTkBPBy0V4J6v',NULL,NULL,NULL,NULL,NULL,NULL,3,'dkIvz64zom6OX9VCgJjFUu8uqZxxNmWhN3Ey4Sda','79081849','4dAQ5UZHSQ@AMIDlCz0gA.2nM','http://wI0JtJ33O0.JPBz61SRFC.f00','2022-02-24 14:38:51',1,'2022-02-24 14:38:51','2022-02-24 14:38:51'),(135,'b69e1c970c8f5fc68dd66ea5f56d901d',7,'4FBlpCADisOp24StQ2GP',3126.00,'wPrpcYtqvfnCC5g6j7lR',11,'RAL13XHxhovfRyR9fc7F',0,1,'I4oYdqA7vPiGeXbEGsGs',NULL,NULL,NULL,NULL,NULL,NULL,2,'zFFYugm9zMz5hPvNohCxjt7hbGPZBGs4ezHpKRhv','59338737','o76os3NFDp@iUbCyxSilx.wdz','http://DcwmTRPgaM.wCAtSCuJnU.mUS','2022-02-24 14:38:51',1,'2022-02-24 14:38:51','2022-02-24 14:38:51'),(136,'0d3b97a6fe31966bfa79a6b06180f54b',4,'d71QRo0waRO5WJOqGbqD',1817.00,'Iki2PISZuxwXA1Pr6QqM',20,'PJsDknJ4BLAzfZwEO5cU',0,1,'EdHST62qMVtkNUa3yXN2',NULL,NULL,NULL,NULL,NULL,NULL,1,'Nw2SRXZZ1VidnXUXzqvE2vJiQ6QzOPJDrqLKQrmn','88960518','TVWpxvW4CI@bLdhllOcHF.7Li','http://iQwscN6d85.VYxWiiRT8R.ilD','2022-02-24 14:38:51',1,'2022-02-24 14:38:51','2022-02-24 14:38:51'),(137,'902279fc4ba7566497dc43d8d5cfebc8',9,'GphQfEpJa7mq4WFWeMZb',2937.00,'aiYgIRG25sqk7k1Y4TtK',16,'QZ3NBth8dVk71DKVju5S',0,1,'djTj0Xt39Qd05WtGRA1N',NULL,NULL,NULL,NULL,NULL,NULL,1,'JFLzu57emHSKjCB4MGJ1mlmvkED9REB0wo9aDfJ3','90566197','kFgWdQOmbI@moNDtBikLf.Xdg','http://0oBN2Gy3uD.1SOlsVAkks.X2V','2022-02-24 14:38:51',1,'2022-02-24 14:38:51','2022-02-24 14:38:51'),(138,'8ace5c24343ec99e62fd5869af559bb6',5,'RzNuMW90woJvuLtaUm60',1150.00,'Py3PBurMDdBHEGGrJayp',26,'Dez9emTE3dYDd0cQOhKo',0,1,'8N5VwtUJbgJicVDRB2Fq',NULL,NULL,NULL,NULL,NULL,NULL,4,'UGb6XmDnWZnIZXAXK39ctn59Y4JEoM1zidpLkI9g','37924028','1AGNoM9nX2@LcAqL3HFdO.LTJ','http://TJPzYjO1Ed.RoKb7ZEwzf.oNY','2022-02-24 14:38:51',1,'2022-02-24 14:38:51','2022-02-24 14:38:51'),(139,'f373b57b77f95751662060fdbe536f97',4,'GI05DgdRIiRfxomXlMyC',1342.00,'XUAMSblGOCW5ZNcQZdms',3,'CloGPVPZSoDpwNzGEAxJ',0,1,'VdImOar79ZlK9kl2i9l1',NULL,NULL,NULL,NULL,NULL,NULL,3,'lmlEs89J5IFB7mqyh6OcHir229jidBptEq2eGgXC','57404990','tekyWfeKd6@tPwMoypc0Q.L6K','http://2dL8HWiamU.7PUJ204Nv9.KoP','2022-02-24 14:38:51',1,'2022-02-24 14:38:51','2022-02-24 14:38:51'),(140,'535d36236c3832dc14abecb6c1cb3c1f',3,'0Z9zS0jUMF9er4FH8ufT',4806.00,'MUFbirEsbSluk2QcGk0W',24,'urwlNfnjFwDTUF2CW9ns',1,0,'oHzj1Xmx4udyP0ymBXLO',NULL,NULL,NULL,NULL,NULL,NULL,2,'JB4AhZeUyQB0SJBe47A2djQER4RFXZZdku5VH7k8','35892204','Y9XSD6uszT@JTipwfdm2f.qKr','http://qCph8ZLkCV.5s3ZIT1ClK.uq9','2022-02-24 14:38:51',1,'2022-02-24 14:38:51','2022-02-24 14:38:51'),(141,'066f517afbd559a3ffdf1cd74916ebfb',5,'z8KfIUPZio6febtjRpkY',3078.00,'V1xNsx9HM47I6te9jJL3',16,'pv0SIkRdrGy82NyYVK4q',1,1,'J57x4d0xrHzq5LMIMLOu',NULL,NULL,NULL,NULL,NULL,NULL,1,'UDdDtTKt5wy2vy33Y2Uv3y5BARDbfglOlgOXX2Ld','48142414','CtfS1VlwQz@5ONka45lJ1.w6J','http://HtrBLM0SiA.dytcEc98u5.9z1','2022-02-24 14:38:51',1,'2022-02-24 14:38:51','2022-02-24 14:38:51'),(142,'0de24eba94e498d60d24d65634c010ae',2,'p53UMMc9XIax7B2vrdAa',4280.00,'M0550QxtywdwRix4GXrJ',13,'3ME3enTQCppW56JNZUt8',1,1,'6yWZl8UInDG9LBJzScJv',NULL,NULL,NULL,NULL,NULL,NULL,1,'TfJCnFD2KD7gHh67dVGs1rfW4ZijjIsDDWMqMRCQ','26170212','cIRO8aL9EW@YmwNb6O3to.y1w','http://DKw0zmWVxE.xisuXFX80m.Yb6','2022-02-24 14:38:51',1,'2022-02-24 14:38:51','2022-02-24 14:38:51'),(143,'f03fc3a58064643063042c19c64cf6fc',2,'XpJpxC1G82lRAcsSJ0xJ',4277.00,'ZjqDPK7MIyEsFLc9c4gP',12,'3QkXM7n4xnGGhuVVZu8I',0,1,'lUcTRik7v3YEbWmrn3II',NULL,NULL,NULL,NULL,NULL,NULL,3,'BSAk5jecdbiD4ylJkHn7VRYOgaoS72vwCCxoaKS1','34703402','oiicxKwlu8@U9HUA2WSPG.uJD','http://h7AEjCYqG9.CUhlZVCYJm.DkH','2022-02-24 14:38:51',1,'2022-02-24 14:38:51','2022-02-24 14:38:51'),(144,'a1ea049833bcb57f3831e6ff45bb7976',2,'csGBer6mmWy8ojrwQKjl',3669.00,'Hm2V6s7ssbSZJoLo8tvN',11,'3CLfGEniB9upAcLGCxig',1,0,'uaJIEQxwWFIhlxpniH57',NULL,NULL,NULL,NULL,NULL,NULL,3,'H02BgpiJNgVztihPu1ptnDQWZX8mfr1ThCiDbyu7','52146276','lEM2wg4kAM@p7Ws4mNq5u.Xez','http://HWvoxsWdL0.8NdeB1B9rs.Gn1','2022-02-24 14:38:51',1,'2022-02-24 14:38:51','2022-02-24 14:38:51'),(145,'207073d9c97b4c558d9f0a9d5c709156',1,'XLqUZfk0fdIQCxiuMGDt',1477.00,'jNI6uIHnYHhQBwvmS1ie',20,'JOw3tzJhSS3S33fX9Mnt',0,0,'ZQLLBuJPAjWsj63vRX6e',NULL,NULL,NULL,NULL,NULL,NULL,2,'FFiYNGOp9QFSx7UUd1hliGUzsUO5zX0TfFVeVV9z','23870315','Eiacbx2HqE@KZXnP1Eubx.uXF','http://zjbVQ3hLcW.Sevy2rWZvF.3UD','2022-02-24 14:38:51',1,'2022-02-24 14:38:51','2022-02-24 14:38:51'),(146,'2bdd663dac6c758d6dcaea2ed37f9a4c',7,'Ps4jtYvxIKPde4Z9mKPu',3081.00,'CjGXewi1eVFqORDavJ47',5,'Tnc1emqUV0ip5QPdfopF',1,0,'RXuhXIbuoGc5ljJcBYfj',NULL,NULL,NULL,NULL,NULL,NULL,2,'VHN9JOkDEQHIsnvBlQuvksSjzefqmxpvRF1Qxbky','72511499','3gxlPA0MZ2@L9TTBotUlI.Ujq','http://4eg55qugex.gAYwuYQtMO.NPj','2022-02-24 14:38:51',1,'2022-02-24 14:38:51','2022-02-24 14:38:51'),(147,'f42a445b0e9fdd26f24709b4c9b6d0d2',3,'rCRvB6LHr30cDn06B3zU',2908.00,'G9Kj6xjjYBOcGe0xOLkB',23,'NEQGupXyWfXckAkugI9J',1,1,'q2btbjZdupHRnp3kRlYZ',NULL,NULL,NULL,NULL,NULL,NULL,1,'rMF6Cmckg1kus1CTlDiBccNZSQxqtveDCgrXriMh','53615147','navatnSLDK@b7S9CYhuPO.VBC','http://FD4qIrjnN7.bBxl8WyFkv.gUr','2022-02-24 14:38:51',1,'2022-02-24 14:38:51','2022-02-24 14:38:51'),(148,'b67b1c7b53f2342c2358916c4340bb4d',1,'0I3admLk7FPH23c3aShG',3031.00,'mFGIAdctxbEcpzZgnYHE',3,'sclGv48OQE1uIEanQlby',1,1,'PgVIt32NgH5TPNHsQoUg',NULL,NULL,NULL,NULL,NULL,NULL,1,'hqeQA4tDHjzuZ671pDPIDqUWJ7Rv7zGlJtrHcrqo','69204532','qI0OeuBoYP@x68f2rBwpO.XEJ','http://LxgkOPU4dk.u3vRuBYVau.4qR','2022-02-24 14:38:51',1,'2022-02-24 14:38:51','2022-02-24 14:38:51'),(149,'fdd92992aacca52852d878906edb1850',4,'NmEWWEpGjwHLnEgCvFAU',3224.00,'Z0ETHiABJpQ0MtW2cWyv',23,'LzrjK8m1rJqJO3ne50M8',1,1,'DJn6r9K5xnHarkiYu0US',NULL,NULL,NULL,NULL,NULL,NULL,3,'nod1KuxR7YQJnCgmECKcgXQH7KOUEtwV9ydh9Sy4','72649858','74blxRojoa@kNcWFrig7q.6wp','http://18xH4xHvcG.E23FnCSO01.TXg','2022-02-24 14:38:51',1,'2022-02-24 14:38:51','2022-02-24 14:38:51'),(150,'2df08eb27f10006e0bf81f67d3318308',3,'xfTDbMFhekaTUP3jwmQi',2082.00,'QZ80z9pjSKwt71Sj1bvj',19,'AVCspZsuGlTQGieV6F36',1,0,'jv0YGCHDjmf4aO9Wz22k',NULL,NULL,NULL,NULL,NULL,NULL,1,'mrqSgedIOLA9CADwcKIofujWEYXOdrd4r4UaD9vi','74200861','gRQ9LUcsp1@qvVgKL2baT.rru','http://R6OcVraXhM.6wszAZ2gb0.maP','2022-02-24 14:38:51',1,'2022-02-24 14:38:51','2022-02-24 14:38:51'),(151,'ad3d14faabbe462d4ea6b12e5365a0d0',4,'8QXVTW0p87KdwszLqdv6',4109.00,'ZPYWT8wjKW18FpRBF4UZ',21,'0BiFq9vXHFCF6tp6nTOA',1,0,'8IJUFJr9TqwS6qmr30ng',NULL,NULL,NULL,NULL,NULL,NULL,4,'Jn58nMx0ytiW8NVTbaJi8uamolZQJEsKuk3KRVRV','46895341','u3h2LnDnNa@qqkrMG821i.32A','http://07PXoDT193.DkmETnvSZZ.kOU','2022-02-24 14:38:51',1,'2022-02-24 14:38:51','2022-02-24 14:38:51'),(152,'457c98d7596a773fddb26a886fa8d98c',1,'dCIi4PW0WDoNqyTIwlx5',3256.00,'H965dHxTiWbXaiQCgMCs',15,'bRhtmkgp6NBBoFDvc67V',0,0,'rbgS68FjdYLkiESW5PkI',NULL,NULL,NULL,NULL,NULL,NULL,1,'KTeyOqPh0SJwCgrwyVcrqpYzoCMiORkp7UMWT7o5','84806134','Yn4IqLofpu@plpXQfQ9IN.dtV','http://MMKetY3SsG.uY99SWKZYM.QQr','2022-02-24 14:38:51',1,'2022-02-24 14:38:51','2022-02-24 14:38:51'),(153,'775b62c0dc54d206473183c9ea6c7b2c',8,'D6OkXdcb1WzH2kMzfsAB',3048.00,'pabdQtgGe12djpTRgRis',24,'2T7nBh79Pgj7ezkz9iNi',1,1,'68kJbK5Mpt00iE5jdKDv',NULL,NULL,NULL,NULL,NULL,NULL,4,'txxdvKZQglCWiZrhxXfcfAUtLdoEZ2BavrVFARfp','66640198','5dU8wE6tOi@PZurbAbCRh.2Cs','http://h36qsXQ9xT.ed2OWdIrk5.HT5','2022-02-24 14:38:51',1,'2022-02-24 14:38:51','2022-02-24 14:38:51'),(154,'416a3993a059fd1f0559d8f8fb41c822',3,'wEXrVDC0twQ4dJs8pO6A',3126.00,'el3gJEpg7qZuPOHY7exQ',4,'aMRXEwS6hEzqUZMHtXLQ',0,0,'jZIpjuhGHoRTtIbvuVax',NULL,NULL,NULL,NULL,NULL,NULL,2,'llT7w9BsRvqtIQvSYLq8EsVU8fRsELhxOw2ZkH4o','15710035','gRQYdN9uCV@rkZFvtPVES.Y4h','http://v5T4KEYxMQ.QXwsTj7a9q.1Fb','2022-02-24 14:38:51',1,'2022-02-24 14:38:51','2022-02-24 14:38:51'),(155,'df2a75c53cc67401ea1fb28f993195e2',2,'qNCYsqlOzUr496U6aek7',4257.00,'vu57N3tLOmtGYton1fkk',11,'d791M2ZeWmNIBygCZhxe',1,1,'pB9m0ZGdNBghbX8vFP14',NULL,NULL,NULL,NULL,NULL,NULL,3,'97TCnccp5OfNlQqz1oPoVeAajdpwzLUquG7JYNGh','55342190','kgT3QXgETD@8jd5dATDD9.Sko','http://4Eq5M0lYkH.MJVXjrcVut.6tc','2022-02-24 14:38:51',1,'2022-02-24 14:38:51','2022-02-24 14:38:51'),(156,'64d9337a653dbabdabf9f1d36f9d7c73',6,'yHjh4zqQ5Qls02insrhN',4464.00,'ArPcMxfC45CBNXeTV208',2,'bzi2aFdH3BvSRbBKHEpR',0,1,'KEhSirdAvw62OYyhSjkf',NULL,NULL,NULL,NULL,NULL,NULL,3,'IRP3fwDJPjM2JeVPBiWwEbA8NCpvqfDfgTkZn9jH','88258491','7RRPhk9mxh@hhhhD3ooXt.FrR','http://q6i4bfbfyD.u1v2m9x3K6.lb1','2022-02-24 14:38:51',1,'2022-02-24 14:38:51','2022-02-24 14:38:51'),(157,'c1d65a7af915fd8af1d8c47c295eebb3',6,'i1YUEtZfyy5lbfIKZQUX',2312.00,'2CRI8nshGIWsMkz5GGCX',20,'B0C15eGsNEPrG52K6l2N',0,1,'wirPk3EVILnCIPPbfr9n',NULL,NULL,NULL,NULL,NULL,NULL,4,'H2l6DWRpaz9YLrAQQeTnADSkBW9P5bbXcz8YithK','40017435','5mYuu7dXlk@qP9LrCS8Xz.fIf','http://VHZ2VOX7VD.9wyaV0vlHR.Hww','2022-02-24 14:38:51',1,'2022-02-24 14:38:51','2022-02-24 14:38:51'),(158,'03534ca4bf0b1edc0a46feea8605ac33',8,'5Py0wIjrnfOwTuoXjZvq',1873.00,'lDGBOCtTfUhZhESFFpYa',14,'1RsO2tUAkw2LrmnsAu4x',1,0,'HiAyGXxQjFMrhme3u1lR',NULL,NULL,NULL,NULL,NULL,NULL,4,'0wgHcpVLrnOaLnE8weIhZ6wwAl8tXlNJcrn6GeGL','15362575','dhhJ2Rpe9o@C7hHghLSW0.8zt','http://JK4iN51pQx.p9Lw8k9XZi.wbd','2022-02-24 14:38:51',1,'2022-02-24 14:38:51','2022-02-24 14:38:51'),(159,'3127b036743df8d38aed719b491b9853',5,'NataPPQwNHapgpdVSo17',2286.00,'jAKEQf0mrkzXs50XJgtb',11,'lgaGnoZiIXFAtHK4LH8W',1,1,'WSWjnrG95fMudeplTyGi',NULL,NULL,NULL,NULL,NULL,NULL,2,'i0Dys8T80dT4sdyMif9OW6CO24QwSN9oQnWrwGJd','88093434','HXQOgjQkfN@tZt9zPi1gO.DwP','http://UdFkBhdgVh.hUOt6Ag8el.CZ1','2022-02-24 14:38:51',1,'2022-02-24 14:38:51','2022-02-24 14:38:51'),(160,'1970aab0d5fa3fad3edf0867b5fa71d0',8,'Vz0pce1Og1Nm3ZmaPAz0',4725.00,'JjVpvyEMd62JS4OKstNX',14,'SKy3VkLRlZMuZo1314wt',1,0,'v4Qc1GogVXuar7XW3IWX',NULL,NULL,NULL,NULL,NULL,NULL,1,'FOMuFii72mABlPWtOotY9B7u10hNvdJNsB20W2GK','33703267','o6I4H5StIE@Ajq1LY5MB1.CAW','http://wKWKJSU7IL.p1zU4VNNaB.7WA','2022-02-24 14:38:51',1,'2022-02-24 14:38:51','2022-02-24 14:38:51'),(161,'40b7dba765562fe90ae7c0eb26fd30c0',6,'5CychmvZS4L2sW2bsY5X',2809.00,'hsi7mrx3V3QiSlxxQ1cy',5,'DiznntnStvvx63NJuWW6',1,0,'Cay68KzunHjWvxUWnclx',NULL,NULL,NULL,NULL,NULL,NULL,2,'QL8qDXXxPHGxAojEDmQw66uE3z5H0E9WAWYdL4GN','61544140','ETS2pNuP5g@bWth3JtZIF.WTw','http://ff4jEdocZa.wnmqM5faUW.jX3','2022-02-24 14:38:51',1,'2022-02-24 14:38:51','2022-02-24 14:38:51'),(162,'85a16862602e7d64914fa79a5012828d',7,'E691ui7YZkmZf10YatFs',2897.00,'mfy3j9BDVBIZW8ITPdBQ',9,'edD3uKTUCjMd1yKOWUmn',1,1,'vV6p89Hv1emtKgllwscS',NULL,NULL,NULL,NULL,NULL,NULL,1,'lvt4VmE4Q9ZvwFOwTkakJboVnCed6kQAEbdnhu21','89823075','KXoIHrCaJq@rao28FLa7y.MuF','http://4XGvzNeLnh.z40zE9zg8d.U3l','2022-02-24 14:38:51',1,'2022-02-24 14:38:51','2022-02-24 14:38:51'),(163,'16fce116e5ca8fc1069b8a8d3b8f6abb',2,'LuixRjkBOLjuRuJrdRDJ',2116.00,'YUADQLQvXhUNO7mkkuLB',5,'uwzZonOwYJfWfzfpiBaA',0,1,'JX39gdYD9i3vlNoFwUI9',NULL,NULL,NULL,NULL,NULL,NULL,2,'5TFvtlLXW34jplz4cR9CnuFHoc8nsUYgUuIffyYK','87790485','LkNd3XLNqE@UqgPoWHVR4.oH8','http://XFIAshMQa1.DmbFQI0oJf.VDD','2022-02-24 14:38:51',1,'2022-02-24 14:38:51','2022-02-24 14:38:51'),(164,'74b32101e0c7157f214645f891c51d70',4,'UnibCp2xj4myyvK2LV45',2160.00,'DbHj7qaFZlWiKeFrkgdA',19,'Oup7TKsm4jVW5owKbwj9',1,0,'JueP40j5FpkmLq8uXUdm',NULL,NULL,NULL,NULL,NULL,NULL,2,'HqWewxtOVWJjqXKNgD5qpGWpv1xcXAbeoc2PVz8Y','60767552','6spopmUKI0@CcCoy1Qk32.ktU','http://Xr4BJVDlNR.H8e3Kct4PP.ppf','2022-02-24 14:38:51',1,'2022-02-24 14:38:51','2022-02-24 14:38:51'),(165,'ed4fa9225f31196bc36cdbb8caeb9b9b',1,'uvAhjokcqtsVCiYTvoDi',1612.00,'ELzywGGBsBOC4o1zgoSX',9,'cHLmfYDwl5KnDtNfeZLg',1,1,'zYEbPmGuz1WZ7MP2imtD',NULL,NULL,NULL,NULL,NULL,NULL,3,'9XhzCpLKwdFogsJYZnCYHjTXb2ga2pL0BccyJUfG','71343458','kf8z51blpo@uS98uLqv3y.azJ','http://NBFKTC2MP6.4lR1nPUDRN.zF8','2022-02-24 14:38:51',1,'2022-02-24 14:38:51','2022-02-24 14:38:51'),(166,'e349331f8a995ca6f3f6aab07f241144',3,'XFBYUysOIpEs0RZ9ZjYN',3173.00,'TLIgBpaEET9usscAGZDP',14,'rSDuHxCe3Kb8JJMKRf8s',1,1,'1E2aMCQIraTsI3Perlpo',NULL,NULL,NULL,NULL,NULL,NULL,2,'QgJ5Ho55rQajH2X9hlsqhppZh79tWRMUBq5nFXnq','47483168','FySAFEeVsq@3Yp7d2C4gl.7yc','http://XG2rQW7ml6.tBQvWKc6Jh.ybD','2022-02-24 14:38:51',1,'2022-02-24 14:38:51','2022-02-24 14:38:51'),(167,'abb1e45dd0917d6572dc5460afc26838',9,'aFLBq1n6FdvrBfZ1uYkJ',3807.00,'csFsKAcQSr5SGObDBSE1',11,'hRgMdUC2LzZx1tzyyvhT',0,1,'D8r2CKgMM7ORRs0oXjQC',NULL,NULL,NULL,NULL,NULL,NULL,2,'jmQJJBKEv5urQcmywGnlEced0ZiWXDFLFtHMHChs','58695739','jDDHIpjgm8@KbDtSGsd4T.hDe','http://1NTkoKGlWy.QFYJ4WA2Qk.KAf','2022-02-24 14:38:51',1,'2022-02-24 14:38:51','2022-02-24 14:38:51'),(168,'e4f859bbc5a841002dc41e88b0e2f9ac',7,'SSetDtMvnpTtDkJMp6CL',4613.00,'M7d0r6wxnTuOdPSnmkF6',17,'tnWy5PSzuSc4wgAHyR3o',1,1,'L9P1NtUDkDeOUvQaM40n',NULL,NULL,NULL,NULL,NULL,NULL,2,'pvlX5NvhUDSqgkbsYLNX1jAAbDbUf4b16LMcy8bN','81763710','6WJXRti833@15KpyxknZq.hgB','http://WTQIBdFF0p.xOdQfNm8HX.NiP','2022-02-24 14:38:51',1,'2022-02-24 14:38:51','2022-02-24 14:38:51'),(169,'28145a17fb52f9fc183da69d99644076',6,'3ChyiNwgvYGe3P5iVMnq',3041.00,'gtPDNHhGhqKbnw4GrlUc',24,'RTziZ0Zvm0JOY5C3lCJw',0,0,'uui5KGWomMNoHZKKkWdy',NULL,NULL,NULL,NULL,NULL,NULL,4,'KXYeRfKiLAJkAM2CgnaSoGQB76bDx1tfUCZuNuET','56460943','zww3uMWCPJ@lkcyxX8JMg.4uA','http://TlYgsUZLYV.x5bDN8ZXBL.EyA','2022-02-24 14:38:51',1,'2022-02-24 14:38:51','2022-02-24 14:38:51'),(170,'3f8fa5eef86fe36a04c7da4296aa39fe',2,'ujSjkaTROYsQl9ov9gyT',3302.00,'JK1CqUGQjOl0uzlJ8qGR',9,'MZhLU7AvVcXKFvFXhcpe',1,0,'Fud095VlxcGqSj9aEyay',NULL,NULL,NULL,NULL,NULL,NULL,2,'BkNZMmGorgZPtYEwmlP2q9fOFiFbR9YuweYhOfxy','76242321','Kvk5wgYoWj@ZSZGrGzkVF.fz6','http://PxCvwyJvEp.RaNlKGlwny.fge','2022-02-24 14:38:51',1,'2022-02-24 14:38:51','2022-02-24 14:38:51'),(171,'db0fb5506a88c18a9bc7146d38502069',8,'lcmbVHyKne3ISnwktb3l',3434.00,'YezoC3xNmvzJ8XPXrnzE',22,'rbuuJQARvH8crecphMfC',1,1,'una3qRnnjW4RqFSkUWOC',NULL,NULL,NULL,NULL,NULL,NULL,1,'EtEkdqjYhqKMt8vAbn1TJyxsGMJhd4p3Z1XH2syI','56900845','nkI5gnOEBl@Rk1FzDYkPw.tD1','http://gfZRjE5jrq.Ds82uCuqCZ.zj7','2022-02-24 14:38:51',1,'2022-02-24 14:38:51','2022-02-24 14:38:51'),(172,'97b6d95d7f75b42554d5682e5fad8737',4,'ae4bi1SG2i0mtY0XSibj',2345.00,'1YmAMdYzYXk4LpVYlzrF',5,'rDpWhahgZLSHlfazon9N',0,1,'2gk9QNv82r4cJXkgEwu6',NULL,NULL,NULL,NULL,NULL,NULL,4,'tDE80tT3Y40SSt5faVWe2e4HEvfcPbRCU7iNgtgZ','75784819','LnXMJhJJYr@VCzCXj3209.eKO','http://LDVSppi0Vr.xhvcKFWEBr.Wt4','2022-02-24 14:38:51',1,'2022-02-24 14:38:51','2022-02-24 14:38:51'),(173,'a9433f2d04a42516b17c10b02e247081',5,'auQP2IA4F9DYnZIXy1pc',4957.00,'b04yprkZpcYMBhEIdPsJ',18,'Qe7WpWMD9VRfmSWwYW5w',0,0,'KMCsRXrHRFfwDn52cUE2',NULL,NULL,NULL,NULL,NULL,NULL,2,'QPe3xx9U8OHCxrJlXguevMAVvAGHMghKmNfC1NL5','92987696','kApSolvDbh@zAdEnMy00P.H2c','http://WEXE7DVwdW.HDj1COUfFN.uTt','2022-02-24 14:38:51',1,'2022-02-24 14:38:51','2022-02-24 14:38:51'),(174,'f5fe2e63b5495f45f9d65138c06d2fb8',5,'C6uT9eHhoXCOfNVGbz2W',1723.00,'s80YFoDakcZdmaL8tZvc',26,'fS36lfuSRDdsEQCAMQJr',0,0,'DkRxfoP1EIKWyBXYXMZS',NULL,NULL,NULL,NULL,NULL,NULL,3,'kbVRfSHXLRnIrNzfFgq212s3Do1WVRmizxWwtHrv','43689036','2pPtgGzuCg@YDeXbDI1eX.j8X','http://SistWKRFq6.9rhi7KhzAj.eAk','2022-02-24 14:38:51',1,'2022-02-24 14:38:51','2022-02-24 14:38:51'),(175,'ed42f29506601fa0c4be6f04667bc932',5,'1knSq7PChlxzvXiVTCo5',2587.00,'pRXZaPMRVq2vr5e3ux4n',20,'ZU8WxXpGt7B0Sb9MyGdy',0,0,'LoagsJ8qgliPOFwIyyWs',NULL,NULL,NULL,NULL,NULL,NULL,4,'wEYsVUtXf3SIv9UoMdsdxE9ON7o1jzPEnQmjyQok','25752883','TtgHvElAqK@AWJcGUQNgp.grw','http://TiNedlFg2P.26KjFIVra4.Ofs','2022-02-24 14:38:51',1,'2022-02-24 14:38:51','2022-02-24 14:38:51'),(176,'c28467eab10fc7f08ba08525349f0236',1,'x9c5cELqTnIHbgmLYcFp',2917.00,'APhbV5P7tiSiwq61HRVB',17,'g5fVK4pWmJYPSxZEE0qB',1,0,'x0dHh8wUR815DHl7WwCe',NULL,NULL,NULL,NULL,NULL,NULL,3,'M9axYfhN1z28ijDTShXS4HT1KavJCqtrH5M8NdUg','31446815','ccET1sZBSM@0fTFYyD5mG.T4g','http://FC2TP39Qix.2zZIwAzTeL.FlT','2022-02-24 14:38:51',1,'2022-02-24 14:38:51','2022-02-24 14:38:51'),(177,'b48aa883930056ca2cf5300634c86124',3,'fGQyrSkhUYYXp93o5af3',3033.00,'K0Sq9uJUc72av9ARammY',25,'OUaOd9RJYFrz6TcbophO',0,1,'zyvUIIGLDcoZ5dCdWMvt',NULL,NULL,NULL,NULL,NULL,NULL,2,'7BtqZ30HW389sYnn72ViZlI5PTr2vhaDAM38M1YZ','43069609','aTIb4JxVtf@LqdqqbzuPg.gng','http://ocx2CayQkp.bhPCnOM3W7.ydr','2022-02-24 14:38:51',1,'2022-02-24 14:38:51','2022-02-24 14:38:51'),(178,'9e19f4f132b67e85b55956b7138c2b8f',1,'g9TB1Ww9hBjQL1hVrJQ5',2568.00,'1FnxbyfBNoTJgOxYFvQ3',24,'NGkOrdXmX0TCynh6lSIQ',0,0,'JrUT6jC8PMUBaFFCxFiY',NULL,NULL,NULL,NULL,NULL,NULL,2,'1GEhHRCDDHtLbh9J02CIspT03MthMz7MlUkp4jTL','51577574','de8sN3YYhW@z5BDG2ifFl.UFt','http://ORFjBx5vKr.JiuAz4fe1x.Fjl','2022-02-24 14:38:51',1,'2022-02-24 14:38:51','2022-02-24 14:38:51'),(179,'6e0bf7f301ad26b977e1110ff850d78e',8,'2hciogbs3zMJZmyqspj9',3457.00,'Cg7tyxXTpNAe01jP8Th2',11,'uVijQnucsc2cdprDvVCd',1,1,'E6aJilHH5N2BHrf0V8CQ',NULL,NULL,NULL,NULL,NULL,NULL,4,'2dTzMRqHzYxKpNEPs4L8NG0t1aNEVlss4cDSm5Yi','52589155','o19nz06j3Z@tlUB1k0WPu.yzA','http://SkKCIDVIed.UJwKYvbwIR.gzj','2022-02-24 14:38:51',1,'2022-02-24 14:38:51','2022-02-24 14:38:51'),(180,'7b5aad35bc4cf27ffe0246e4a173b948',4,'gkxuNnr8TqNumXVKXeam',4615.00,'e57e9Wqq8rGLn8DO3LVL',18,'OHTueGwcly1DHlBsBMrC',1,0,'UnhMlAQyD92WCN4CtrHK',NULL,NULL,NULL,NULL,NULL,NULL,1,'HuJmPJvj1tERTpuTqUVtXYcb7ejxybCY6h94Bww2','57304918','Y5AcYWcGkd@TYGdGDpT7s.zCt','http://K1l0je2sEe.a4sCXf0sVS.LuH','2022-02-24 14:38:51',1,'2022-02-24 14:38:51','2022-02-24 14:38:51'),(181,'e27af3f8aa8fa6862acd0196a81a91e2',7,'IXCsid7eVZrHDgG69Vyj',3569.00,'pctlPQ05GK0PgyogsEZu',12,'bbUQ4ORBAsMlp9FgFwpi',0,1,'tqE8GY3IslefWE7qfusv',NULL,NULL,NULL,NULL,NULL,NULL,3,'aINT9FFJhAVuuKfclmsVvIhZodn2kK5AN16gi2Ma','38006569','g1DwVzagxC@wAEEIZdgul.CW7','http://SJ0mI4mNHi.keA1BHv6h2.yjJ','2022-02-24 14:38:51',1,'2022-02-24 14:38:51','2022-02-24 14:38:51'),(182,'26da988e363d4f54a8269e4cc088531a',1,'BJeColvu7ExubIcsp987',3416.00,'shiZmeyQNKAXhqDEuIQn',15,'qd1OeXRZQ4uWHnlTFGub',0,1,'rJ9v9nCBDlENvajEWvqM',NULL,NULL,NULL,NULL,NULL,NULL,4,'uqbz5a7VBDnwtiyMHKjuUVgZD0TIdDiyjsOJIdWV','28716416','TGI3y1nlTc@jZuXbO3NVz.vQ0','http://yjOJuNueiB.5LnKfGFS4H.BXu','2022-02-24 14:38:51',1,'2022-02-24 14:38:51','2022-02-24 14:38:51'),(183,'bc378ed21c02444acf31af35629d17a7',5,'rUerXTLfQObzluesF3Dh',3387.00,'0VVZS1brARvluwFJJt36',16,'8lowkY8NjPKyy4rIFive',0,1,'tQihLAZ3574KuLv4JDOe',NULL,NULL,NULL,NULL,NULL,NULL,1,'aNiier22v9vuVLEJLZnz3T5DmHrRDmA0Q5vszseE','52396803','ohLTm7fB31@HPildXvcev.T0W','http://0FJYGEmLJr.9BzNODYeUR.ILK','2022-02-24 14:38:51',1,'2022-02-24 14:38:51','2022-02-24 14:38:51'),(184,'b422b1b44f294f7c9e2a1651b2285d4d',7,'8RftBZOBmQEVIHhUt9GI',2109.00,'EiPi86t3sQG9isv9NXwo',3,'N1V0RhsewNbQHLr8Ok1i',1,1,'0i1u7AyYgqRs96dFicjF',NULL,NULL,NULL,NULL,NULL,NULL,3,'eOQdSODDtxPTQwe5jQ2oVlMhYbkFkEE66701XtKq','86407891','iEv0MH6tjb@6vYttgCyyo.2xg','http://lLzMgUjIR2.5g4rqUfMBf.Ns2','2022-02-24 14:38:51',1,'2022-02-24 14:38:51','2022-02-24 14:38:51'),(185,'73b2ff84755426b67ec5530bc7fe5871',3,'5IH0Q8RnE3iVM1i2Vc3F',4338.00,'vU8n7R8DoZDlpaFsIbLZ',1,'qCLuYl3SipGj1VCQMFdr',0,0,'IdtGCFLjKw5p88VE8dP6',NULL,NULL,NULL,NULL,NULL,NULL,1,'KeifAJg61tIdntIMoiP5Pj3KUOnM04WkpKcZmm46','94441663','kzXjSMV7uk@FXyu6vSUu7.klC','http://i12FWBsYp2.sPw6YqimBA.2C0','2022-02-24 14:38:51',1,'2022-02-24 14:38:51','2022-02-24 14:38:51'),(186,'d7302c292c9c2085308e523a7142f3da',3,'9g95q0X6J8tzA3UZEIAt',1054.00,'KrN7YglQlVVc2WWzlbPS',23,'Yqq8sFMevXeeltGtIqOZ',1,1,'MDBcSZAWVUT09IlgK9WQ',NULL,NULL,NULL,NULL,NULL,NULL,3,'EPonjSYJMtsmevxg89K1AtQFxZTGMrBkmsEnQkzW','48640152','15sfA8BChI@bO59LABVpL.V2t','http://MZ9LFWlJKA.1XV6CSv8cM.Ool','2022-02-24 14:38:51',1,'2022-02-24 14:38:51','2022-02-24 14:38:51'),(187,'765aa20629d23ffc5bbcb2cbdf3c8bfc',1,'oiW0eZQ81s0wGqNi4CJv',1386.00,'8gvkd2BwUqzW0k1cHLll',8,'RjzHmZTxso5x2H4wSnzD',1,0,'EfySuLMkZcF4iMLalGFF',NULL,NULL,NULL,NULL,NULL,NULL,2,'wZaD7uv5NTrMppMJI4z9dEfZZ9HIOrn1YAOfoh1s','27214567','6jifsY0srC@B8lmcJTgWv.p1w','http://Ye97gTIuln.P4C7E9oPM2.f9E','2022-02-24 14:38:51',1,'2022-02-24 14:38:51','2022-02-24 14:38:51'),(188,'ad8c5b4b5848d105c75a0aaef25181bc',5,'4mrk2DavWZAg8I9enEwf',4788.00,'7x6uRnyQgeqnbvw8oYVv',13,'XOAKiHpA3PCZE8LcecaT',1,0,'KJ2Sksp43nmAtwHyEHoq',NULL,NULL,NULL,NULL,NULL,NULL,3,'u563XmXNKP7unGt1w9cxGSqcXMlnATEUhChSJLmI','46054355','Mk5K1P8DCG@FAFWlPELsc.wJY','http://XrcQP5aw70.dR4ffoYHcA.QTi','2022-02-24 14:38:51',1,'2022-02-24 14:38:51','2022-02-24 14:38:51'),(189,'4becf30362bc3c1934567eac389cabee',5,'m8o1HoejXFB2KUZqcToo',1243.00,'yIRWrXjXjUCMwVnWzjrx',16,'RFZl6ailoVBC0lRertj9',0,1,'1o0OIxllPCXsVNv583zw',NULL,NULL,NULL,NULL,NULL,NULL,2,'bWcZ7S3vx1bttT6kbXJkCErswFygR0GGahecFOAF','42303329','J27bOWYKzN@Jjsr36PgDn.0ad','http://DuYCNM0wCy.iAZMiBg4T6.pK6','2022-02-24 14:38:51',1,'2022-02-24 14:38:51','2022-02-24 14:38:51'),(190,'0357edc47f8db1a7e1602b3f172b0d3c',2,'TfHGyCXQu1ynuOtbZeAa',3622.00,'3Vt8DyxD3L71Mp5YxBU1',7,'wRfvxdr4cDqJ2g6aGon2',1,0,'c2HIn6RZ89s6KyWkbddU',NULL,NULL,NULL,NULL,NULL,NULL,2,'Gtuk2EoF2iYGnMT9YngXc9EFod35cRKJ5hqzNNVx','56079394','ychWWhURuq@KgVbSa2F8Z.n2X','http://oMGOibgEo6.UmRJ08im21.NeP','2022-02-24 14:38:51',1,'2022-02-24 14:38:51','2022-02-24 14:38:51'),(191,'7a6e7a7515880fc5098308012c91c4e3',9,'N9li4Hp126AJDDii4UEm',2251.00,'xQKu6PGSwL3ZFl6LSyUP',19,'6lpEc7XRAACLWHRm2Rp9',0,0,'pPlnXxGTUPXCm7HKWzAo',NULL,NULL,NULL,NULL,NULL,NULL,4,'mfzUFZa7Kcr8Qcvssq6XOgzOXTKNXjoInkUg2AlO','34226154','QaHq9WEeUx@azpjMjBYif.uag','http://PXOqmkUrAB.XvTdGVPVJD.c41','2022-02-24 14:38:51',1,'2022-02-24 14:38:51','2022-02-24 14:38:51'),(192,'1d9d3463494a98ad5512eee8418399fd',5,'imtU9U5fVa8S7RpyOhWi',2253.00,'X6kkKwsE5iiHm6Hhhq9x',22,'nz1L95Q9LybbVTizBvRX',0,1,'jiWCr6GkFm10kbB77FgL',NULL,NULL,NULL,NULL,NULL,NULL,1,'hXbH8a7lFF8N60uEuTMGhSVPLPfws5rv7KR8NBrC','74899322','dWDbcxYglE@rfABJqV2aP.LND','http://xUQuyaGLwl.TEb3rHa5K1.BOx','2022-02-24 14:38:51',1,'2022-02-24 14:38:51','2022-02-24 14:38:51'),(193,'30b2385ffd126870b1126fd967fcf8e3',5,'lZeu1m5CFCU6R0d2yWN2',3221.00,'WwkWhqzWCBewEgHki0x1',25,'G1hgOHTUhwl2YreXghp6',1,1,'Tw8A1Og5yOKqIgqypXls',NULL,NULL,NULL,NULL,NULL,NULL,1,'61GxoWJd2bhJyd2wZHOkp58Sb4tFM0ZaOPiNPhc9','22269368','2VFBWnxGuR@OlSDH5UoQe.lux','http://tCeArWrdMs.ZnK5xLOjgR.bHq','2022-02-24 14:38:51',1,'2022-02-24 14:38:51','2022-02-24 14:38:51'),(194,'b5f4e16e3c83809523d44221f50c251f',3,'WFDUDUkB08IxqsIt6dvG',3406.00,'RixqqKV9EILrYscxk2Uo',5,'RPXV0Fw4tHNHKzIDIiG0',0,0,'iWRRTR89dcxdM5z6K83P',NULL,NULL,NULL,NULL,NULL,NULL,1,'EZxhF2Cs7vzSx9qvgoOvfbYCFzs7BwIRVKRh9cSO','46714315','PWzgYhLadv@TrwWUg07GV.Q3W','http://jGJn7pjy1N.HUsYkki87H.af8','2022-02-24 14:38:51',1,'2022-02-24 14:38:51','2022-02-24 14:38:51'),(195,'579f30fbf87acdc3ce41001dd9c0e903',4,'VRgTpWrNCKI6ZsrvVzOE',2271.00,'kTorIPWWjE8Xun8YWJOC',7,'exR9fQbPWUZg2lMCkANc',1,0,'NaH2rBlfFQNHESE6z9dG',NULL,NULL,NULL,NULL,NULL,NULL,4,'DFNGvGEtFl5Lr4dz3uKWVwJNrSE90HPOKtvi1LJZ','63446941','8G8JENhY0x@Q1dMSxD46i.A4a','http://Fn1n2lSzgO.VdyQEDNKhV.hw8','2022-02-24 14:38:51',1,'2022-02-24 14:38:51','2022-02-24 14:38:51'),(196,'a421be58e9d23e8ac95227b4d2f8bd92',6,'mulCGpMwQcIlAXLMBg1J',1601.00,'qDSi5VccrubCJmHgxfrr',16,'ErrzwhfV6hKO1MH5UJ6r',0,1,'z5bwOOSGBwhfqcxR9WOF',NULL,NULL,NULL,NULL,NULL,NULL,3,'s8dNvDvtfzSAqZcK6I0iCszLO4io4npVEl7koBc5','33710137','SIe3zblBLd@WSGnUy7SJx.02Y','http://9rOEqkC2gq.UITQtR7QCy.1mF','2022-02-24 14:38:51',1,'2022-02-24 14:38:51','2022-02-24 14:38:51'),(197,'46e8496623066f6409f1a5c8edc3abd6',2,'7kyeb3wqof9VeoveaABH',4864.00,'b8o39SNGWJ8A6EsKaVP2',27,'Ljt9e222XscSxUjDSrj8',1,0,'C5A9PR4uppAd9sueSwQX',NULL,NULL,NULL,NULL,NULL,NULL,3,'QvsE2d7HcMZRl1gM3MJ6o8DMO4DzPCqTX1t28RCd','89817698','syeYKEgWFr@1E1VZdlOGk.RRy','http://0sQVNpn1EQ.kMEMRI6lGA.skE','2022-02-24 14:38:51',1,'2022-02-24 14:38:51','2022-02-24 14:38:51'),(198,'ce42c7b310dbbad56bd19f73c2da861c',3,'35QazJI0HnqZMVVL1C4h',2324.00,'JfY7KN8gMbITv24P4aTX',23,'H2HoZCPmPwm9X3PtAfY7',1,0,'BM8zj08cYGamVdkwmlgT',NULL,NULL,NULL,NULL,NULL,NULL,1,'eEWF1z66qdfqCHMmuSbpAySqc4RwdFuAJsBvasvH','34407908','aMQXFPKVlk@8bHA9nFlFX.uCh','http://xWTjGqI7jT.xpjQjy1mLL.fuv','2022-02-24 14:38:51',1,'2022-02-24 14:38:51','2022-02-24 14:38:51'),(199,'0d046f1704eb155b433cc29c7784b57b',3,'NzsLiPArKD1rtfkrmhZf',3349.00,'GVa4CJf5DtTLfblEiQKo',14,'MShKxYDoUi7NK8rYXyoq',0,1,'xiVCyVki9NseMdnlT05X',NULL,NULL,NULL,NULL,NULL,NULL,1,'0IMUZ8IxxLieJtlBONFya50QRImsA4GkB6wznvP3','38828346','EfKszHbZRt@qbwGmFkZC2.W6Y','http://duvRxsEjoj.evdDkz7MYl.IaS','2022-02-24 14:38:51',1,'2022-02-24 14:38:51','2022-02-24 14:38:51'),(200,'e75eec732feeb7f44228ce77d15262f1',5,'f9awdvQu8H0LGw00UX1R',1461.00,'MvNsM9RIPz3nh4rnRVjF',15,'NTtvuKCqqZRzSkdzjT5Q',0,0,'mONsVloHhu7IAvbrLCeW',NULL,NULL,NULL,NULL,NULL,NULL,2,'yf5wfVwoNNgPTrvAog8RvSGSiymW6u3mfjGtDBM2','93513017','Dnil3k1XJ4@7hJ3QyIOQw.Ihl','http://igk1IPK0HJ.aR1i28bCCU.L7l','2022-02-24 14:38:51',1,'2022-02-24 14:38:51','2022-02-24 14:38:51'),(201,'f52918abbd3d97b7ad6a6bde1a6ac28f',6,'66Lrpmuq330SDcyYZECZ',4838.00,'57j8tpn7RMYmHIBtJKki',8,'dbqjHwNh3LiGYeEXxona',0,1,'J1inATUlGt0kcWZBLn54',NULL,NULL,NULL,NULL,NULL,NULL,2,'7Cb7xlt1sAnyovfZUQmA9jdMg6aQkIjjHCwbMApk','83596627','Na6DTmwgek@EM7cxiYMnO.17c','http://JXwQYXmcbg.s69nElWAzX.h1W','2022-02-24 14:38:51',1,'2022-02-24 14:38:51','2022-02-24 14:38:51'),(202,'8bd6f7f62c72035fe617a76becda49ee',5,'tQXG48V7B6a5WDAtEaEk',2735.00,'5hcndRj2UBgK87W27pJt',15,'23oHk8o4s6OArFBW1oBR',0,1,'9CvK8KMP4Wgt9j9r5LVF',NULL,NULL,NULL,NULL,NULL,NULL,2,'ngWxzfp5XfwIDESAaw5sgfZvBGBmBVjqdnlQStPP','72386198','zT2mDsCMtW@mvw1nr0HuH.9If','http://ubYjQNOQNy.2JGWwdaUlQ.OKt','2022-02-24 14:38:51',1,'2022-02-24 14:38:51','2022-02-24 14:38:51'),(203,'3647ce4338ebfc82160add9ed61b251c',3,'DxUEpdEvojpaZKeLiVuH',4886.00,'o6hbeSl6ijBayXkMVTOt',5,'XwHT2ZHBvNBoFz2Nh6n2',1,0,'yRqSGvYiNIokRUUYPthi',NULL,NULL,NULL,NULL,NULL,NULL,4,'KRZdXeacECUPPjMtavbrMIIZpNkOG6tCu6iTdlrV','32255087','bGa7wBQl8l@vJb9NbwIOn.qkh','http://8VwzyX1yub.MYDaDlXPW6.Vz6','2022-02-24 14:38:51',1,'2022-02-24 14:38:51','2022-02-24 14:38:51'),(204,'c6abee47bf38ec56011b8a570db9b837',8,'J4sCpaR8LhyEC4QAR3iL',1993.00,'2wYglB8AHBKDR5lRecZP',4,'xbVkMl4JhkUoLjFGMNaM',1,0,'vuU9eKp4poRBl1T7O2GI',NULL,NULL,NULL,NULL,NULL,NULL,4,'4oIKCt6leuD5CxrtrYTWY0d8ZCxTUkunUBE0257e','21106675','ZXQpyb5Z1c@aPhscgIvk6.wwr','http://k3U56eNiwy.V7VMeVWZK0.mCd','2022-02-24 14:38:51',1,'2022-02-24 14:38:51','2022-02-24 14:38:51'),(205,'65c8e66b3cf1c580e0dcb19de9ac13dc',9,'jGkHmQM0ltDp4LQbCKWH',4676.00,'WRlUkuW0uzEKGSO6Fssm',8,'UW4kzi0GpUsyJ7ssyu6z',1,1,'ztCGaxvz50Rb0xikkJbQ',NULL,NULL,NULL,NULL,NULL,NULL,4,'R9UfxJuwOAz4qrFWf8b5MHHtdNOHmpEEoT2NqMT4','27574615','TPd07TVCov@rNuGADCnoD.0g1','http://UNDYTyD8ZV.phxdlty2VY.9qb','2022-02-24 14:38:51',1,'2022-02-24 14:38:51','2022-02-24 14:38:51'),(206,'9bfca358f5fb250d6c0a0e26161df607',3,'muuCF1wdOuhrNPF2NUDp',3129.00,'bSaGugPuEFQXlNzx4QCa',12,'AbMJLGsRQheIXI2uHbdI',1,1,'RwhvUK89SKeA5LxkjloF',NULL,NULL,NULL,NULL,NULL,NULL,2,'tzswFMFtLcWUNAegci0BH5oj7DzZcoTsmhqoc4gj','45820965','OFm1xsIoaa@x2LjjGMxY6.taz','http://7nvWoyucVT.s7cvPX6ViB.d54','2022-02-24 14:38:51',1,'2022-02-24 14:38:51','2022-02-24 14:38:51'),(207,'032a22c44dbe407b3295282546f97bf8',2,'nCSfwjIwYEWiCbmPEr7L',3386.00,'MARuA3ekGfbTodlxeLLt',7,'XZ8eOSdvyBKFFca9b6Sd',1,1,'efTLVYAs1hYhRgQBgDQE',NULL,NULL,NULL,NULL,NULL,NULL,1,'IOEEBrUFqVrx7PIikv066OSvHb67vL4fWev1OY8f','21149352','E2scMEPBgw@2aVJgIldz5.mn4','http://XqN5eGefn7.bauzJWSuNY.584','2022-02-24 14:38:51',1,'2022-02-24 14:38:51','2022-02-24 14:38:51'),(208,'bdbf4468f3c890619ab46a09cdf20b6a',4,'xAGKtz4UOhCtYKPqYBg8',2248.00,'vWerxgPDx55vSZbYn1tC',26,'ojajMdYnhGFVJjsgKbrf',0,1,'yKkSrxLCzIgZuDkC3zoh',NULL,NULL,NULL,NULL,NULL,NULL,2,'pyPZXQUBGLxE4TsU0uH02o6EYdSiKlx2nPdmcU2n','72503234','fd326hgg5T@JDNBlrlOLa.kRh','http://eIbR633dN6.G4vNVARU9h.48u','2022-02-24 14:38:51',1,'2022-02-24 14:38:51','2022-02-24 14:38:51'),(209,'b854c249b64a9b329808cace07033e71',6,'QPPrADeS6cq7RQWKU6zV',4651.00,'3XGBK5UPeQR24I6ui2xo',16,'glgyMe58vLYe76g6utBW',0,0,'ls20CzuLBagsE1916n9U',NULL,NULL,NULL,NULL,NULL,NULL,1,'u6KR3N9B08s7keritF6wWgDmw1gmsVTFa21IhTui','48555376','g4Uadeue2Z@YjBBI3zctn.2cx','http://hyjt4FiDwq.8ybhQtmsbD.rRx','2022-02-24 14:38:51',1,'2022-02-24 14:38:51','2022-02-24 14:38:51'),(210,'8daa34756d2262a54391e981cd46554d',9,'TliK6bx1jpbQiIrhzYiZ',4731.00,'PdbElAlwjcJotahPMEcp',10,'PPdJmZpeIwb0Dy2rhkzD',0,1,'qBRfqTrWKROz8yjhkKoA',NULL,NULL,NULL,NULL,NULL,NULL,4,'S0AD0fJ4Z7gI74d7bSqQ3lMwzZxP7qMqoUOLu0iW','11287702','T3pEHK3i2J@95PYCi2DIO.fvZ','http://JsnJCp1kvF.fzp1gj5xoj.8G8','2022-02-24 14:38:51',1,'2022-02-24 14:38:51','2022-02-24 14:38:51'),(211,'b604bde59cb9036b8736289809c547ce',6,'D3gAQaeeYwYfAe7ufq2d',4060.00,'xDj7zqq3NQMydpaVWoqQ',5,'c45DFkBXbljYoJBzZRo8',0,1,'R1rjy1YgAD8kpbdW3aKL',NULL,NULL,NULL,NULL,NULL,NULL,3,'HIVTUVpnQYWv5iaDRYOc0qzBEHHgdmYrUMVP9ZjA','97755986','OmKX3Uh0Fb@ZQJVw242Iv.afV','http://ntVrPhzZbg.ODisaluXiN.Ln5','2022-02-24 14:38:51',1,'2022-02-24 14:38:51','2022-02-24 14:38:51'),(212,'abc07b06526ed2647f7b077f1af1f9ee',8,'EAQ6MpqCDNebZXpQRNQk',1254.00,'6xIy3Umj8ni7U7DJKFCl',20,'CtksEFCjpV8PowznUfnm',1,1,'SASCKkKIiDfC4IxFEmkT',NULL,NULL,NULL,NULL,NULL,NULL,3,'C3irzFgS7V8f6BfTKcM9aPYYFLqeWG2iUxb2ZMsu','17156257','txtIRknHq4@oZkPECEqux.ctB','http://CBxzNkfnh2.bhhAjJIv5G.8iS','2022-02-24 14:38:51',1,'2022-02-24 14:38:51','2022-02-24 14:38:51'),(213,'6220df02b38bc733be4ad8ef220581d8',3,'MqeK1E2PeTepjzZIjJ6G',3549.00,'MWOjAcgSyVLUFxpHWdAc',5,'LIohVk8WwhIrJIMP7LVd',0,0,'WMljEKJdwoNiB4H9dTsj',NULL,NULL,NULL,NULL,NULL,NULL,3,'t9noIZq1AT4PKS7zeMNsVbqfcvAktYOy88gbsYZi','20573409','YEH83tjWJ2@IrQB8kaA7t.a2j','http://VNRIp21tCA.PM25QqwxHA.pyz','2022-02-24 14:38:51',1,'2022-02-24 14:38:51','2022-02-24 14:38:51'),(214,'da049f81ead1b23395c91dc633c5cfa7',5,'MH8hd72sxsmN1MLPHyvW',3506.00,'8DypUznWBxKQQL71OWB1',25,'B2R2w2t7ADImlID2dtsR',1,1,'mGlrTB0JFjEnvonk0jtO',NULL,NULL,NULL,NULL,NULL,NULL,3,'vFmu3tNpcgbMRMejd6xrY7Jr8tid0hVTOmWMus7K','43745497','QQBpB9rHUZ@6F25oiCcqw.Erg','http://3McMUYhbU2.3y8SSGzyPp.h0t','2022-02-24 14:38:51',1,'2022-02-24 14:38:51','2022-02-24 14:38:51'),(215,'e9f8f3e8101332a918aec895e70e1322',3,'t2CexHh8END6Ki0OXNZY',1560.00,'IChZy1MT8S0p4c2uTznR',13,'IKfqVCSTDSlVGQrEi0lc',0,1,'m342pD0WU1cZx7mtPtni',NULL,NULL,NULL,NULL,NULL,NULL,2,'Sk637bVplD54UZwVJ0g7c5d14Ih6iqoQU1SVe7hw','32897009','Ia15iMa2rH@MrT4827y8c.siz','http://gSF2IJn0g8.YHWEUGfW9v.qZJ','2022-02-24 14:38:51',1,'2022-02-24 14:38:51','2022-02-24 14:38:51'),(216,'3ffc9591206b2e7d0dcb577eb52e4c4a',1,'sw5PYL6VdSWT93ZyIkJy',4003.00,'8f4OEpJPy8WCWmLLfN8H',3,'jWuDrauNng9BjylBiiCR',1,1,'qKVyyf92EaF0TJTZ8y0h',NULL,NULL,NULL,NULL,NULL,NULL,4,'T9wbeqxpVbNUCBxRa0v9lwiJpAoa1tMvUMH1qeRr','37781318','hG5qB6M5gd@r8IcBh7vhi.uLV','http://HIgE6CrvV2.43nWu49azN.Lna','2022-02-24 14:38:51',1,'2022-02-24 14:38:51','2022-02-24 14:38:51'),(217,'11272377a074a8afd2ae038bd401a9ec',5,'JKwdXFRfFDRoaHNm6KBw',2804.00,'cYo6BFj8NZMZNhdAMjIV',16,'53LyKAFTnAFtLonyXY7E',1,1,'SG8e4H9RUgnjFLGsGQag',NULL,NULL,NULL,NULL,NULL,NULL,3,'7BPHLcggGXw3THT8Ezp5HPEy71n8E8wTZhFQ290r','30707318','aEBXHFXBc7@KpyjLzEloN.JQ3','http://G4JiigTUQn.BKU7bqZe87.wsi','2022-02-24 14:38:51',1,'2022-02-24 14:38:51','2022-02-24 14:38:51'),(218,'121a906ee89355c4b561d52ce588fd3a',6,'w2nh6kRlWNnfQAWhOfDz',4211.00,'A4tMx4fNE5Vz0EmXC9AS',3,'iqSCrZaqDqaJxIL3Vc5y',0,1,'r6pZtPucmEHAshILz8II',NULL,NULL,NULL,NULL,NULL,NULL,3,'UL19iUhbJJZGyYRXQSKu2UwRMdyqpco9ss9cTxiG','91691795','5xdF8mFog4@MME2H15y0K.bAV','http://rhIeboho7I.Fc3yzSc2gH.YDR','2022-02-24 14:38:51',1,'2022-02-24 14:38:51','2022-02-24 14:38:51'),(219,'4b4b2cdf19b181abf51ca231a17d387a',5,'LngCIGnpsB52271b1RTb',2225.00,'WGoA6hqfINWRaz97GmaE',15,'UCMNkGC05tbcJyonLWDa',0,1,'528WYC4SISbBtuuaJY7x',NULL,NULL,NULL,NULL,NULL,NULL,4,'WRUznyS28vBZGdZrCkMKueRXGtrHnm7JGQyPvJkF','95399473','5wultIGGWv@NZHSo9AiFl.Z4Y','http://JwAdLvPm7h.eG8pxgCCol.5IP','2022-02-24 14:38:51',1,'2022-02-24 14:38:51','2022-02-24 14:38:51'),(220,'b8619b124f234e154bab2aefe4abc1a3',9,'SkaPuBzxQ1dirVsBzM6G',1544.00,'SJRZruDE4DWW8PxVEm8j',5,'gRtZzxl1sLb3m81CaVuK',1,1,'LHMgVcP1vRN8T3Tl4KLn',NULL,NULL,NULL,NULL,NULL,NULL,1,'afys0caIYDh1BMCbFQWaOZpAn0LlhCFOtnkXTQuz','67430513','tX72n2GTS7@DVILzZwKbs.aUj','http://BOe61FiOsL.14QUpWLHjw.HAA','2022-02-24 14:38:51',1,'2022-02-24 14:38:51','2022-02-24 14:38:51'),(221,'f41345e1f86afa7bb63bfee64bf56781',7,'fIM89Hc6PJt6sgJ8J6Ss',3745.00,'kvkVAFGvEPnUlzofswjk',3,'DJm1F1CDWKa81aUoAvKh',0,0,'aO1bkmYKm98XIh8heF1x',NULL,NULL,NULL,NULL,NULL,NULL,3,'jLRGlooxFlo8hlz7RM69beYIQUQ0N9rc47VMQ0eQ','12433968','sCh3o11dZg@51YMzyyMrF.8Ej','http://itMnMISJqE.Rk133Oag1k.snK','2022-02-24 14:38:51',1,'2022-02-24 14:38:51','2022-02-24 14:38:51'),(222,'43180ddeadb569be28e824682b1e6321',8,'L671OJqYvF891hXIbC7N',1035.00,'ctC47YcwHceIiHwPjOnt',15,'I7IUA9m104QOLGWsB7Ug',1,0,'Av6WK8I1gizLnsSobuCr',NULL,NULL,NULL,NULL,NULL,NULL,1,'onqpgeknPeS5vu8mv8WRqoTv3fD4UAvzWyiCg3Lt','66341334','7w7P7wquBv@eDKPz9q4u3.YNB','http://37SShEB0x4.HLs8qelQM6.Q62','2022-02-24 14:38:51',1,'2022-02-24 14:38:51','2022-02-24 14:38:51'),(223,'bbdc42a181c6edccf71eebb69f09e8f4',7,'1tDG0fjedglTLgJj5AI9',3140.00,'Sm2cFEp1d5jvPujmbjqb',8,'DZ0SWfeMhzViNF7Ia9yx',0,0,'O5c4LCXD5ZPEFU9pngsG',NULL,NULL,NULL,NULL,NULL,NULL,4,'nwmDL7av6kcvPd4FklQ8D8dUXy1Ildl4mu3pU7zs','52784661','8bg3clv2yh@4cNdzWMEmA.Xo1','http://NG4VRPEKMm.XFs4kR3wOY.vxE','2022-02-24 14:38:51',1,'2022-02-24 14:38:51','2022-02-24 14:38:51'),(224,'71e97413f8323649ed9955402d48754c',1,'CV4Y0OcK4aZPc83dMGoE',4993.00,'YxhB474HknWic9XRKgVe',13,'eZijEO6yfl0phjlurxhX',1,0,'Jl0A9mCqgIDnUizB1qZq',NULL,NULL,NULL,NULL,NULL,NULL,4,'eAAWmhfjOYpBpwCkkDEdlJ7F5CwnSTUcoJ6kBMv4','60727893','QpALP2ao5M@dsXGkdG9Al.aCy','http://P9AWvGPeLZ.khsl5JtekW.4qM','2022-02-24 14:38:51',1,'2022-02-24 14:38:51','2022-02-24 14:38:51'),(225,'cb950a9fcbabbb9f146b7390fa78400e',9,'oZCITlfCfTM7MDqY4z9U',4400.00,'hHoZNLvljb5fFtVevpXc',5,'UXyt7Dd6F5IkgNcU52Fw',1,0,'Tg54YJWuQtGWWDdKOwXc',NULL,NULL,NULL,NULL,NULL,NULL,4,'NS1zeYhzlwlvW7eMCZKBELZhlYQNBVqVprSXVuhl','91069791','61n2OoyWzn@l4uTNECj15.j8q','http://K5PI3lpGo0.9eFAEoAudM.lNQ','2022-02-24 14:38:51',1,'2022-02-24 14:38:51','2022-02-24 14:38:51'),(226,'5cb9871379a0c1d2fa3fbdd86d41f4df',9,'JAAMxDmMRlnNMIwrj0Vu',2646.00,'ffX75ELtHXxCUcROeqtG',21,'UfLsC5VigcFrrFTz6Wb2',0,1,'xzUI6p0AdYqpFRxejwLk',NULL,NULL,NULL,NULL,NULL,NULL,3,'8qsVclH21xmiyGY9qp6DAez6JC4hyklr7gxC8CIn','31802011','pn8198egY5@GqJv7hklCM.8bX','http://rKzHFNNr0m.imC5r6pRN7.VKM','2022-02-24 14:38:51',1,'2022-02-24 14:38:51','2022-02-24 14:38:51'),(227,'f85f5703a8ab75c979774d10af6d0810',7,'hlZLD07RjN2qDMqR7O3y',2722.00,'nJeMpxIucFjueVWeUeOp',18,'nwqeh51EJZORxVCKvpHO',0,1,'WYP0GgcLM6ixQWfCUVbC',NULL,NULL,NULL,NULL,NULL,NULL,1,'VwZolejv57flLz4XFlc6w95lXqQlMDyump63Z2gB','68816580','OrmiupuNbp@wmsh5QyDEH.jHO','http://KLRNwsSwFL.pUXch2Pc7X.dEL','2022-02-24 14:38:51',1,'2022-02-24 14:38:51','2022-02-24 14:38:51'),(228,'c1bea79e71f21da36c3ce04144758d9c',1,'3dFgMspUtIJx2niVKeGD',4885.00,'EzKNRlRbPsPVSJHbCvfd',1,'EwkS3MkVUHi5wqpcK0J6',0,1,'ljYFsFo2AZJop0KBmCIq',NULL,NULL,NULL,NULL,NULL,NULL,1,'eglHFqeQzY3RIVOUqBSdmu77XdBWak0R2U7gmKGA','56842881','RtVBCXKUS7@27vkLe9NVn.87S','http://xIfLxNgbEC.wvcKn3B6Nq.fPj','2022-02-24 14:38:51',1,'2022-02-24 14:38:51','2022-02-24 14:38:51'),(229,'2dc6a2c9dc3041765ab4ed18774d1991',8,'7WZ6bCqYgvWSz8sDixxQ',1636.00,'0bB59HDCD9MiI8qmCu9f',6,'VNL5LeVOd6tvo23ubZLN',1,0,'dn6rCi2jpmZERQ4Ltdm8',NULL,NULL,NULL,NULL,NULL,NULL,4,'0mihL8KwjoZwu1jMUoERo3OiBRFuhZp6pXhxknnr','91333963','APFy2payau@BOXgzTJaYE.O8D','http://M9YAqkDJhm.PAN686P8Br.2BW','2022-02-24 14:38:51',1,'2022-02-24 14:38:51','2022-02-24 14:38:51'),(230,'0d3810c9b82ccf3610620c796161af88',7,'xylScrk4LoLFS9I2L4Og',4985.00,'OTjZdDE0P65iHGLXGpzQ',14,'WvjsKursRy5oy0EFx2fS',0,1,'QvmAhi8h9YEejuOQK13n',NULL,NULL,NULL,NULL,NULL,NULL,3,'oVR3FA0kdheh3kejcn1XRPVXYWdGhzkwqWbumleV','57944610','TygHfsGfr9@NsMCS8MQMo.Anp','http://meMSfeYhOO.QiuM4Lmswh.Ta4','2022-02-24 14:38:51',1,'2022-02-24 14:38:51','2022-02-24 14:38:51'),(231,'63ae594dae113e51181398bb64306b61',2,'rZJPJTIAwBCQB8pcTKIr',1734.00,'Rvl8PNEfe2LUWr7PyuYf',27,'FufmwCxQSWLCA2itp6tT',1,1,'jpZlzQ8ba5cWGXtECAjp',NULL,NULL,NULL,NULL,NULL,NULL,3,'FYiAeAT8vXpwmlD283cauYsRpG4v1wZUzTRWkUYt','27498613','JHGdjlBBKT@KmdGbVHea0.lfG','http://65Fskmqb5U.Dnmb1a6c8s.HVF','2022-02-24 14:38:51',1,'2022-02-24 14:38:51','2022-02-24 14:38:51'),(232,'e83cdc0aafce699fe599402ac1966d46',6,'2YefD5sO0krB4rdCaLPe',1675.00,'DimdTgF4xyXr34u24ArP',3,'yY7GElkCTXp1HBzHp3UG',1,1,'GTiLjXEDPAyG9H8EhaAO',NULL,NULL,NULL,NULL,NULL,NULL,2,'LBTwSzxQM11w7cSNRw892rLyr6dIcO7Pq2XoRjnV','94972998','dVBgWhwTKH@NezZcR7XIO.2Av','http://gTowyBD0kh.dl6XNdrATA.5jw','2022-02-24 14:38:51',1,'2022-02-24 14:38:51','2022-02-24 14:38:51'),(233,'2544f13d6f5700c281f72e6dcb7184ef',8,'BT3ppgkKvxEPY4FQRZC4',3619.00,'vccATbDLrTpAw2TK8ZML',12,'UY9erUjnW08GVzg6Nk6j',0,1,'eo9nMKRIVpXEMv8k2YEG',NULL,NULL,NULL,NULL,NULL,NULL,2,'XmvTfQxJmh11Iii0UlpPJtzuInqHvA2tx7NLRxvH','55199844','SI3fVaKzNt@hnFRd4gRRQ.YZp','http://lphcYJTLfJ.BJOzlzTmt1.9SC','2022-02-24 14:38:51',1,'2022-02-24 14:38:51','2022-02-24 14:38:51'),(234,'824906058f2c7a8b2742bf2223ada187',8,'2XldkrjrrrJ5RwKDogh0',1746.00,'q93L512LtwXNp8u2VX7C',3,'l8qqg17wXEIJ9JbSS2tq',0,0,'0hDrr2OLyk20NZ7NtmBh',NULL,NULL,NULL,NULL,NULL,NULL,4,'cJEJU9tLM8Cqe8CxLVO7YuFFOrU6vsFDMB3hxO9q','14187014','hvV71gXpyd@O5lUk65U1P.EKN','http://MycRAZtWW0.3E91zXJ9JE.v9q','2022-02-24 14:38:51',1,'2022-02-24 14:38:51','2022-02-24 14:38:51'),(235,'bff9c157e9c63cce8e6ff3f1b8baf7c4',3,'VLMe6s7BCYU0QncvxXRu',1666.00,'APA1YNGXmzcU7NVAtgBn',8,'vIN5bI02qaSeNYzYN7y5',1,1,'UsjFAceqZZi8wJGmIwrc',NULL,NULL,NULL,NULL,NULL,NULL,4,'YIbxTupPsLVKdbApdjhcA0PsmFzMepAtsRrvgx3C','75448944','iFZmkYXurO@fHqYI8qBty.lf5','http://2gHJvQzrfe.MPKAZGQIhh.hbU','2022-02-24 14:38:51',1,'2022-02-24 14:38:51','2022-02-24 14:38:51'),(236,'e521ad6d984d254bff29a050dbd9bcf7',5,'UhSie8jFgtcWtWxj8sQC',4956.00,'tzCDINOIQadsGQakYlN1',1,'vhxbOCziijNMv2AXs1vi',1,0,'kgfT0Wzl4XgibuHXM2Bp',NULL,NULL,NULL,NULL,NULL,NULL,1,'cFQLivCeWP6w65HUN3gAK7vdhOMTjCHlaVFOSX84','27183653','AYVt0DtU8O@aQ7sWihi9e.INn','http://RLpyb9MlP7.VMYXodKPZE.Ghw','2022-02-24 14:38:51',1,'2022-02-24 14:38:51','2022-02-24 14:38:51'),(237,'dc0c0eaeccd37d19dde3c891d339aabf',6,'e62AbW3upRknOYRDnnJL',3191.00,'3oC4l38Sz0LP9cIJTRVR',12,'nZcaXaZWdqT7NIs27hKE',0,0,'GHXXnvhMpB2OeM8WQHPE',NULL,NULL,NULL,NULL,NULL,NULL,2,'cCgTLnjs7CvgLIdZv9jZZp98TnupvtT52r7IzLEY','83186803','wDkCrp85S6@pgfQPFaFGT.egl','http://OnOec12jHU.pIGxU0b0AL.ksH','2022-02-24 14:38:51',1,'2022-02-24 14:38:51','2022-02-24 14:38:51'),(238,'113eb12d99cccf6ad91a6c78cfb7bf52',6,'X3USuhxnOhAQTWT5fw7n',1126.00,'IO83C7VBStO6Ez1W6sq2',25,'Z3PxuXA5sHiyBJIdSjPK',0,0,'6TVPaIXGgTEtshCUtU0p',NULL,NULL,NULL,NULL,NULL,NULL,1,'ZuKfIJ5Wv344YfsyWAUzpukYoWZogrPudul2K2L1','24834052','DcSkvYz3FK@LI8uzloZBZ.ChD','http://GBP0nE1a1e.ghbrQuvelC.LB8','2022-02-24 14:38:51',1,'2022-02-24 14:38:51','2022-02-24 14:38:51'),(239,'91d4a0c457b030177ff71ebce864829c',1,'OdQE6guWvOfgmUP7ko9l',3556.00,'U15HPjrhgorgdDq9khbH',25,'ugJEWzgbA8l5Z9Xs1wim',0,1,'H4VLjqS5RrpCb9BShNWg',NULL,NULL,NULL,NULL,NULL,NULL,3,'XbW605LOTiFdGmJY4flpnfpvYQhwKsdcLFg6sNbO','59949011','OdugHGHbvC@xNBzMnafIv.HF1','http://CVSmt1e6I4.sXAJ4UfhAG.8Mz','2022-02-24 14:38:51',1,'2022-02-24 14:38:51','2022-02-24 14:38:51'),(240,'2aaebb0617b9c39e48216faf796b406a',9,'CJWRXwOWfQfnKgldTKUP',1650.00,'pLHC6YMlQcpky1Bklwe6',19,'br14gYgfwb5ByMzOiesv',0,0,'xx7a0O0XPh3x2zXNCUii',NULL,NULL,NULL,NULL,NULL,NULL,2,'5hNBqBwytGqtHJx98lVl0P6o5CsSgO9cmEFms0Nh','68016086','AFmy4jq3EJ@UQGlBXTqIg.85d','http://e0lltQv8qw.PZtjad7EbM.SgT','2022-02-24 14:38:51',1,'2022-02-24 14:38:51','2022-02-24 14:38:51'),(241,'142653aaa4fa456cbfc3a7962233b477',5,'2zdAyws6GCPY9h8o4nqW',3430.00,'jYbWiHIeTFGyfEPsuzt7',11,'bKqP3mMyniW8vCDEpLYF',0,0,'tKZE0wealA9we1ma3YU8',NULL,NULL,NULL,NULL,NULL,NULL,2,'fO3mhwzccaoeZSSuTlevZmx5zchHMjvxHaZPPOF4','73255121','W8m7xKjniH@wUCxVmFrfy.o6e','http://wwm3PlPt0h.Wt97qjgz4O.N2L','2022-02-24 14:38:51',1,'2022-02-24 14:38:51','2022-02-24 14:38:51'),(242,'94d03092407882059a0226520ea610bb',3,'O3mz5PwPUKZAOjv8hYS3',4772.00,'DqKqVskWNJT9xm3iQpPP',23,'vmJyU0TdR3BYRUksjVXj',1,0,'9YJCCbpFhlHtgqvz2CqE',NULL,NULL,NULL,NULL,NULL,NULL,4,'HcWxTmcsJ8D2fGTAYLwdRprXFW1bZIRQsw50c0jm','37044480','Zc9MANdzll@dlLMg19idV.nDV','http://IgD5W7juKl.32iJWbmRl9.TUU','2022-02-24 14:38:51',1,'2022-02-24 14:38:51','2022-02-24 14:38:51'),(243,'ae2ed399a4d162631595d919ab054e01',2,'MPpUJAfje7KttWsKFQKy',3638.00,'uVoBFQg4eRN3auzUqR4I',23,'G2K7xGg8GWnOqMmUg3CX',0,1,'kuxz1yai3ZOkcItbV9ie',NULL,NULL,NULL,NULL,NULL,NULL,3,'2enzABjrXSyiJn6FIYBPvBOqnHUC4qqZS041aewa','83216825','DmzSneCZNK@R2nzoBwAOT.jXY','http://o8yQCagnf4.23v7Mocofa.Zgh','2022-02-24 14:38:51',1,'2022-02-24 14:38:51','2022-02-24 14:38:51'),(244,'1ec4aff691533405b79f55290ff7775a',1,'2IGQNYtsVLn8U1Moyv6G',2615.00,'orw9LE9wzcJzewPtfZYM',15,'JyjimVbwDQ4jn4GSsUt7',0,0,'7XvGieJVLYCY9wtJmC0O',NULL,NULL,NULL,NULL,NULL,NULL,1,'Wgp9y10QdIJdzVRT3b6pSAchMsQoMHtpsV1SbRBz','59174984','VBAEtWDfbT@HJvWQDp332.Spp','http://HK5nQVBXIC.CywtbfslmT.ZgG','2022-02-24 14:38:51',1,'2022-02-24 14:38:51','2022-02-24 14:38:51'),(245,'3baa00263c8931c4d9344f8043fb0653',4,'qWqgnmQZhxUbFP1txTM7',4951.00,'dlLujPcxT9bq8rmDGQub',9,'pWCIRdRt122Z3vMgdkVh',1,0,'VsChMIMJGitm29H1z0Ru',NULL,NULL,NULL,NULL,NULL,NULL,3,'qAUh9SReOrWAOiy83Tb534ZMLDbgkXdCOTs7Q1RB','70465216','I9IJcRGwZx@WkVKP66S35.1yI','http://dUpCb7mbou.Tpu8F3nlOL.AZz','2022-02-24 14:38:51',1,'2022-02-24 14:38:51','2022-02-24 14:38:51'),(246,'fa8e101e5d272e043c12169430179a41',7,'oysxSKSiymNZ5DaLO9mQ',1437.00,'rh9Aux1sp4BHI2nRRu1e',21,'bOkklkfaAZebtKTWBaWi',0,0,'BdMnbYYLdoY1L9i1w0Ni',NULL,NULL,NULL,NULL,NULL,NULL,3,'WuNMBtLLOmGXuDSXEEGWStCIDLkvj9S0D9DFs7UY','16521944','PvAO4X3VOB@hNn5GhuKs2.AW1','http://Gj1lsKYwfJ.8aUtmPU2Pk.hx4','2022-02-24 14:38:51',1,'2022-02-24 14:38:51','2022-02-24 14:38:51'),(247,'34ef7ba0b4f0f597f31da2ad38dee2af',2,'JI0poAUYGpACFNtCWWve',4694.00,'lXOwvnygLmHKwW6j4RAR',21,'zLwovi0Rz9qqqngbopQe',0,1,'ZwPRZtTJXqkNd4BS7VZj',NULL,NULL,NULL,NULL,NULL,NULL,2,'Whr0vlqLAcwiW65V9TjOl0rENThNkSoLAc365FDB','99142468','qBvNxZCQUK@kmYxe6gLxo.jLe','http://Mk4HDKELmC.n134UMFWZh.HL6','2022-02-24 14:38:51',1,'2022-02-24 14:38:51','2022-02-24 14:38:51'),(248,'aab72166dfad823ff78eddbe267b9825',2,'bFCPpJt7KBjAbqqZFM2I',2769.00,'wNyRKx5JOvXqBzIWWFle',24,'nwFUcYZVdbaJYAGh7EOh',1,0,'Ftx9VuWbm5I1bzQzYUPY',NULL,NULL,NULL,NULL,NULL,NULL,4,'FwkBvQPw8EZg2o0ZF2tLGZo5lty3hbIohckFdFd3','97185768','HiV4OvdTh8@r1Mcm5ARlR.kRe','http://NF4lOvx5Js.04ZiEsCsLZ.c4m','2022-02-24 14:38:51',1,'2022-02-24 14:38:51','2022-02-24 14:38:51'),(249,'3fabe7420d1fa63e5796f320d48d7410',6,'KA5XM94JolgG2NxdnwBe',2831.00,'bAodWxAmN538bWOJf80p',12,'FSIMdT0KM89H6XG4eJYz',0,1,'z2w4DEbUa1ZuNsPvFz8D',NULL,NULL,NULL,NULL,NULL,NULL,2,'CMk1rgL6E62w5nyrBoCoHlzmGWlxB88E8Zs0Aqkj','59222745','Hp1czylysK@Dr2vocreyV.roz','http://YmhfylVPJz.LvZxeHTbXd.HXf','2022-02-24 14:38:51',1,'2022-02-24 14:38:51','2022-02-24 14:38:51'),(250,'b26f9b14f9445a4f13415c3c2e248e9e',9,'sfZKH6Fg5m64skS4hZnG',3952.00,'TT0GVBn5f3TtJVbT5qVT',23,'DdxxparcTsoCxRnk0Lh7',1,0,'fBotN2CbERPytfMSG0cO',NULL,NULL,NULL,NULL,NULL,NULL,4,'Gwe3vE4kb87uNAm8kjpJ8gmnd6YI5JSBVK2yvzrw','15180632','CqNyJSw578@LMYvN2Gev4.6hx','http://vzKv3O7D7j.PcRt4JbzhQ.4sx','2022-02-24 14:38:51',1,'2022-02-24 14:38:51','2022-02-24 14:38:51'),(251,'54c1713bcba61976df71827e870b1c27',8,'Rnc8CX7ygL7hOTT64lV1',3872.00,'SIwPyzJhr2oRb1c5rVRD',15,'VG4o8Fiqijm8smCD7pZM',0,0,'CRaRzHAyLsRBNNXIVkDN',NULL,NULL,NULL,NULL,NULL,NULL,3,'9odgKnOV2yKMfcGHs3k6SEPZsphh2Qo5kfMt0Io8','66774153','egHEyKYUg7@eSnfBGUVao.qnc','http://aWdTneAZiS.pQEMcqFQcM.gbd','2022-02-24 14:38:51',1,'2022-02-24 14:38:51','2022-02-24 14:38:51'),(252,'3320a05cc87ddb6dea49920a7478118b',4,'DddSyVjwBARcJRO7gHWB',2267.00,'XszklugnNLoB8jiurFZf',16,'6nKjeM9j6e8PM9Baqb0l',1,0,'sgUFAUGEAD76gy3V4XwL',NULL,NULL,NULL,NULL,NULL,NULL,3,'QzkDyOZt7jYmZROqYavF9FasMgSs5lY2LZI74Ftl','59200641','08sjR72Fvz@b6QdZLPQX2.c6s','http://mGoYJMjb5Y.MB5J2LThiz.K2N','2022-02-24 14:38:51',1,'2022-02-24 14:38:51','2022-02-24 14:38:51'),(253,'540c2f089234843fdeeb8565a1f6a2b5',6,'ix6LDgzPaKYrLpxMkAtF',2758.00,'l84nMZ1shaYiWo2JYtmP',2,'vorfzYJfAidKhpXnRLCw',1,0,'UFaLAiVByljT53DAfznU',NULL,NULL,NULL,NULL,NULL,NULL,4,'vYHuSWf0lClnYNw6QaEswYksVdh9A1w1IN9jUN8R','54496742','l5BYDTwTDo@DRtmKozKsJ.soL','http://gbzkNjFeQK.6wPbbt2m7S.CWF','2022-02-24 14:38:51',1,'2022-02-24 14:38:51','2022-02-24 14:38:51'),(254,'3edfc19c0213925a359cfe9fa44beae9',4,'ugQadqL7Rh6S3NMsNgM1',4699.00,'BwCj4gcia6NaG2EFmH5b',5,'ezdKaUr1SjR41i6LeCGw',1,0,'waPSoovUP1mLXTRKQ2B0',NULL,NULL,NULL,NULL,NULL,NULL,4,'bcGPoYIsqPYEazl6QMXzBnj2v6zaeUkT6l2BwuGR','13408045','6pM9sL49u0@6j4fcJSPnV.IXF','http://82xEbZ8fZV.Xrd3V9sNDB.NT9','2022-02-24 14:38:51',1,'2022-02-24 14:38:51','2022-02-24 14:38:51'),(255,'00f15b2be013d71f2812377c29492403',6,'TLk9CfKlRMvsMQMaiRD6',1889.00,'VTfabejzHmA86TV2kpdb',20,'UaUkICeb8HPIvD0XI4XG',0,0,'syZUZzsHUhw3IgZgRvR5',NULL,NULL,NULL,NULL,NULL,NULL,1,'FUvjHJIJnUk4TnBXUbXSSdXoIchuRHDWud7jTOYY','29909473','ZRRUBzjIvJ@vrkJ81wjqF.UYn','http://zzQDNh53c1.xonv2reEUF.pyS','2022-02-24 14:38:51',1,'2022-02-24 14:38:51','2022-02-24 14:38:51'),(256,'2c5413a90c7ef600d53c9cd312788fc0',1,'Ok7K2EKwDPdOn1QUwQKp',4413.00,'nyLKeFl04vFRTD3e4d5R',26,'iKYiBRGud256HvrxP7lK',1,0,'jkpdByRfrHiWXovOzZcI',NULL,NULL,NULL,NULL,NULL,NULL,1,'1a2QBFhESTfD0ITFT1YaHwI4r8SeibJBqzShvTbo','85685355','9kXu1nMYwy@jObgrfTTcF.3uT','http://gnLSea7dEU.TS27uwPwzr.b7g','2022-02-24 14:38:51',1,'2022-02-24 14:38:51','2022-02-24 14:38:51'),(257,'b7538eb0bd6a5d3fa6d247340dda7236',2,'D42RhzCmuScHhoYErOvc',4664.00,'ePCPHRbyKy53sidYju1S',5,'V5rWIIqe6yVkCenM8LaT',0,1,'XzznKOuxPiMvhhlUa1EU',NULL,NULL,NULL,NULL,NULL,NULL,2,'upxPZZNCeVk0NqAnccTi6z7tm10QY5YsQIgIAlll','99436611','f0sERpLKD6@eZt1uH52E3.wmx','http://9uxVKODBMG.KxUjVnu5ML.eG3','2022-02-24 14:38:51',1,'2022-02-24 14:38:51','2022-02-24 14:38:51'),(258,'6e8193cf3a3e2b99162b002a40dcdbe0',4,'sNwoYER6e55TXOYvoOfr',1734.00,'fgYYoTy7mtn7kTsYOPUd',11,'l3uFYkY2lG4FDEEPA8G3',1,1,'pJPuJ5jJNyZK9iruZIQQ',NULL,NULL,NULL,NULL,NULL,NULL,4,'Jc0oqnMmHp9koCaLuYDFsq2N5nv5HIzU8ps944Mc','99335513','ExfGKmBb5z@sD4PjrK8B8.Bqi','http://iix6qckbGq.A2tPZMuZyn.DeV','2022-02-24 14:38:51',1,'2022-02-24 14:38:51','2022-02-24 14:38:51'),(259,'ee7174acac6c4f41937c9fd27e2cde88',5,'5X38bqzPWARnJwFJ03At',2588.00,'swboXcvTiSoFQXxKCrqf',3,'TOesG6iQ4iXEZnKLRgIx',1,1,'dwD72tSdaKjl1TYFCGws',NULL,NULL,NULL,NULL,NULL,NULL,4,'q4QnIAHMhjtxI3VWFLluZVAXc64Wax3DaOtvQ4io','83592945','Oow0cctnYD@skFUmqUqaY.naD','http://5Frtsm1dlb.e9PRMr93TC.AuE','2022-02-24 14:38:51',1,'2022-02-24 14:38:51','2022-02-24 14:38:51'),(260,'69aec47fab652948c06be749b9c94f36',2,'PUWG1PpqBYYjdlE0oouN',1443.00,'m6WJ6Tl1SUQkdzWARtno',1,'EXUsL8WI5C3QI0ot6nNp',1,0,'8RJtQkJnIfxhNpOo84FH',NULL,NULL,NULL,NULL,NULL,NULL,3,'zwMWSP22ROh8mSMz3BPmvYSdW92zBAG9z0AOGZc2','33011286','vTwt3CkGKM@kG1QeDwaRT.ait','http://yExzxHn8IH.kZNrEx1USm.fFg','2022-02-24 14:38:51',1,'2022-02-24 14:38:51','2022-02-24 14:38:51'),(261,'5e4ada0bbb237fe52a88afd78bc16e8c',1,'IlBXp6fRbqdbNXBKioOS',2306.00,'zjVFnGAGRp3WKlSDzaVA',14,'4D4tCqcYWuGUQGWLjvh5',1,0,'8FS9sj6GQbMY3JwJYMlE',NULL,NULL,NULL,NULL,NULL,NULL,3,'LTGaQbNBnUzERCSv7kpOftN4e8vuwZrk6xjN8szd','70731698','3ZaVovojsC@gn6JRU34Yb.mVE','http://fUmqzoz8N7.CtdhggLF8f.eou','2022-02-24 14:38:51',1,'2022-02-24 14:38:51','2022-02-24 14:38:51'),(262,'3d66521da99037cb4076d06eb3ac15c8',3,'jmhBKGdiqsgTcdYCxORS',1320.00,'vKLYVaT7NfpN7CWmxjnR',24,'Qk0Xp7iNKF7bIyjPREUx',0,1,'NZWQjyoKg8VuiI3hR0dq',NULL,NULL,NULL,NULL,NULL,NULL,3,'K4BmXVIRez4rc2VMabZwu4HA7zRxkNgGkl0NWQET','59659356','tfDaxlCe4u@L8nqF3G2Dz.VfV','http://SqksAseTKF.TT0zLedzLE.HOq','2022-02-24 14:38:51',1,'2022-02-24 14:38:51','2022-02-24 14:38:51'),(263,'d2176e24aca3926c2f52f2ce4dce7b42',8,'CCzmAnRpGZmtIs4QPe7U',3419.00,'eZ7WjujlNSr1vVnFdz8x',11,'S2B7eF9gPvtAL3vwn1QA',1,1,'W0HaCxQYt0zuw3Ahie81',NULL,NULL,NULL,NULL,NULL,NULL,1,'tsKDtVvI1UQZ9bzGX7m6JqwgMfhvi7XKAaePzR3z','51959869','ZVa6rsJxvl@oRkceP5uHW.yEy','http://coRPQN5yv6.7yTT92kshp.GaP','2022-02-24 14:38:51',1,'2022-02-24 14:38:51','2022-02-24 14:38:51'),(264,'dd9a2ba64fde48f1c8ef11f6d9cf3ad6',3,'wnGPY0y1uhNRzzm0nvo8',3594.00,'v2Rh7uwsk4Hw6PTIylDb',9,'v7JLXHG4x3yfriPNpTLH',0,0,'6VjQjcVOrdXyzS5Lxi1t',NULL,NULL,NULL,NULL,NULL,NULL,2,'kQiQZQMq6lopTIGNBPZkQMHSkSSfbYnd6ekSHTe8','19505727','sONemsQP6Z@QO00vZFhPT.BKz','http://nhxqDos8SX.YERBJBI1og.01d','2022-02-24 14:38:51',1,'2022-02-24 14:38:51','2022-02-24 14:38:51'),(265,'55d2c171f59e2e6d157f8d6129e7dd60',8,'Ex89UTa5MyJm8zvchSiS',1627.00,'k7Z3G3VEkW5DaYP1qdLf',5,'hdxlivcwATYiQKAJF30G',1,1,'6OF4de5z7xLpw2wpP1lF',NULL,NULL,NULL,NULL,NULL,NULL,3,'TkB7MaXUkVz4l63Ak2PSJSsiuLzPXUpDVPRWwnM0','17875297','VH6kR4qGi7@21fUDHiEdk.lJC','http://3btTdoXoNf.tInOcJVbPs.qd7','2022-02-24 14:38:51',1,'2022-02-24 14:38:51','2022-02-24 14:38:51'),(266,'79441ef7970ad0f1ae0e1b76a84da078',1,'Kccw9Sj3mdf7UBl5NcB7',1212.00,'MArucRyS1nRovcD0J54T',24,'xkgMCuB6VerVLEex5XIz',1,0,'ooqTTXfGLDIGT68Bf7ur',NULL,NULL,NULL,NULL,NULL,NULL,3,'DU9uFZyU1JWUho1f6WEAngBtENJdLmz1BUGiqwyr','64835461','LeP4nUo663@4ttIXAqhVc.2qS','http://1vAEkQln31.P5GJp9GYkf.Rkt','2022-02-24 14:38:51',1,'2022-02-24 14:38:51','2022-02-24 14:38:51'),(267,'005c150d76dde67890985a6540982950',7,'X96VWoa33MdMhQngC0cd',1823.00,'wJfVEtkSJO8TEdkT0cN3',24,'8TAokdB4nQz5rt2lmZbs',0,0,'MTWZM1aRMyby0ksfOJjT',NULL,NULL,NULL,NULL,NULL,NULL,3,'HoY6IqmECaWUtvfvB0EXbuTl4geyqKQsDgGI9Twv','41450844','twzlII1wCF@soN9C2xxRX.fF0','http://Moq640aQZo.Y000vbl91r.AZh','2022-02-24 14:38:51',1,'2022-02-24 14:38:51','2022-02-24 14:38:51'),(268,'58d637c69e0c0a86d1e36a6de2f9e248',8,'ndJrp2WxqqEVS4LeOShB',2532.00,'NKDTiQgXsQclDSZcCHEy',27,'3kTmL1OAncBS0PPekIeG',0,1,'DcuHtMqQLcqfhHLg9pP7',NULL,NULL,NULL,NULL,NULL,NULL,2,'584RzTX9bbyPbhVOoBnoE38esELJDXeBw57pR6Yb','54580192','kydDiL9rgg@6Wno750giI.mxK','http://sBUIktmEAG.VEqH5gbGxv.4UE','2022-02-24 14:38:51',1,'2022-02-24 14:38:51','2022-02-24 14:38:51'),(269,'2a569a35377342afeb6613cffa986892',6,'Et0BQKRVNFGHD8myp1uD',2792.00,'3hX4fYXfQ1AIfH9r3IYY',8,'u1HJdXirwj3HjmZGH9KL',1,1,'7LUuutyXoz10TZDRjrGu',NULL,NULL,NULL,NULL,NULL,NULL,4,'NZahSw8h1iN0PNVS0r2HXWC8MzOprYchk3ydORvo','57528300','ygQxjALD9t@fltTZjKw09.ZPM','http://W0luPeNQYz.gFaugsFtIF.KA7','2022-02-24 14:38:51',1,'2022-02-24 14:38:51','2022-02-24 14:38:51'),(270,'c98ca12be608817612b05cef76892277',4,'OvSOhyPv5igxHuIUxYyQ',1105.00,'o0JkEyW2txlUzeWBvQsX',12,'A5de0LRHtWbWFYnGIsR6',1,1,'ybRiTHWOJBMrenAUVK7o',NULL,NULL,NULL,NULL,NULL,NULL,1,'PESklCvaEcV9gezSveQSSBKweBPU6udM4JqPK5Cv','67240917','BZN3enJcrB@fkbM3YQBmF.LEh','http://lleTMV88Ab.6N8npduU8t.rxl','2022-02-24 14:38:51',1,'2022-02-24 14:38:51','2022-02-24 14:38:51'),(271,'3538c376d295cad2015287718c5f8c2b',6,'1NpHtDfXnhWgE9st5x3L',4112.00,'Jf8eF8qcg0Td1meCx9P3',24,'yTXW20KhvwJMP3qj327F',1,1,'DuCcFfsZKVN02AQ7MJOY',NULL,NULL,NULL,NULL,NULL,NULL,4,'bp3TsslyMTT9ZkFJQ8kV7rN1AJLgEo4nbTyt8MXR','60585957','6yXAVfNNNY@v6bhavsSJ2.7D6','http://b5aRg3SUwO.5yLZAmwe0C.hfY','2022-02-24 14:38:51',1,'2022-02-24 14:38:51','2022-02-24 14:38:51'),(272,'b403f9c2f82078f18c15ad3b6649d336',8,'FpK3Z3UGgsShkpvQsCXN',2042.00,'innT0FkBN39tRJt1hPpr',16,'afeozEFfTmJS006fxdbm',1,1,'vLXlVvjklNT4r4A8S1yN',NULL,NULL,NULL,NULL,NULL,NULL,1,'04qDbk4qEl2eCTDyXlg0jNA9LZHfAjmWlduucPmh','84887289','xQw1kdMWLW@bPD6O6RY7L.srp','http://yuaSW95vWu.VjiPLWIS3n.VyO','2022-02-24 14:38:51',1,'2022-02-24 14:38:51','2022-02-24 14:38:51'),(273,'12d4d65ed87f56e66588db61757116f2',8,'31p4fg8m7AgbzWfKeUvY',2060.00,'z72zTRpizcOU6XeQWKSa',24,'8h7I7CIrotlGq14anVoR',0,1,'PS7ReXoky4IEK8ZtoO1V',NULL,NULL,NULL,NULL,NULL,NULL,2,'wphod6Ym4eUd8cX3XBWjb2CWz6FVSIhBZuQWgB33','40875011','SQxIltWM5Q@9M8FmxFzsb.qR2','http://b0hv7L0nSf.LjE0a5yzcz.xYY','2022-02-24 14:38:51',1,'2022-02-24 14:38:51','2022-02-24 14:38:51'),(274,'9aacfed987d8109548f707f65ecd1394',6,'WUruVzB30l8s88LlfPPG',4043.00,'KBAoACc7z0RK7vNTOvwO',20,'WDC4wGqoZnJLXd5Eu3mz',1,1,'hmZxZnZlnfLb2LHI4TDk',NULL,NULL,NULL,NULL,NULL,NULL,2,'HZ1nhVSPGUYQH0LKOJDjjOHs6T9BLIfioa4gEprV','46548253','MSJsBPw8JV@irYzIBJfuO.sA1','http://i5xA2YevvZ.ipWFUxtx2k.TCO','2022-02-24 14:38:51',1,'2022-02-24 14:38:51','2022-02-24 14:38:51'),(275,'0e853f11875f5b337ed7d0dc9b7340bb',7,'F9tOCDQU6CNgKwDUOfRm',4467.00,'6xHX4Z0LxoGOSEkjjkqt',15,'Yg0ATmyYgs7ckRkAiAiB',1,1,'IsPuPRi31gS3BQxXi6EL',NULL,NULL,NULL,NULL,NULL,NULL,3,'U8kizEPj6fZu3Y00keOxI1N8I86U3FeyKWLpcMc8','39907284','snYNS9jqcc@6XWZSSKRmP.z3y','http://dqt7WLAf32.HE3aCULvJu.0Vd','2022-02-24 14:38:51',1,'2022-02-24 14:38:51','2022-02-24 14:38:51'),(276,'aa643fc94d920ca8b44bd98857cac1fe',2,'sjXIJQ3edhlc5MTOd7sR',3980.00,'rGEC44Wp0vm0YcNsE6Tg',17,'AyhLONyKWckljp8nM3WY',0,0,'2cvtBNvOS6mUR9oXMq63',NULL,NULL,NULL,NULL,NULL,NULL,2,'3lUwxQyLix3NUZLcrVQwJuu02NpS5O4YdTlhsfNE','54584008','Bu8Ssyreom@UcgE4jFki0.0pr','http://8w5hs5hXNe.5qNF2KI8pG.hWS','2022-02-24 14:38:51',1,'2022-02-24 14:38:51','2022-02-24 14:38:51'),(277,'6fecd98857886818504a4c6b0de90c56',7,'WxVDaadDO8TUcMr3yv5M',2702.00,'RkAljVwpl70cNWmHjoFR',26,'XsGvIiXYMQkSlR9fEZD3',1,1,'QVzcz0YC5v7xVWVWfOJr',NULL,NULL,NULL,NULL,NULL,NULL,2,'qTqkO8C6WRi0T21LY3hhZT3Iy9AH6dvEb6m3xuef','67347067','Au5FRr2Juq@8TotZZ7xKT.Bo4','http://2BvJZon37w.PqoCmPyTB9.mqi','2022-02-24 14:38:51',1,'2022-02-24 14:38:51','2022-02-24 14:38:51'),(278,'b2079712e37c674e7d4f1d5898637e15',2,'HP5ptx3iFbhuYRb2u7fJ',4896.00,'mYHkTRUUik7jM1d3weaj',24,'L3z0uUw3YryHNt2CjsYO',0,0,'d3T1pl34Em8rmFqI4px1',NULL,NULL,NULL,NULL,NULL,NULL,1,'0t8EgaIz2uwGnRDQMj8iIUma6JuzJ2Tey6UV5UiP','84371767','YCW5vjkSyS@GfCUe6qlAe.idY','http://bzWiJnBbo1.Zt6Om9ARuk.oLn','2022-02-24 14:38:51',1,'2022-02-24 14:38:51','2022-02-24 14:38:51'),(279,'3ddaba9cbdebafcf16dbd9e654c63b1e',6,'ci52fXGqfx2w6QQFgcCR',1750.00,'ClXVfQ4xqaOW0Ma9yQll',23,'2NvoJue7AYXfhxL91NJV',1,1,'MFSpBexp1EP1FksdATQq',NULL,NULL,NULL,NULL,NULL,NULL,4,'bmVZCi6lDJuAr43XtDIEFqF0kZ2GKp0UexaBmIVL','58473823','oJFdJyqGwq@cTFNYuapxN.sna','http://0zRwl4NS9S.Yt5VSLYedN.pMb','2022-02-24 14:38:51',1,'2022-02-24 14:38:51','2022-02-24 14:38:51'),(280,'6bff993df2d81d05520bf021f0088408',1,'pIQ5cfkZQjnMsAjtdDtq',1918.00,'fnNvR5OuBjmttiLZehMK',5,'gfPU7Ux8gyqWG81wds6n',1,0,'Jou8Hjf9UBq4u4VMrC91',NULL,NULL,NULL,NULL,NULL,NULL,3,'T4Et4lbtfKKwtu8wZ50O62JAWhHsU9xMdDHDRStY','80708407','KRGRD384nJ@joVG4SO3xk.RzC','http://4eXNyoz9NY.4SsbqYJMM4.9HR','2022-02-24 14:38:51',1,'2022-02-24 14:38:51','2022-02-24 14:38:51'),(281,'2e792db820fe6f3291ddcdce5c957efa',1,'wKWzaPbELKGpzMRP3IiP',2477.00,'StM0dQ9fXfLw4dvQsn28',8,'JED7q2T79h0ZZ7ijeKaO',0,1,'05DXe7m3tPiyYDL271Ym',NULL,NULL,NULL,NULL,NULL,NULL,4,'dAtgjBZt50LEMvH47TCZjpIVPlWSbppmsZwItNzQ','80389134','oqtL4uitDJ@4mmjALirOG.2I8','http://3A7Tl8BqFk.WORyklKQ0i.Ffv','2022-02-24 14:38:51',1,'2022-02-24 14:38:51','2022-02-24 14:38:51'),(282,'50656cb5445c566f995ea0e914af9190',3,'F7bDNFpSWE0Dyhp7bGBA',2930.00,'ZuDhPJljvGeFk6VxsFi6',15,'bvvotTiZNMqZ0lLzkr84',1,1,'tEiVEIsc9iQJ90523gwI',NULL,NULL,NULL,NULL,NULL,NULL,1,'3AgzE8Afa7tVqTPv3ZFnX04jklCb2EF57nhdnL9q','20348499','6ZIsNjevN5@pSIUnBCu5E.5YH','http://eamhPm0N7y.vIrKBPz1zO.e1L','2022-02-24 14:38:51',1,'2022-02-24 14:38:51','2022-02-24 14:38:51'),(283,'61d9f9093ee29d0df8e723cd239613ba',9,'95VfCXw29UtceEETJGsT',1235.00,'iD15m4VUgdWtqVusfzgT',11,'wZ1nbjjOsC8CgFmJUrOB',0,0,'mFIqPS8q7wbqorNBusDF',NULL,NULL,NULL,NULL,NULL,NULL,1,'urraYKSw5o4wXQyasoOBLCRKzqVr9sjGyqFxCu41','18791762','OfbqMKdhoQ@5FUuQ02TWR.iDM','http://e4xoasM7TA.8xZX81ftpr.W6g','2022-02-24 14:38:51',1,'2022-02-24 14:38:51','2022-02-24 14:38:51'),(284,'49cd589f33d0c5ab94d3818337515838',7,'DqMywXWkdtQWH7ayPFyA',4853.00,'3ZE8iWswBuh4mh26r6y1',12,'vyZcV6P8ADFv6czCrVTu',1,0,'r2C2XPWK207WDMnXh3ci',NULL,NULL,NULL,NULL,NULL,NULL,2,'MEO65DC8oWlYan1Tbs2hiNYwX968eYzY6VlajsN2','60704201','5hM0bUZpU1@lVTggmi7XT.lkm','http://MkzJHsbNAg.9KWvpfWYjY.hJn','2022-02-24 14:38:51',1,'2022-02-24 14:38:51','2022-02-24 14:38:51'),(285,'a523bd02a2f17000057a5a3d71f61dd5',1,'M0VkjKuykTe5vswyTBkg',3215.00,'lKlb4HJcr3owHac6aUcE',26,'skeqlPWByOn7S2lkBYUz',1,0,'V2qc8bNcSYD3HQvO3ASo',NULL,NULL,NULL,NULL,NULL,NULL,3,'bUjN9KfwutQRQAEYfa0IZl9PmCa9jTF0A7R88fwt','36961922','S9eiv6oa0M@IBMk6b4smi.mhS','http://c79xhUljAk.IyXHZeNnmH.OiZ','2022-02-24 14:38:51',1,'2022-02-24 14:38:51','2022-02-24 14:38:51'),(286,'36f2aca0d115dfd1a077c8435d38adb1',7,'KgFaquWSF9cyPmg0FS9x',2079.00,'oeUMDQBxDx3pooQXXnqg',27,'3fNF7ZKtYl2V30s9buAe',1,1,'PYHNtCTeA0jIDP590v8K',NULL,NULL,NULL,NULL,NULL,NULL,1,'2POt65CuxHibNcVzteuSeDWmrw39maLDKW4eaRoH','26611653','Rgt2BOgsHi@rBXe2txuPr.WdH','http://CQIYXqQ3uI.78aBK1cMsL.0jx','2022-02-24 14:38:51',1,'2022-02-24 14:38:51','2022-02-24 14:38:51'),(287,'6c7d3fb3bbedf69d21b8700b56a301d7',7,'QMh8CBGrZhSQ8HvmLjiF',1357.00,'Ou8J5gtjSqkNxIXvxFkk',16,'CY6Nr9oKlLwM38wT6oWk',1,1,'NmYwLWrRgQa2kwSBSp9E',NULL,NULL,NULL,NULL,NULL,NULL,2,'UJvkRWzD0en3OaS9uZLUGqsD84yEVEPA5gacx6z3','23588113','PqiZukj5B8@ZKCR6TymmH.Tkm','http://9xqhUFCWxd.5sdk2kk43l.SeE','2022-02-24 14:38:51',1,'2022-02-24 14:38:51','2022-02-24 14:38:51'),(288,'8bdd881a5099d6a530418712c3204f95',2,'9XGfMoLIll6fs6GFhEKY',3335.00,'tetSwUD4zFDg3x3qB9ur',19,'t5ckiPKSFXJaV2tUYsVu',1,1,'tuqDwQyhpkVbXSKcK1od',NULL,NULL,NULL,NULL,NULL,NULL,4,'bsnKObsOZexGJYxsOEN2dKAduZ12YGhKhmrS3Zux','67073300','md6hnRKIgC@Y3E59pguWw.WRV','http://yjI3Ty8csV.viSz6LQnQh.408','2022-02-24 14:38:51',1,'2022-02-24 14:38:51','2022-02-24 14:38:51'),(289,'9df94ae0e87e363575edd48e01afd013',4,'aapkhp0Q4Xv1lk8pXaHt',1787.00,'cyQqtPAYAFt8zJSXhA2N',24,'goUOLklkaYhnByWHwsb2',0,0,'fu804lbH1ZVA5fBRKtzS',NULL,NULL,NULL,NULL,NULL,NULL,4,'V1emZCEymKc18OxC4uMI2YQhc7znPXGBFK18kWFY','22673641','jhmGdA3IjF@NweaPWBzrU.6dS','http://lZmCei2mq9.deXphlBa0P.G0Z','2022-02-24 14:38:51',1,'2022-02-24 14:38:51','2022-02-24 14:38:51'),(290,'1836389d369d6f9316101e96f01149e7',9,'EhT2F4D7ps7spqBJS3zK',1505.00,'4d5zVm7LTiCsq26g3lSC',14,'muE0mQWGB88potFpq9YA',0,0,'zhbIbXei1JINPTgnQG75',NULL,NULL,NULL,NULL,NULL,NULL,3,'esv8c3hIlX8QcnKuPR3jr9VpBhlSftKEBVj0wxWa','32052844','VK3NnjRzW3@4sluUaFXUy.j77','http://eONWCAuMUL.4QJR6cHwNb.AHi','2022-02-24 14:38:51',1,'2022-02-24 14:38:51','2022-02-24 14:38:51'),(291,'f7b0dff109bd06f6d912966482241687',8,'ZOepwMYksbkDpP98OSB6',1238.00,'kHZS76zLCTpuhHmzYAXR',24,'udP9BEVGa2BSQRcx2k5w',1,1,'YxLOApBzA4u7Itcd217V',NULL,NULL,NULL,NULL,NULL,NULL,3,'Ovom8DqKgMWNGQmuGesTSCijnrCwBPo0UjKgqm0O','43792116','KA6OugQzyf@KFH78jk0sp.yZF','http://fvROT7rUvf.GbSUxv6WOQ.ECU','2022-02-24 14:38:51',1,'2022-02-24 14:38:51','2022-02-24 14:38:51'),(292,'1be4fd87ff97466235fcd44461a4a60a',4,'6UedlImTYevYwMOXOtpr',2237.00,'dHbVnLUciGoG55weHvoL',4,'kJ9B5qUgDz2NUEzF6bYK',1,0,'A323em15tFFrDwXqmoPX',NULL,NULL,NULL,NULL,NULL,NULL,4,'hOkWazKA3TGtyAb5BaWeIJWH3H38bPwQ1jcBFCRn','76657365','u7Y61Wo53n@mjBdlDhHwQ.k3S','http://rHHU2xMeXP.Yhea94E08X.k6R','2022-02-24 14:38:51',1,'2022-02-24 14:38:51','2022-02-24 14:38:51'),(293,'29554f4ba9994a850e12fd2b01373bf5',8,'YWhZbmil4YCbKNceKeli',4591.00,'Wdw23PgGKXtJ6dq0OsEN',23,'i4m8D280aDzPRZqBqabu',0,0,'mvC6mRQPbOs6tH5w4XwC',NULL,NULL,NULL,NULL,NULL,NULL,1,'e6jDlNsIepzL2XyLLEoqV3WRDTLIpHKtH9opu2q0','66470343','TSoDQ7TwfM@YzLpAiftts.crM','http://AGrQtDO6TX.9aQfmuBBFV.8V0','2022-02-24 14:38:51',1,'2022-02-24 14:38:51','2022-02-24 14:38:51'),(294,'544cbc8983a6a67dd57e032143dbc19b',8,'kj6V185McjkHHxIAKDFW',1366.00,'WAXUcHLCv5LkgKrQn3yz',13,'7chtRVyfWIGgakV3rcQe',0,0,'frtXBpZCBEnBiQ3UuJPg',NULL,NULL,NULL,NULL,NULL,NULL,4,'wX1xWhKEgxUcpuNtLWVL9YqiDhw7nHruSAYx13mk','65200006','UFfB7xw3At@sYfvpBpjDB.r1H','http://qIN9GryHAb.oXnelqvR5G.mK5','2022-02-24 14:38:51',1,'2022-02-24 14:38:51','2022-02-24 14:38:51'),(295,'23d6af617d366fd417f4feaa4876f861',4,'QG3eG4PH4JVMpmjr8NFm',1808.00,'MO42LOcmwhWAHV1eHi25',13,'BuC8tdVscCzqX7Bwa80l',0,1,'S18FCVbc5SMDhteUm0nN',NULL,NULL,NULL,NULL,NULL,NULL,3,'kwR51UhXDBeRjBdHWbTqxwydQno19nxBxuYTHKlO','79453068','o8u4TKa7ws@sXSEdpejig.yvD','http://HVoAxDGmlY.LeBzUbSwSj.mcl','2022-02-24 14:38:51',1,'2022-02-24 14:38:51','2022-02-24 14:38:51'),(296,'8a0b60c711593103998bde1b29ef5d0b',4,'N7FJmhZKzDT2rI1qGJp7',3239.00,'61rCo1cn09f73oBRBLcm',4,'iyhRtCYrLg47NeZYMLo4',1,0,'jp00oiln1shtViyYEq2Z',NULL,NULL,NULL,NULL,NULL,NULL,1,'csh7i9vmdR8C7GwXS7mYoCBPYPn07ZohnpIl36iw','57871076','QOaeFmNcnu@8irLrlB1SW.Xld','http://824UXYEt2f.elWXsFzSFO.NUl','2022-02-24 14:38:51',1,'2022-02-24 14:38:51','2022-02-24 14:38:51'),(297,'16174ce792ffe5756dd325483903259f',5,'8Qbo0ncdrlWpTNStmWW0',1040.00,'8JGNLbPdiflFitiBQUdR',12,'lyGdKB0bGpqe4aLrkDIr',1,0,'jJHuQVc53GpLiJq5eMgd',NULL,NULL,NULL,NULL,NULL,NULL,3,'L5CXXvh0xG0UhTgBfzTNFs7AGIQb4bvrhG6ws8C3','51186873','8TisN9TGXN@2KaJvXjetH.T8E','http://YQZWvJhZ8u.iYzALMB2WO.nsA','2022-02-24 14:38:51',1,'2022-02-24 14:38:51','2022-02-24 14:38:51'),(298,'246df07b74dda398c8c5bde6b244874a',9,'4UfnxNyvx4gNzRrtSmRJ',4042.00,'UFPs5U8KpUFbuz0v1p1C',9,'EwOcvb0lK5lkOkIBgSId',0,1,'B9E9MKkAqDiXhfeKDT1d',NULL,NULL,NULL,NULL,NULL,NULL,1,'Dw23Fhk6yS1YVbRXSiRl8dmeYFsPaPS24MVmjACD','70106927','3AOzo1q5Ii@4PNNl7fKtf.OMJ','http://BRp2ibTb32.F89ZIeF701.5OB','2022-02-24 14:38:51',1,'2022-02-24 14:38:51','2022-02-24 14:38:51'),(299,'093df8c9e67f7027d55c965547d09aec',6,'Hzt3HelI94AdhC64wnvg',2918.00,'YoNSB8KFXTNK6V3uogpM',5,'STO9k4se4iCu5xURftHP',1,1,'83zLZI3E9JwsXKjF3N3A',NULL,NULL,NULL,NULL,NULL,NULL,2,'7pi7LPTDmLi9180xPOflMWcJR8jdzXb0oxIjL2yb','78072837','QVyEFLtYaL@IItEzuskIR.dPT','http://dzOIg8TqJs.RhgTGriKfg.v9I','2022-02-24 14:38:51',1,'2022-02-24 14:38:51','2022-02-24 14:38:51'),(300,'c0161d4d7679bbc955eeaf6129674330',3,'BPgcThS6TkIm8wOiKny7',3136.00,'nXqVIkRA8GUNfytbVkXh',19,'QIXN0wHW8sqaiTE0P4Cf',0,1,'sYnvr5XNLlhACy3u6CSF',NULL,NULL,NULL,NULL,NULL,NULL,3,'WYQomMrBso8D8JQB7IbmrUA9IT8fWnF3qzouXGJm','49907303','kM0yb8wT8E@5wcV7XYCWD.0HA','http://OSrfd2hHYb.68IW99jPbs.HCz','2022-02-24 14:38:51',1,'2022-02-24 14:38:51','2022-02-24 14:38:51'),(301,'534f27f353918aea5e0b34b2f23a5048',3,'QnpjEpcCUqeXIr1MU7kW',4357.00,'CmtWTmPxCckOeNw7w2FV',6,'QabRW7li8jz6lG7PFgtm',0,0,'lIKDi0wouI8TV1YXn4oy',NULL,NULL,NULL,NULL,NULL,NULL,3,'eMJLEDmz5MXAqk5O2kl4nKeLT4bulI3ot7vhELen','36369041','h8ndCYqCh3@5uKmpSPpC5.11m','http://AXWNNEkfFj.drDLIyzj8c.jEf','2022-02-24 14:38:51',1,'2022-02-24 14:38:51','2022-02-24 14:38:51'),(302,'abbb53b8918e2d0d6490ed82da1318bc',5,'F1ApvBvVsonlLkU3ctIF',1074.00,'uAs9FsLfR1Toc5G3lIjp',21,'ZIsy6QyEp2A8O6eCukRt',1,0,'MdflitKy8uUQZ9SOMTwF',NULL,NULL,NULL,NULL,NULL,NULL,4,'1P1FRW6oybI0YKmlMuBhQ1It376XGXKBrJNn8Sl1','50426326','eP7jMd6YOa@h68LwRLeZi.CWg','http://VuV9yqH38Q.kB5RdKUnzO.s1W','2022-02-24 14:38:52',1,'2022-02-24 14:38:52','2022-02-24 14:38:52'),(303,'31e90a925e74cf2b02c51ac70c3bf3fd',7,'2EPhzSXS6P5HXqmKtN6X',1359.00,'lmEpUsxEFnGFAL1rUxTj',19,'xG6VCs9e646Vun5tnjRI',1,0,'gfjkvZ1Oe4DqxlPvo9QW',NULL,NULL,NULL,NULL,NULL,NULL,3,'1xLiwSxfFpnDljTr0qvytD6jcfn3EbNi1kTQDzeq','28069075','pBx4i8CQLH@CAoxBP32di.N3R','http://roDFbrD2AL.1lukLEU2Np.ZsY','2022-02-24 14:38:52',1,'2022-02-24 14:38:52','2022-02-24 14:38:52'),(304,'3f994ec263545863aef3d885afaf5f88',1,'xs1lq8I9gBslTJXx2w00',1171.00,'drEEkF28V2YjaT312psW',19,'Sji6MUmno6BBWoKYlC8e',0,0,'1JrLFjtV9QIyYZHIgknq',NULL,NULL,NULL,NULL,NULL,NULL,3,'sgrlXHLczs5Be0EkDy24SiL5gu5T0wFORfBYhKWm','65496182','uWDwoE72o4@Z3FpzWyZuF.IMO','http://zP43gxHIDg.wPFq8di6F2.IxE','2022-02-24 14:38:52',1,'2022-02-24 14:38:52','2022-02-24 14:38:52'),(305,'1050d947f71dcdce1a4418c02a3c409a',3,'jDZ49rlirwHPNYfFbjP0',2694.00,'pJFEFZ4S4aWHGazTUsGQ',7,'Vm0FCT8HT5wUvGS6NQUK',0,1,'iUXgXuxlbfrGZNl5ee99',NULL,NULL,NULL,NULL,NULL,NULL,1,'HXtxtsyhGatUQcYNY7lZUuQbuxEd379d40NXCqta','70565104','ObuCt2YC91@QPPpXX2IRH.6cI','http://54v7PgCHVV.Fu4u9caeY9.pxz','2022-02-24 14:38:52',1,'2022-02-24 14:38:52','2022-02-24 14:38:52'),(306,'cb8501c457580079591d74761fbda384',4,'HUcreRLk3TioXlRMRqyT',2297.00,'7krtTt1gSAhSI8dXM5hS',5,'tnSiJOPsLOQm8ox4a9c2',1,1,'zW9vrhGkbPHQGo4QwxCG',NULL,NULL,NULL,NULL,NULL,NULL,2,'l4140L91JwN8fINdPVv2hCIjMand13TGrVCJRolV','98493563','gpJjjRrYga@k62iEiGEzO.asC','http://fggw9QQW68.Ogo37W7P4r.oqu','2022-02-24 14:38:52',1,'2022-02-24 14:38:52','2022-02-24 14:38:52'),(307,'5bd08759165cc64d09d6bdd57e860978',7,'C6j2QeRjTarKSfbTK4Cn',3930.00,'ga7egI9Y7ezcOPJMyZ7W',23,'HBVYDEpLlFxcr7RZIiNO',0,0,'JRa2cw3GMgXwPoWUYMqU',NULL,NULL,NULL,NULL,NULL,NULL,4,'7gSiB7ftFrERnZNHjsnC1qi31LTQeTZAlRgYU8LJ','37482535','zeY8nDeGO5@YVzoLlhaaY.dXO','http://tCT3CPu7Fq.OfMhRBkxta.lU8','2022-02-24 14:38:52',1,'2022-02-24 14:38:52','2022-02-24 14:38:52'),(308,'ce9b45cdf8068596c6e695de6000d75e',7,'uEpwP1eEM6XpeFepZvS6',2333.00,'io6nepxlfNySAhuwr7Dq',18,'EPHO65N70K0QPQaDv4ty',0,0,'erdacPHSFwdRxqB9eZtL',NULL,NULL,NULL,NULL,NULL,NULL,2,'3vF0uVmMlQAbpVZuhdwRgsOK22NqASw1fgK3yXrg','30584123','DsudbkJtFB@uk3R8lYlkK.QEN','http://hy529Dpgh5.LTG9hFykHb.ph7','2022-02-24 14:38:52',1,'2022-02-24 14:38:52','2022-02-24 14:38:52'),(309,'1a88cf124e83bfa301b6ac8c3c14c90c',1,'UEASg9CcVLmfwsQXzZIW',1204.00,'QpYBte5NXNPAi5Gd9mWr',6,'I2EJcNCZ7CHTzfafjwfM',1,1,'AxS5ruvjEIWUl1Fm5Gsb',NULL,NULL,NULL,NULL,NULL,NULL,3,'gznBkQaM3kKtiJW7VInbXPaNELzd57M9mUCZI3vZ','18199027','hHdLmtqaTy@QLAuynPq2h.MY5','http://K6fOuH6DFb.921YsOtiPF.C7h','2022-02-24 14:38:52',1,'2022-02-24 14:38:52','2022-02-24 14:38:52'),(310,'f97b7fc705305533e877bfb97236df87',8,'HCDRxUWHfdaDnqKj2E42',1531.00,'tLfLr7is0WXh4G3OFxAw',25,'QUFbeoReMeeg3iB5kB7q',1,0,'1lxGv6RjRYVulO2hITxo',NULL,NULL,NULL,NULL,NULL,NULL,4,'njOI8Y5dk2KA0H0UYL2CYGmm80ZwfUe2HmXz6hIw','30926449','WDoJbfFh17@dzU5itjxeb.CPQ','http://CxQFUrOfVK.iQmZRI904d.CYL','2022-02-24 14:38:52',1,'2022-02-24 14:38:52','2022-02-24 14:38:52'),(311,'a3ea8d89ed41722ac091eba0b459c873',6,'UcB6Uu7Hu0sFS0Nuf5mG',3435.00,'McfHSn2NgZmTfoTIgRNW',7,'ocUGFWlIDXXVX6oNhxw9',0,1,'55hFvE3wgpAHBAQuu9QM',NULL,NULL,NULL,NULL,NULL,NULL,4,'n8zoBIQDRRyxOXFZu4QEa4oZgorn7VQufxeKASyw','54457972','BK2hx4VXjY@RKI0G8jt0J.r9M','http://3Jfvg8d0Su.JG4toRWRPB.oXA','2022-02-24 14:38:52',1,'2022-02-24 14:38:52','2022-02-24 14:38:52'),(312,'6c94f01274b4e4a18e34c4837c43c052',5,'elUBvJ6mp8i1R3CfSash',1576.00,'5z6a5effNnwEVgivITad',7,'peByi2EGKn9WX18v1HLj',1,0,'A9hZeKzM40GKO979bdJb',NULL,NULL,NULL,NULL,NULL,NULL,3,'By1mjsY7nOaZmDh0MU3klwtFJdpImGujcBH2RYRA','71579369','2Q7e9ezRqz@Bly3dx9Eyu.nHP','http://PZfPGMZa5N.HNgUvN2dog.nPv','2022-02-24 14:38:52',1,'2022-02-24 14:38:52','2022-02-24 14:38:52'),(313,'95bf8c4e321bb118d6761ab4d91b87c1',7,'cT8ArZUFPnelzJ0BSrU0',2574.00,'xAwOfPRcEWm6l70B51hg',20,'seFV8LB0SAjeX4uziP94',1,1,'bgdohgWFLGTYn9UoRuHW',NULL,NULL,NULL,NULL,NULL,NULL,4,'S9wls8PdFkDl9FOPtGSLASLokDrqif4RfrUZCQ7J','45874877','wEiqn4588h@3exY9Q59bk.FDE','http://MeSaLWuuqk.S20sFvCqSA.G5i','2022-02-24 14:38:52',1,'2022-02-24 14:38:52','2022-02-24 14:38:52'),(314,'59f4b6e95a08ca5e120ed1bd249750af',4,'vJX0lrWpw79PJe6ldJDa',3739.00,'ToEvw5luDOgVxpcc1NP8',7,'NhLzxQn1ihpBNVhJRN71',0,1,'EsVMYyYKZH1ODkVxLx2p',NULL,NULL,NULL,NULL,NULL,NULL,3,'rtm6NemXsh2KfL2PT77L0KzBLrkPjjp1GmuSXNTK','40093152','RxciphsVjr@UNaIZlYBmR.R1i','http://4I9kWxQFWQ.OeNZwU7119.c8Z','2022-02-24 14:38:52',1,'2022-02-24 14:38:52','2022-02-24 14:38:52'),(315,'53ec08eb7f52ee69967fb17e760a6507',2,'AEpPpduHx1PIbNe4l56h',1558.00,'Mn3NBfT7AyAJcNc6HxSR',22,'qqseUUzo0a70pnL2ss6a',0,1,'eUhsx1VSkSJsOoCae9jP',NULL,NULL,NULL,NULL,NULL,NULL,1,'IORLRDKAdeLQOUK8q8HpnidVVHHK4dqZtZsqf3wW','51364134','lzYx61kzN0@XMVDaU1i78.2PD','http://Mu78C3CwBB.nJcoXa8A4a.xEA','2022-02-24 14:38:52',1,'2022-02-24 14:38:52','2022-02-24 14:38:52'),(316,'df51d9c20b69546826472e57e562f401',1,'RmN3AOlQkItD0gImjetS',4649.00,'fMdBA3t9CLQD3Y1HYpLh',13,'gyiqgIXnlj9Nf07CDZAH',0,0,'DRfe6nl7IfSt8dRDqxML',NULL,NULL,NULL,NULL,NULL,NULL,1,'1xLVBOVp1zVmlFlG5FCqlmnoP0FXyBxcVpFSfn2t','76063816','5k35i379y1@3EUvIPGSHx.BP4','http://vTapg3JW3p.6VQbFpHI78.khr','2022-02-24 14:38:52',1,'2022-02-24 14:38:52','2022-02-24 14:38:52'),(317,'6d6b6964ba40e75f5d0779cb3bb4e93c',3,'4RlqxfulDX5KoSPWkf3r',3534.00,'l4wOmb3zuGgD9B0C7nCo',22,'NN4DrlKQQOO6jgHt1KGg',0,0,'ZSC6SNhzp8uW0OeCfhjt',NULL,NULL,NULL,NULL,NULL,NULL,3,'P3Rb67DbbUL3Tojzo0uM7h9vw8wEbbyXBeMSdQPA','56677916','WC497uSjMg@zDUjC4aQJC.t8v','http://fdgYe24ah2.YpOs1YZ4TW.Fvq','2022-02-24 14:38:52',1,'2022-02-24 14:38:52','2022-02-24 14:38:52'),(318,'ef802c778243d347b3522240df5ab330',4,'ofT7VViNaHFb0yR9UfGH',1933.00,'MfnTmjyZTA7bsL2zeYVJ',11,'HEkMogBeCbqZ5ORujygv',1,1,'l4xRyu9w2jznVypoeCdM',NULL,NULL,NULL,NULL,NULL,NULL,3,'JlSNfQ1X53O2suCRnt3kvTUSMoJFp1EcFsbGX6Sg','78097807','9TRtT1xhAX@JomuFoduK6.3R4','http://wVvAU2Kn2R.DEHkzJFHrR.AX4','2022-02-24 14:38:52',1,'2022-02-24 14:38:52','2022-02-24 14:38:52'),(319,'3cbbd0a7afa4b9abcb47f1703484bd36',6,'Zpt4pQSViy5tGUjTJa5U',4867.00,'gUN8bwSSjlFwiBnYwFUb',14,'nd9400L5iiNTjJm6GWd8',0,1,'J8PWgqtcujWfum578DOx',NULL,NULL,NULL,NULL,NULL,NULL,2,'Kg8iwRTvuvLlaCS91DX1LYPUc0qjjbDbLKYLsfEN','74247656','ThVPwjynkN@33HiC5b5KG.L4E','http://nBy2miCHNK.j0WbBbWfDt.q7w','2022-02-24 14:38:52',1,'2022-02-24 14:38:52','2022-02-24 14:38:52'),(320,'f60f46cb4739316189d6ff16698df5d4',1,'7bcCqUkRWn7YIKXoZ47q',2766.00,'treZdKA4cCQrxB9jN7BV',4,'Y3OuKpNbM5j97iQ6J71S',1,1,'BxhNqFkReRjJ23x6gQXZ',NULL,NULL,NULL,NULL,NULL,NULL,1,'UeR7N6UTR96ADsh7qijEZqXTHNZkYDh6MIk6Cz2P','22947400','3L4od2pKq7@d4A28yDwTa.1mw','http://mMyfIM508B.MrhCXvnnGS.iUz','2022-02-24 14:38:52',1,'2022-02-24 14:38:52','2022-02-24 14:38:52'),(321,'d99bcf30e75ea3e205031ff82f24e28d',1,'yPLdrX2nCCE20x0gCDX0',2376.00,'6SH32S24NSyICy5giAZd',19,'3TqNpJypVhCqFjEFbWYu',1,1,'AJuxtqEdWip5rzp0CLeA',NULL,NULL,NULL,NULL,NULL,NULL,1,'8oFeJQiuI2YBZII37goSFKdj35qt20q5dszohjB7','88067617','GZESsGXXDp@yyYrxu3Yqr.Shr','http://FS2iD6Qv4w.dAxgCNuuAz.OTC','2022-02-24 14:38:52',1,'2022-02-24 14:38:52','2022-02-24 14:38:52'),(322,'811cf748963e20cb6b7047778f3847d3',2,'YKxrviznJLQ4T1t8FapM',1056.00,'fuo8DGiWKAsSDSjHB08r',9,'oW9hybZKBjMkrxSis3KB',1,1,'atefEW2iUrd41BcIfTp5',NULL,NULL,NULL,NULL,NULL,NULL,3,'DyzQ7rZJFLAt3T8HkJvDYQ4BdzleHQsDNLTL8ze4','64278665','wMazzet8dW@khGfnuNyjE.rfj','http://7umAQtaRO3.5ct6FleYny.Qys','2022-02-24 14:38:52',1,'2022-02-24 14:38:52','2022-02-24 14:38:52'),(323,'f97f9aea10234fc016ae9dbd55150a06',9,'17LT7EQGpEJ8W8qMiqaC',2034.00,'QkiyvDiJkhKO48gvHdBa',2,'fygRlHLOjq1t8hFNWjOT',0,0,'iHj9SDgSZyUZ05VUKMIK',NULL,NULL,NULL,NULL,NULL,NULL,3,'uQtp4xRNdRUfZjkZ4YR7zlnhgJWOjSOtrnFSvO3m','34412097','vmUITyOZOY@RX870gma7s.msb','http://yuWDE3OSQQ.Ht2rqrmAqj.LfO','2022-02-24 14:38:52',1,'2022-02-24 14:38:52','2022-02-24 14:38:52'),(324,'4573201ea0645bca59e314dc154c04ed',7,'qS5VlYxZf7vzlVJ9dlt4',4618.00,'V56OrQQ2kRVc3XQNz5Gn',3,'ES8NwViFPHonxuSwyKO6',0,1,'3T2112MLDZXQkyELeSB9',NULL,NULL,NULL,NULL,NULL,NULL,4,'x4Mey5mFNmLKJEtccku098tMdHkFSt4aFNpam7WC','90891624','v8cpTp72lL@335gWsdf7x.Ma1','http://3P7QpGs9Ki.j3lo2AwRbq.Cid','2022-02-24 14:38:52',1,'2022-02-24 14:38:52','2022-02-24 14:38:52'),(325,'b696e757084d9577fe3193dab59429a8',6,'OyNWfMHYs5unZHcbhAAN',3328.00,'ebd0LIP99SBaNJ37Y6tc',23,'v0KNdN2g2GHdRDn990yt',1,0,'bDeB1ucH5jBsxXOwhF8S',NULL,NULL,NULL,NULL,NULL,NULL,2,'nyhsTSeI2zHv8oy2I7rTl57pg6UfRvjgJSpZJQpF','31561217','f9gWlsQXxu@JrTwbLfq1Q.G2p','http://ooKFwTJqrA.Xr8i8GfVKi.1Ou','2022-02-24 14:38:52',1,'2022-02-24 14:38:52','2022-02-24 14:38:52'),(326,'f73a90ec88d543bf3d8bc299437806d3',8,'7Cwk6B1MPreGtgmFNRxY',2535.00,'F8NfEc7rqTwFfOhkTeNx',21,'jgTuKr8cZ4VdMxjF3xKX',0,1,'YZtD5FwWP8a7ufnWOl4W',NULL,NULL,NULL,NULL,NULL,NULL,1,'OtbhqQYaIvxqBb28EYvh5NlepQ3wiubwfFtwDXaR','52001181','ZZhuiLmvCY@q9b39cCv6d.OJg','http://R0YZd577mh.qWjFelqUS0.oRx','2022-02-24 14:38:52',1,'2022-02-24 14:38:52','2022-02-24 14:38:52'),(327,'c90375c2f347fe4234455f80ecf5078f',2,'XDLuhwgTsB60jwmhUad1',1226.00,'fC4UXjvmFidFjwgkYLHX',4,'djWLaRrREThyjKYYHJEX',0,1,'gqpSA606P9u2ujrk4eMz',NULL,NULL,NULL,NULL,NULL,NULL,4,'uEZ3I0SEu1TzY8Hy03b67qbGkE53JSS19a7H7OpR','12613405','LnZ8WmKGUt@KZpc9FggJF.4lm','http://lKx4CUSVcE.8yA7IdFmgi.kVG','2022-02-24 14:38:52',1,'2022-02-24 14:38:52','2022-02-24 14:38:52'),(328,'42b2de0d145f7002c03277a09724f10e',4,'cP1hiJ9KHhPTPHuIhMlj',4701.00,'9o7oNF9hUHPXk2IK9oDj',1,'FETSBktxZfRaUjiPgc1v',1,0,'XGztCivLXpT93ri6FJay',NULL,NULL,NULL,NULL,NULL,NULL,4,'zw4ZYQ4mkxCPENVwdfqqCbRUUUOhRQRWNZRgTKWa','19621119','cf6ddewVTb@Acqy1mtXzH.RSt','http://RLLgnBYlia.bTIhkHAnJU.jTB','2022-02-24 14:38:52',1,'2022-02-24 14:38:52','2022-02-24 14:38:52'),(329,'120c9cf48f8d70b2cc32ddd7e0998956',5,'vuha8poTBo9MCi2Edu4L',1974.00,'fk9TJAO1CiY0LEiFfxcv',9,'V9S1hTUyfjmRTspLltwz',0,1,'8oVTIaM5U9bbF6qaPV8O',NULL,NULL,NULL,NULL,NULL,NULL,2,'a03MNdHxz5VqcJSiAWLvCSs5NuTgw4AOqsoLxkYV','89398755','XaSqQI7vfh@vwSWdBJMwL.XVA','http://jB9wEzzjkz.pPuSNpLCX9.HJ7','2022-02-24 14:38:52',1,'2022-02-24 14:38:52','2022-02-24 14:38:52'),(330,'793464b0f4e73cbf4c15f503ff6e8280',9,'PqBPDPUyGb98h19f5Q3p',3193.00,'LVSKxmDGwvMD7Kr7RF1t',19,'4JF6gygwyNuE9mTzOGhd',0,1,'MUaMLWU9dHxPa0kF0ntp',NULL,NULL,NULL,NULL,NULL,NULL,1,'Ll5EuVSCM1h1X18OnotIAf0sny5SZKxgxh0PhJWp','72524256','jlMaRGwLG2@vS4dvpa0jm.zzt','http://wrmPFK7v2Q.K4bIshTi5J.sqZ','2022-02-24 14:38:52',1,'2022-02-24 14:38:52','2022-02-24 14:38:52'),(331,'7076dca0f2feba6bea97a475baa377b0',7,'pJYHUTODfW4ke9nQkrDw',3616.00,'66m8HhFdYK6cUWso1mT4',22,'2UKH5GbFmgbVDZZC1RM9',1,1,'knc8B88WYLVqStRaM5pJ',NULL,NULL,NULL,NULL,NULL,NULL,4,'mUdjzK3NKy8LWB3981s0LPUIkJIj7Ld8g03RJzWC','61541224','cSxGLyrjFh@eEhAZk4d4v.AnP','http://NPeul1Gace.AKoFq0yakg.vtU','2022-02-24 14:38:52',1,'2022-02-24 14:38:52','2022-02-24 14:38:52'),(332,'0d5cbbfbfb1d8bba916f526f23a7e0f0',8,'UytU4DaAxCpD8EGHxv12',1448.00,'5u06qwCpLOg4YSca4bGQ',19,'ziMVTt3hG32ZDtUAWdT5',1,0,'TfYaHGI4xQAdONDOe5kY',NULL,NULL,NULL,NULL,NULL,NULL,2,'7XQzu5BdtaXq7mbVyUcofhvQnM0EkOtkOJUzYTkQ','95073994','fklgaU02zY@5K8d8bFSBa.Dzr','http://UvgBXUEXGe.Vw0zvXskcy.3PU','2022-02-24 14:38:52',1,'2022-02-24 14:38:52','2022-02-24 14:38:52'),(333,'971f24ecd92637b39b84030cf5c21bfa',4,'pRNAWWGmQNMx24ObQOK9',2822.00,'3v4xfqO8ph3qN6bUfX1G',8,'8eLvMcRiG7KMqAaZQstX',0,0,'uvpVocCnCkjdyoLmJ3fe',NULL,NULL,NULL,NULL,NULL,NULL,3,'wnanCpUAz9Hxskqzpbl4NN2WjC6fECAIRd8Lf0j0','98628604','WUYoIF2Kcf@4j4CF8YNVy.m0O','http://euv6HMJJu4.4rqTC9tLge.cCZ','2022-02-24 14:38:52',1,'2022-02-24 14:38:52','2022-02-24 14:38:52'),(334,'e7ac7ff165dcef78a138a6a5e9277ec5',8,'irtUcqsJ5ByNsaKYxiBU',2958.00,'HWYfiNvju89pSxDM5rKJ',1,'R4AtfnLAtrE3qevj9cYU',0,1,'O9IcN3R42ziVIIqWrSQu',NULL,NULL,NULL,NULL,NULL,NULL,4,'nbY2wYbi3EwNvcmyqMdiKFADPUyxqyDUCmpkuFEO','74349499','FQ3u7esgeS@LRqiOhWlWe.jaU','http://DS9WrTILo2.hy6a8hRQef.TlH','2022-02-24 14:38:52',1,'2022-02-24 14:38:52','2022-02-24 14:38:52'),(335,'e42e021270f2fd8fc5a2e61f8738d8b8',7,'rZ32jyF43DNAjBsCCvLv',1270.00,'Zz4sEfWixWnPh6tWta4G',17,'ZKLg344LkLpKe3c7o2Cy',1,1,'jniDYDRnZyp3gZeXApqS',NULL,NULL,NULL,NULL,NULL,NULL,2,'RtHYLioLBhKO7WeejLDypohPjStIu1b5qSR0O5s1','43637617','fzNaeUnEPM@LL9el0S8zx.Ny8','http://gxmSqZz6XZ.Yz52C3XqQn.eqj','2022-02-24 14:38:52',1,'2022-02-24 14:38:52','2022-02-24 14:38:52'),(336,'0e22ef2fe5d800e02acc5d374fb8b5f2',1,'rlK1FCKjHiBY87Ml84un',1271.00,'WxH8NaJwLpZOswH1Q4wa',6,'ISkqBfHPDDKcL72bTfJ1',0,1,'VMrQqs12TocUWt49cioM',NULL,NULL,NULL,NULL,NULL,NULL,1,'Vi3e79k70olpyDbmRBMCCvDRXcNfR7K4Eo5ZHnbg','45543112','gGyvKwYrxX@8DaZS6H7uE.X69','http://Fp1zAk53Jg.qiP161iW0K.eLP','2022-02-24 14:38:52',1,'2022-02-24 14:38:52','2022-02-24 14:38:52'),(337,'6bd2c47fa7c621cd4d906bf3453e7b6f',4,'xA4iolVeVpcs0TaSARpS',3076.00,'JF4GWiUGLdU3uPH6XY9a',10,'UhKn3sK0W9RVH0ipsG9e',1,0,'Fdhlgw5dadCqwQQH9rV7',NULL,NULL,NULL,NULL,NULL,NULL,3,'pEwUcd2YpXN7jYsp4mgZFAU7bg4jOx7efy7VD9Kz','85778304','akW8Wxk0aH@b1B7eckiTC.lab','http://h4zC1h8ygT.vYUjLwb2aV.j5n','2022-02-24 14:38:52',1,'2022-02-24 14:38:52','2022-02-24 14:38:52'),(338,'af2e83481c531bcdab014ee475de22bd',7,'5qufQ9GAArY7nNplUNky',4454.00,'Yg1aAGVi9sJ4W9Kz6N9H',24,'jdVSzAABKzcIJgNPwSCO',0,1,'3wa7HtsMfBAXVfYYkMWo',NULL,NULL,NULL,NULL,NULL,NULL,1,'W6bIV7BrKSqC7Wk5np5OUydXuKWSIqLRwyM45CeS','45988313','knCqnd020f@vj0G13HDGo.5b4','http://MlFWJXpVPK.lKoywYBs4N.nxY','2022-02-24 14:38:52',1,'2022-02-24 14:38:52','2022-02-24 14:38:52'),(339,'79a7928ab0b6d2f966d649cc2d556d7b',4,'qhWv7lc3LyxHR5TnYFCj',3855.00,'2oNGbfPaaCGBH9Hu8Cv2',8,'YSPZxLn1Xp9uqjlllizk',1,0,'fOekb6tJphRwsfwYrqjI',NULL,NULL,NULL,NULL,NULL,NULL,2,'bEFXdnWwDPcsLxk9JGuVYeNbrRUOrPVpbdg74ppT','38077852','MyK4nOwZnR@LINdTJj9j1.1ks','http://vHAXiQsAqH.BVZpbnFCml.ZiN','2022-02-24 14:38:52',1,'2022-02-24 14:38:52','2022-02-24 14:38:52'),(340,'99507a03e547e8f706f1e89c43c1d7d3',5,'AxWC6ENHj4OF58ou3xhN',3628.00,'7aWOkO89M5fJVePEjCQC',21,'Td6CFsESBtWMhVOawrfG',1,1,'tshLu5l35hOCQ93RDHiH',NULL,NULL,NULL,NULL,NULL,NULL,1,'WHY5O5g9h04ss99tqJfQW3JxmdYSFgCldhzd7CYt','61190947','V8WkM6WAcg@iOruN0mJjB.Xz5','http://M3WjgApUx7.AQQg0hzQRW.Hmv','2022-02-24 14:38:52',1,'2022-02-24 14:38:52','2022-02-24 14:38:52'),(341,'6086ad02c00deebeb129f7acb63941e6',6,'sdnsFEAwQW7rnO4e57Wd',2504.00,'tYm5pAsfWCo2gDRsLwHe',8,'ymgvE7FBgq2aLP18MqFT',1,1,'rbJnwfzU9EscIT6odGpj',NULL,NULL,NULL,NULL,NULL,NULL,4,'qs6oulk6t5rji9Lhn65zI90L5kryFRftc5SnEwBm','37643586','a7FgU1DFfu@KHMoCQdwrA.4cs','http://scGwjxzNpp.6OotXvelji.zTu','2022-02-24 14:38:52',1,'2022-02-24 14:38:52','2022-02-24 14:38:52'),(342,'986b7170bf05b96925189b0a3c95118c',4,'pcYbCsOi6HvM2JSn1u4N',1178.00,'8QXAPT0bA5TZKjW0mN1x',13,'q64iecfAhpXE2gkNcJaB',1,1,'2nZ80hVmQWfwKVPH8xPv',NULL,NULL,NULL,NULL,NULL,NULL,1,'cEwPAI0x9tHbH4H3n8HmRssbKbKHzaZfZswc4WKY','29568752','fPEEJrSUYO@R15N0hFyOP.Tb6','http://H5jFCXVOwO.NI94DMWOHN.cof','2022-02-24 14:38:52',1,'2022-02-24 14:38:52','2022-02-24 14:38:52'),(343,'7dbe462c39437c7907b358c9f212a7f5',2,'HNcBTTItBAbeirMYdc2K',4215.00,'5rqfk8K32Djr9CM2uXO1',14,'CtEe36tni3ozyXlmL9Bo',1,1,'OogwtpO7TpSQkmchd53a',NULL,NULL,NULL,NULL,NULL,NULL,2,'myB6HiZlc227PBQ4S8EDXcPmgw1urg3ZONn86xKE','84841514','f3tcd2xc33@AHz2vh0n29.dsO','http://jR1TTgPXaI.d0Rbiipds8.pST','2022-02-24 14:38:52',1,'2022-02-24 14:38:52','2022-02-24 14:38:52'),(344,'dc05ea2b4c5c99bb97dcef2a58d502cb',4,'w1UBywwfQeiNQ1w0KvMP',2765.00,'DkwSYxEsq6hbTeQdrPFh',10,'zsr1818eC0J956NPrguX',1,1,'a0ggoBDCcfkibv6ZAJEr',NULL,NULL,NULL,NULL,NULL,NULL,3,'gxAnhWkyBQ9DEbklJFpTznPVZGdH2QQQSZlq5qVW','92236207','uhKCqb52WT@Y204tkrQUC.i01','http://Dwh7brOn0H.7H8bSSu3t7.SNT','2022-02-24 14:38:52',1,'2022-02-24 14:38:52','2022-02-24 14:38:52'),(345,'e808d78acd1683df391bbb5d464bb586',5,'14hjPTxuoFQi1dLwZw9p',4759.00,'FPT8NK09OcT3NexDXm1n',22,'oheY90RDfr5ussaSoSfF',1,0,'eLMWVTQ9bNQSguV0a44w',NULL,NULL,NULL,NULL,NULL,NULL,2,'Xv5clr4IHygMOdqWQnwCI2LvB6rUDEH6veozSxTT','16592656','QKqz2wWCBy@uQCbvdMAar.GDe','http://MuBkRjKN8V.70s6knunsZ.I1v','2022-02-24 14:38:52',1,'2022-02-24 14:38:52','2022-02-24 14:38:52'),(346,'8f2518663cbb251af054229811f4f558',7,'AiCdljk2nVNkJdFxUvKR',2183.00,'HCD1Qa7xjEJSapDiU7fg',14,'euwKBJWxbrVGxSdSA6cy',1,1,'po1meF5Krg0ZIkuysEJq',NULL,NULL,NULL,NULL,NULL,NULL,3,'0NOH7TP6TJ6obNfpvXZfZtyNos7lPs8N6d1z8GlM','25951734','fqeS9Kh25N@RRIQQfhj3e.RqH','http://er1JqIgKhE.tONOfsAu8e.Sjq','2022-02-24 14:38:52',1,'2022-02-24 14:38:52','2022-02-24 14:38:52'),(347,'c043c1b6b3e5f64e69fc7c56a5bdb6c6',6,'OuOySBDZC0HojwqIXy1y',2985.00,'1IVA4uWCNr6NeUpX1C8D',4,'Q86So2wAQvKMmO7ZOGXY',0,1,'Q8zjTbcvg6FS6APWE4eN',NULL,NULL,NULL,NULL,NULL,NULL,4,'mLiGxh7lIP795Cawk3DGYZPUCCtxs0ZO4bfk5jVe','55278838','bthWteDNPQ@8AyvCvd1wp.vNM','http://UUrmDscvHN.sdEDmeT4Qn.h3g','2022-02-24 14:38:52',1,'2022-02-24 14:38:52','2022-02-24 14:38:52'),(348,'68a849dff37aea413f52ef1430cf17fc',6,'njJvdNN3XRgsNBJxbooS',4254.00,'exMSLLyHHT0YQ9eqY0LK',25,'OEXR6l26nW6wLaqi4ngZ',1,0,'AFvlMjRjQxruW16amgRc',NULL,NULL,NULL,NULL,NULL,NULL,4,'WdGTsEXDzefg38KUFqjdrk8CJh1TBkJyD5abXaBg','33065469','ddkMBSyQub@JvOD5VJAop.iwH','http://oP7GEppcGT.QHoYhOeo6f.akd','2022-02-24 14:38:52',1,'2022-02-24 14:38:52','2022-02-24 14:38:52'),(349,'28748e386a6f9ddf794abb83a168ded8',6,'XIq56iN27Bumm212x6oe',2093.00,'iYofj6MQN411K3t9aUzG',20,'rFD9vSR8HzS1xRSMhKOw',1,1,'oyqVBb9FjbN7vkBSEeII',NULL,NULL,NULL,NULL,NULL,NULL,3,'4m649mCWqVTJY33L8StXm66oWWnUOeDQXChgv9ab','47493652','cMZFJmoWNE@qHChFp8KAs.2PN','http://EdopkViMrR.xOQy96Hv1S.pxy','2022-02-24 14:38:52',1,'2022-02-24 14:38:52','2022-02-24 14:38:52'),(350,'7f22d4c88b2661ee271ffdb322b12cf7',9,'uZTfIBV50G9qdDZ4vCQQ',2960.00,'b1RboV306l0YsBn58XLL',5,'gajMhoaHZeGIPllWZebV',1,1,'xU1CqLUlalSpdcFbe3KD',NULL,NULL,NULL,NULL,NULL,NULL,2,'6ev9okxC5iigbY7cqfKgFiRGMzWNenDLHEu2O1Bf','93258440','A57tCnUjgq@HetgRs5Tkz.6Y1','http://iU8ZewEjXr.GqpM0crqSO.EuU','2022-02-24 14:38:52',1,'2022-02-24 14:38:52','2022-02-24 14:38:52'),(351,'e6787bd3dbaa30a79673960773ae0075',8,'6AgJN4r7kkRLo97C9eZm',4035.00,'YOe1jud6mhEuQKWY6VHz',6,'zRJrg1PfnrXXTInljj12',0,0,'1GxpfvczaNehN0W3Fc0f',NULL,NULL,NULL,NULL,NULL,NULL,1,'8GRJedExKGeAbEv4EORbKcWJE6r3cqN9nZJkUchQ','36487286','PXtMWGBDyy@qAQPVrSmro.IlO','http://lGi4RrTLcs.4JZud3awSM.fzr','2022-02-24 14:38:52',1,'2022-02-24 14:38:52','2022-02-24 14:38:52'),(352,'9574b0dd2315fbf5f93ace9f664c7add',9,'vcFQfIf9ChH76mtvF6sV',1816.00,'cBXe25A0af6Sp22d5FCr',24,'8o07fWaLUCw20Mj4iBqT',1,1,'5tQ5HHfLRzj8oVHP5Yog',NULL,NULL,NULL,NULL,NULL,NULL,3,'lzQNgX8CL1ByqGGnfulP1j0BW0zvQOKDOuo4Y7f1','46580940','MtGxP1eX4b@U3KEMFG1gL.fjr','http://Q3DMQk1Cpm.pnscIREDmw.JdX','2022-02-24 14:38:52',1,'2022-02-24 14:38:52','2022-02-24 14:38:52'),(353,'fbdf8402bf7d05065c774dee289a92d3',2,'mnzcEExIzN4uto44LX87',4659.00,'GRMc9CkdFGsFPX5phCen',10,'Aw5pQQIBUzMgWgLruTSv',0,0,'EZplkbqZQTdqNLJHWcl5',NULL,NULL,NULL,NULL,NULL,NULL,3,'4l0QmDlX8qP8sUAjm70Qcn4emplZQ9deo9v6MASe','58646889','kM0MkhwpL9@fZc9VtFYeu.pkR','http://yTyNBr3nRo.63UYEEaOVp.5AP','2022-02-24 14:38:52',1,'2022-02-24 14:38:52','2022-02-24 14:38:52'),(354,'8b8d0126aa731da53d07ce771b5fdd31',4,'qqcdrHeNYiNs0t1iB6LV',3742.00,'Etkd2EgqQT2pvwWyhYu2',14,'ehsJ4O2uu6x0WvJxk7Am',0,1,'ZFx6ZI4F8l7ixzyeWtJX',NULL,NULL,NULL,NULL,NULL,NULL,1,'GkMaHLT4iSXir1brxKBY9K2iwzBkxkhkVGgskuEB','16088453','z7QK6aNH1c@0RQQ6G9MFe.eCz','http://gxILeUbrWM.yKaMPhvee9.xOT','2022-02-24 14:38:52',1,'2022-02-24 14:38:52','2022-02-24 14:38:52'),(355,'5cdc848018baafb6441d8f80ad763adc',3,'dm0lNXYp7nYbIYLWZPxE',3424.00,'jIExAyglcTfxtYhKZxCK',3,'B11VClXRmxYSjt2MuOtm',1,0,'M1maOzSs1T1S5fAiYBPZ',NULL,NULL,NULL,NULL,NULL,NULL,3,'pYzKeJWLBHIQJGEoUkqBRAg0KLwRPNswAcFqe8k1','67737358','QxN9wDb7QK@hk3D1X3ZGt.uZT','http://EKwCHNRNUa.t0QEZxMGwh.wNf','2022-02-24 14:38:52',1,'2022-02-24 14:38:52','2022-02-24 14:38:52'),(356,'006f544464da71553d206c04a60f9fd2',7,'yDyF5zCCtyrenWOGkh3Z',1758.00,'Zmw1gQ6GTA0kzpnUngO9',5,'oRliUhLrU5jyMHpgcEZO',0,0,'ez1Bkx5ZGPe0DF1yUSTo',NULL,NULL,NULL,NULL,NULL,NULL,1,'gDJ3iwTPCYoeqxM3woXVkIGjjnlH6vRbtJTawmrg','82165424','gvA4PqMNr7@vRDhP7JyK0.nwQ','http://Bp2cZF8Qi5.vrZcCltVLu.5cb','2022-02-24 14:38:52',1,'2022-02-24 14:38:52','2022-02-24 14:38:52'),(357,'147af7b9ed915b2e19676a8bac108493',5,'0Dn7UH35oNNDHfDhH0TA',2409.00,'WqvoVpDBEaLnyF5EVm0k',24,'tLga0JQeMiC9631h0Muv',0,0,'yoBb525vUhzIxBlDg4P5',NULL,NULL,NULL,NULL,NULL,NULL,1,'AyFoyalD4PkSZ4aKuERK4C11RblYXIuSmVnq69kY','76145552','CNCy0PJhGh@LVry69EsC6.2J3','http://l6DycSFB1u.EtuMhU1g5R.Yiq','2022-02-24 14:38:52',1,'2022-02-24 14:38:52','2022-02-24 14:38:52'),(358,'774f555958c906399bee6ab122a62ceb',6,'bfgPsUaaf1YoEdhULRRk',4405.00,'i6n2D8NChAk6oukmSvge',3,'10xP4cTrnoDLeyPF2rYE',0,1,'boj8zYH2wZUJkQDIKtCd',NULL,NULL,NULL,NULL,NULL,NULL,3,'u8bIw6MM0hDc1Wd7GdwqwGrslnZqWAxP3T6B1Tud','61324762','u6NqulNqP7@fISVw0zPzR.Zj5','http://37GqqVJEBx.oeD9l3NuFQ.f9E','2022-02-24 14:38:52',1,'2022-02-24 14:38:52','2022-02-24 14:38:52'),(359,'1e6e435490d85eefe48da94b9f96aa9e',5,'nTjofvuotuYlwZ97e8He',4608.00,'4HGFck6ePrZCLf8Ral8j',20,'wAD61uDqCACMFCKDdI57',0,1,'TWWuu4lwgyajRSoSdRKZ',NULL,NULL,NULL,NULL,NULL,NULL,1,'I6veS1f8Xb5sUYaLFrt8cXb80TYIwoLELDNHbOKR','20737968','EucGSQmrFY@wDRre9WGZC.cVj','http://kLatT6WSA2.jwP9hVFq1H.GnL','2022-02-24 14:38:52',1,'2022-02-24 14:38:52','2022-02-24 14:38:52'),(360,'cb16c1ddfe0334c1d395dbdd288d24b8',8,'H4miqz31KeoxQPk8wxRq',1528.00,'oqLgMsoUa1qplc0mvH9j',21,'UAgUIwvWidfj9xAcEHBX',1,0,'4qZqQNGW24t6XNWsvgVN',NULL,NULL,NULL,NULL,NULL,NULL,1,'yyk2oOFp7kZhofzFeQ49lHvqViPjSHvp6uSjHdZn','58086931','CgAyDCSat7@2ZJvnWfuPN.kn9','http://GDiTx0u3jg.0BaT5jHGKM.6nI','2022-02-24 14:38:52',1,'2022-02-24 14:38:52','2022-02-24 14:38:52'),(361,'41b28b552d0cb26d7ec00262e2fdb7fa',2,'XlR6ebKxvTl30tCI50A5',3296.00,'ClqAOC98D7ORjxWuNBZP',12,'kX8qTalBNiKXrraUCWLP',1,0,'iUsH5G52mdABpTeTuub2',NULL,NULL,NULL,NULL,NULL,NULL,2,'JfnnLjostX0mVffn9RONEQ8zhuhHJZBBKcxjD6wJ','41556996','RtAp1dqiLQ@JxbShpPXrY.mKm','http://xKcJD1MLNs.SmSetoGt0c.9tg','2022-02-24 14:38:52',1,'2022-02-24 14:38:52','2022-02-24 14:38:52'),(362,'5f98f6acb5e7c492428d20f897598352',1,'MB2MMdqcvfZf43HWAMwd',1579.00,'Jgh2aqF8ikbdehaRwstT',2,'Q6D7W3rUSpmEXURuUs12',1,1,'XG6M19k2QMEVQ9E2oqXz',NULL,NULL,NULL,NULL,NULL,NULL,1,'vVgDZidLVTfh2xZwFnmk5gFy6MW5oy4RrOrewZcN','56913611','D6nZuiuOkv@UCqvmeJ646.7kR','http://awWIiiUjzZ.YIblZc3pSl.n7q','2022-02-24 14:38:52',1,'2022-02-24 14:38:52','2022-02-24 14:38:52'),(363,'0a97a885b04e1ee5072e5a7718f36590',4,'DY50C95Ydf9jp2j8d4uU',2284.00,'LqtQZoF6AZAHVOGAAVfG',2,'fziuo57tG725GrjwzVgK',1,0,'95o9SA0z4YzfswUaKbL5',NULL,NULL,NULL,NULL,NULL,NULL,3,'DKEIBGABdiEnrNj13feIR4D3HUdmVkI63Rvtlzd8','67329962','TZkpRtRlu7@CrmNapcos2.bgd','http://DnPAxUHpb5.ECj5BsVdo0.OiN','2022-02-24 14:38:52',1,'2022-02-24 14:38:52','2022-02-24 14:38:52'),(364,'37a41bf33121709295b36459bf185aff',7,'RXuXT2OEbKjHAQGZzdvT',1138.00,'JMAuBwwRuWpGetUXmmv1',9,'wEArgPOKUovhALfPs6sS',0,1,'2PHzKYLNXhvWHZeStnpZ',NULL,NULL,NULL,NULL,NULL,NULL,4,'FWfBSpVuKjXTjPygqhiiMVwSTI63WBSIiHl43u43','28085164','5lEEYYQMLK@IQGzzxGMjc.vzR','http://ZLas2ndyPL.fbRo2FknNg.3Zd','2022-02-24 14:38:52',1,'2022-02-24 14:38:52','2022-02-24 14:38:52'),(365,'aaa27d92487a6a4e6149a5acf655d2d6',4,'tgMMQpNjq0LsVcsj7ASK',1415.00,'TZbC8heCYnR0Wo3oJJFE',5,'T2qXkZm9UPnrkPSQsBcY',0,0,'xxlytZ5QpFhWo6Uy8FkY',NULL,NULL,NULL,NULL,NULL,NULL,4,'yxoGZmVIUHvexh9imMxro3OB4orGFepBxwL5GkZO','62973520','blXOlaZ50v@WBZ7kEv1Px.BHV','http://5s01SsAtp3.fOv0Pacg1e.Q0w','2022-02-24 14:38:52',1,'2022-02-24 14:38:52','2022-02-24 14:38:52'),(366,'ef7ac4836e12c7437643e2b5b1404d80',3,'jVwCVbhiZfjBusPjl0SH',4530.00,'XPgeyt47rzNeRje8hxwY',24,'JOxiktU61fwSvkjfb7xJ',1,0,'0bzgrhdkzase0BqGQOzx',NULL,NULL,NULL,NULL,NULL,NULL,2,'ArwgG2j36T9jSomKIGQGvBkNQ4Nb6Xvy0d4qP4ys','20908783','KSCcFVc4OS@m9nGkroPd2.JHI','http://VLEXqKWkKh.4xvbab1JWZ.KwK','2022-02-24 14:38:52',1,'2022-02-24 14:38:52','2022-02-24 14:38:52'),(367,'08a88d836a02ee2b9d852abb4d11c56d',9,'TP6om24HgDsckEbB7Wam',2830.00,'nYyrAKmXnyWIzXHeBTUv',10,'2SbL9cSYcre4NSjVNiy2',1,1,'3q6GwKLF5sbBcd39d0VH',NULL,NULL,NULL,NULL,NULL,NULL,3,'gbiKgfOojWynRwoU7ZyABLPWSLrKDwH8hNgNJZT6','83481307','3aNRegZQQo@qvpVFq5kvO.3aA','http://tAbI94eQKH.zW9Ck3VfDs.dl8','2022-02-24 14:38:52',1,'2022-02-24 14:38:52','2022-02-24 14:38:52'),(368,'6896f09c0e102811849e3fa913415498',6,'M1Bri3MlYmMryv5br1Iq',3683.00,'yzGdI7zM0nvk35wBC88W',11,'DCLxyaZqTU1li2kDBTxX',0,0,'SLPAW0qOM3v6K3JpA3be',NULL,NULL,NULL,NULL,NULL,NULL,4,'MA9EHRZfEGHyWsJUaNRAvY9h5B11sLXdATzJx5xF','56635934','sZi9bmYqWr@M7aaoKp1HK.8Dt','http://JjWnkfH9eF.J9ZR93TF63.ZiF','2022-02-24 14:38:52',1,'2022-02-24 14:38:52','2022-02-24 14:38:52'),(369,'009e2d26a363f40fdaa7d86684bebd82',3,'CImIPYcmNgVu6Gnx9PlD',3839.00,'AmTiChSarprEqXF8w0dh',10,'dwogKRTZpeUwPIgE8DbR',1,0,'ZvkmxP537FRIT846r00y',NULL,NULL,NULL,NULL,NULL,NULL,4,'pepAR09VkGg1sJqIeJdjwRjJsDWwoqHCtSa7Tsu5','29344672','67sBhqBCCL@CY3W4CwR95.NSc','http://aPTuM6OSPp.1WUjbCwsFP.NqK','2022-02-24 14:38:52',1,'2022-02-24 14:38:52','2022-02-24 14:38:52'),(370,'11c87d8c60af58516cfc7f3958739163',3,'BmmEep1R8nzkbsmwwA8y',4000.00,'ZZThMyd6y0q8sB2JXA9G',17,'wia13oYa8I3TzSOYTado',1,1,'9JTFj0SOTe9ikhlK4mpk',NULL,NULL,NULL,NULL,NULL,NULL,4,'0ik3AIwFODEgJ1kUxaehaC4gQiojC3S9FYUKWJ1A','53303563','4Ma7O6pQoW@aYsaoiBBQ3.jFR','http://8o5bGOyWYB.tncAnEcabK.hGZ','2022-02-24 14:38:52',1,'2022-02-24 14:38:52','2022-02-24 14:38:52'),(371,'adb205c93b85db6a1043ca9c1ef53cde',1,'T1wFB1QQ0CxSb0GRVbpp',3958.00,'Jk0oZnWqjs8fyjP1MCix',11,'OrgkdkYdnjnNv0xTnFUU',1,0,'JBCbFW2Zhz5bXBzyHhY8',NULL,NULL,NULL,NULL,NULL,NULL,4,'5aYkNhfUvwVIxltnu8Av146CfYody9lDIzUZJfYR','43703397','7DvAlB80cq@Yh4aL7pvCg.Q4Q','http://evY3iTXsUK.Lpr2vm3RK5.TCh','2022-02-24 14:38:52',1,'2022-02-24 14:38:52','2022-02-24 14:38:52'),(372,'1aeab244aaab795747923f3a14f4c7b6',9,'CrD62xMqn1pzO6QaGGU3',1460.00,'fLz6WFdQXhLGbzLnkMRS',1,'uWrOcaqsGz9ZEGjFtQEB',1,0,'gy47hhl9fdcTjXK5Pptz',NULL,NULL,NULL,NULL,NULL,NULL,2,'V0VsyU2EnZhXvTscDLW6hSA69y4bIo7tmxLMHgA3','11740459','WNMvq79UZA@Px3tWD5myU.h5y','http://zzVtBa9oLE.A1jhKcNK7Z.odY','2022-02-24 14:38:52',1,'2022-02-24 14:38:52','2022-02-24 14:38:52'),(373,'59ea5e86e60a5b1a1763f984af6f34a4',5,'jYEhuc6aV6JX6d6nCkSJ',3991.00,'ozzbUg53dvg1gINrfmUo',6,'bwok0DcuUnj20dFobLx5',1,0,'1lay13M7xq4qI5YFrOgd',NULL,NULL,NULL,NULL,NULL,NULL,4,'NmL9X7E7XPXFGRBgDpUCRZCXQVb2iqZL6XJPQfqc','85392037','JfWdeAVPL7@dXE5ePZOuL.nnU','http://G4P73y3F0X.NIHtBEGyes.3U6','2022-02-24 14:38:52',1,'2022-02-24 14:38:52','2022-02-24 14:38:52'),(374,'b4d8bf95360b5fab6ff7a51581af5c16',5,'62QtbsnKy9lEWM5BMbS1',4736.00,'TltYYrGPQMEjjqKHB8Ln',19,'OImD5HzN0NI4vvof2pJI',0,0,'QfnwFuU2CCgS49bjEMdx',NULL,NULL,NULL,NULL,NULL,NULL,4,'gXSmSEMs4TE9ydKwpw5sPC9LKpLik1qdess6kBcq','80762074','DYPXjfZuAr@AunGVBS8d0.MtY','http://asrCi6dTIe.9NSUNeh3ay.1kN','2022-02-24 14:38:52',1,'2022-02-24 14:38:52','2022-02-24 14:38:52'),(375,'5fb19f95591f0995853829f5b04111bc',2,'A84ZObsJGjRKtf2TrM79',4045.00,'wYGDMv30XB8jPTCQ3tD9',11,'ua2wp3tazXptdsLTu5NI',0,0,'Ao8SC08HSqsyBdNVaVLb',NULL,NULL,NULL,NULL,NULL,NULL,1,'APhmOXJsktkd3wwi0vzHKwYBna0jzQfj6Rg1GFxz','74024619','odEntRX5Hv@76rVKALw1f.mv0','http://vMwCqRSQgX.PmPh1HqM4v.a8m','2022-02-24 14:38:52',1,'2022-02-24 14:38:52','2022-02-24 14:38:52'),(376,'f6ad9cda0d84e55cb2a7811dfb346543',4,'ko0QPh9fBfl3NCCtKYag',4602.00,'ia1JrozHACB3TpGBH0dO',24,'tH2x4B5uD9P0SAx2O8ED',0,1,'aBhNg6xP6QcjaSZJGd0U',NULL,NULL,NULL,NULL,NULL,NULL,3,'kXNeAQfhWJtsJiiAohl6a5nHlk1tkRvboZOg1DLM','60346370','whS1tirg1C@98DjimGo44.plW','http://7QjcnMO6Ix.d5Yrqq84Ve.1PI','2022-02-24 14:38:52',1,'2022-02-24 14:38:52','2022-02-24 14:38:52'),(377,'ee02938e2d78b5698036445c0f2029a1',9,'59dmqgaa8oca3nMKBsmu',4889.00,'py0SxPp4ECC4pZoc2Ty5',24,'aA0iHzVJii0fP66UvxVL',1,0,'1R1TzSdR05a3KkKT61EY',NULL,NULL,NULL,NULL,NULL,NULL,2,'MpZlfbDom3F6m6AfBgmSqjyFiq6obMlOy2txqYUl','50099580','kuV3qHPrcb@B0NaZweeVv.VhR','http://A1J7tH9Myg.b6qTvsW0pK.ous','2022-02-24 14:38:52',1,'2022-02-24 14:38:52','2022-02-24 14:38:52'),(378,'97cf70dd148c18cb8814aa18ad0eaafd',1,'KXDRCV3VGebFjWvosipA',2850.00,'Z39TMUB6xEjqbiopC8sP',10,'7ROmFI7yHl86tNEigtXd',1,0,'azescfj3UllOJEJjTV0l',NULL,NULL,NULL,NULL,NULL,NULL,2,'xzk2IgPNIAfoDJ4MSKry6LHHdVVLp7HsNyxlJdJW','48248990','m53yFXxOYf@oDWvDJRAXw.ccq','http://y1dOMajbpv.LM7POP1Dhd.3wo','2022-02-24 14:38:52',1,'2022-02-24 14:38:52','2022-02-24 14:38:52'),(379,'53eaa1790b83e6496446117c48595884',6,'rNeZtd4gIdn46BjzindH',2157.00,'v55TumARYv66AcujxIqs',6,'ddsvZMQ16deSmfjPLkEd',0,0,'oG3TGrNIXH3Mt1HudyXM',NULL,NULL,NULL,NULL,NULL,NULL,3,'2icrehhSg0dF7NIGsgoAY0pkTgedOiMRgRKQiKQO','56961705','WOPUhfzo4K@glBc6hMe5S.4vC','http://QPp80q7P6k.1RiUbVX7ER.S9b','2022-02-24 14:38:52',1,'2022-02-24 14:38:52','2022-02-24 14:38:52'),(380,'4549dd8e7989c9bcf86a2dd593935690',2,'VpDD4onJ4XjVNh04o7yy',3190.00,'hTDNsOg9aJM7EwvcVkHx',22,'sWzQ5WfEJ4nRQkTlP83U',0,0,'SehiqWidhXlxaKUtFmcO',NULL,NULL,NULL,NULL,NULL,NULL,1,'40ruYKRSMoWF4Az6qLd5cfJANgDPZCgMnDtpOy8v','35481308','jbgjhtuB5r@ky6wLqZjrs.LSl','http://O3NidRzkY4.EDrblajHHV.Ghh','2022-02-24 14:38:52',1,'2022-02-24 14:38:52','2022-02-24 14:38:52'),(381,'3b699daeef6fe4c4551506c56a85b9db',3,'upn4cs7Pr4Izb6QqAIjQ',2999.00,'yI1WUxZ6LaWzNu1Nxbw1',26,'eNxArqhaw4Imgi0B8kBw',0,0,'3DCSxR9O30c5C13yLBkx',NULL,NULL,NULL,NULL,NULL,NULL,2,'aks8eDZNCABH0jn7Dt61Xh11iU8NQpvmW7UMHzmP','18444479','YmIYGqu95S@l8G8pVPnrP.led','http://Iyi2vWe5nX.JQnFZBc9QZ.8Qr','2022-02-24 14:38:52',1,'2022-02-24 14:38:52','2022-02-24 14:38:52'),(382,'ec03bec6efe7f01a0aa93064f049e4fb',1,'Quj4gZp27AzCbtnsNdQc',1869.00,'fLbdXuWq4NlAI6oButSJ',6,'EGY1ayV7gm5xFhku8ISa',1,0,'jy4U6PwhRWWkVafKOeWC',NULL,NULL,NULL,NULL,NULL,NULL,1,'8qNRHQXco0zs61W0MDqfpoUm98SLf7pWPtWH9Oeh','70828456','8VbdkoIduT@GVNDJea4tb.7NN','http://ali4suFSbr.DALraadklw.L3z','2022-02-24 14:38:52',1,'2022-02-24 14:38:52','2022-02-24 14:38:52'),(383,'123a86e28e717f915ef529efaad24f5b',5,'K5b6Jav44TEWsqM1qDYM',3168.00,'zyiVBfBsugZQqG53RgRS',3,'gbTkc8JROJH7S7t4AUHG',0,0,'zBLv8NqyK46Q7XrdyiyN',NULL,NULL,NULL,NULL,NULL,NULL,3,'vDS6yTaxZ4hBVeSJE9siQARqlOGCvPJPtctvWoIH','50346078','1596Iq60ch@aYm4aI6Lzb.VaR','http://hvA55DQGHA.jEIqwsqKXr.ndS','2022-02-24 14:38:52',1,'2022-02-24 14:38:52','2022-02-24 14:38:52'),(384,'199f762802d52cb31bf8b82d02dd7e84',5,'u1Iw5yThYV1UQLmiCqBV',1442.00,'kiQ3ui9tHbLfonHO0WXl',25,'rKtdodXmyrVKwsXrpbOc',0,0,'JjgFztNgLz8fdFpu1MqY',NULL,NULL,NULL,NULL,NULL,NULL,2,'Cqb5uAjEZa41Z8pvXpp3CtRlVDinbUDcYrqi6bPw','32497611','NTeCjVeUdW@eZ3wK4cpnI.Gak','http://3UYlrQyXtD.hgQA5V4ReM.a6o','2022-02-24 14:38:52',1,'2022-02-24 14:38:52','2022-02-24 14:38:52'),(385,'c30ad3ed217febdbf6bc287221a4bd28',2,'BPJkmsHmbPLUnqCBjlV3',1852.00,'FBBQv7BdvGjOOp3qpqEn',15,'cSpv13AfsvtR5Tix9rus',1,0,'7ol9L9gkS2lEIdJczkKf',NULL,NULL,NULL,NULL,NULL,NULL,3,'G0cKbpyrs4syRUoBQ4juz8XnSv8TVfsXRjSiFifa','25055302','vUaYR3xfhQ@ipyoomDNZT.lkj','http://OqdK41VK3b.fXwAFhyxYU.WUQ','2022-02-24 14:38:52',1,'2022-02-24 14:38:52','2022-02-24 14:38:52'),(386,'0a91f96e5f2814e4b9e0fe77e218f3a0',7,'XT974yc4chC11eZlaSgn',2457.00,'op9vq6mDG9wxcS2Fxw8q',6,'1GtaybVUhhq2V0dFRBtI',0,1,'xa1vSBmSiNgZnRUEDUog',NULL,NULL,NULL,NULL,NULL,NULL,4,'DCYPEfb3Oe0ozwdx1al4q5A2QfwtKLFKGTsrkSmc','60094587','WU2uWROotp@JGhzLaunEb.ByT','http://u7Mwtmf2Br.slNTLtPBmX.Gqn','2022-02-24 14:38:52',1,'2022-02-24 14:38:52','2022-02-24 14:38:52'),(387,'4358cb01f5880863d09b7c36b0c99883',9,'si884ANpQRpG6rnuU3Ya',1689.00,'sCyS3qQHksGTeMnSf7sg',20,'JFdb6k5IslGoAYZ7kbrP',0,1,'IJM5L0N1BpAyHaUkCJuE',NULL,NULL,NULL,NULL,NULL,NULL,1,'k65O5JWz3YHktd07NA0YnjMVKivytLPwFWIAoe72','53218796','FZUVanXkz3@s1YdrEwm1y.23O','http://THSHKU8fDj.5EdCfZEiZo.ARh','2022-02-24 14:38:52',1,'2022-02-24 14:38:52','2022-02-24 14:38:52'),(388,'d2e3a2ed08dcf1130570e6134464fd2e',4,'EAC11SiiGN8bi91ln9U5',3804.00,'hy0lr5bocWei31fTdO0S',1,'NZIuggVJTQqxRyo9pfK5',0,0,'5lzF2ssKxrKWtJpr0TyV',NULL,NULL,NULL,NULL,NULL,NULL,2,'2QyYLPSuY2yCASj5gRDXexFI5sxZJB348jTY48AE','74163587','85Skv8ScQj@mlxrwW6WBp.44k','http://M750yStWfO.GPTphmozSv.xC8','2022-02-24 14:38:52',1,'2022-02-24 14:38:52','2022-02-24 14:38:52'),(389,'7f2f2c74a7ac625a3e94db29f84c76b2',1,'d27vS3wEdnLWUNokDhMU',4783.00,'yGV4kbC4rHKUjAYiKiDf',26,'C5cDmefLXEvdHpIB18DF',0,1,'oCuaYMEQaoTkvOpcB1II',NULL,NULL,NULL,NULL,NULL,NULL,1,'zlvFkotqHV3U4vZadVPUFn0NJHGDgBrB1DmlUSxd','24544332','wJgeXjWe8l@bCWbjVceOx.vdH','http://adAjEZubAX.iJYIeWbkgM.BPM','2022-02-24 14:38:52',1,'2022-02-24 14:38:52','2022-02-24 14:38:52'),(390,'603ca379f551b6ff4ac16063d32aaa30',2,'nJ05RSaxkf0MkksFAo5H',3132.00,'wYUyBpVf0txHEQmCiysz',20,'QCn5iTfWQPIyjCEjmzLn',0,1,'5YdsC5CIhEacc2tDy4Vg',NULL,NULL,NULL,NULL,NULL,NULL,4,'pvoFpO8UMfsZMFPleRCmWMcQVaviXFVwQ8jwnl4I','36197695','1hCkYa7rXD@zVYS4csuLL.LwM','http://4CGIzwU2of.ipZ8jX0F60.D72','2022-02-24 14:38:52',1,'2022-02-24 14:38:52','2022-02-24 14:38:52'),(391,'468a5456174215915dff3db47c09bf16',5,'fFPRJvh9pHI7qhwRqszR',2522.00,'JHwqukqPhRNNCjnzwunt',9,'v2BzEWs7vhSNhyjT1eR5',0,1,'pXiHaGdJ6s7n6rVaco3t',NULL,NULL,NULL,NULL,NULL,NULL,3,'3LxAoE4w3Sxp0pcj9BW7xnEIyNh4KJTjZQur3wKF','67907591','N8r3NMb2en@joRmTvhTO1.ZDU','http://8uBCsZlgDX.fDfAHbCsdF.lb3','2022-02-24 14:38:52',1,'2022-02-24 14:38:52','2022-02-24 14:38:52'),(392,'34ba5cc17e404ccbc53b15aa4d51c978',3,'zXgfANueQFmADvEFS1Cs',4464.00,'KZ9BrLlEuqpE3cC4XUFS',6,'jHABUKxZB9cxU3xScikJ',1,1,'HZDCsf9jRTRa22mzE5iO',NULL,NULL,NULL,NULL,NULL,NULL,2,'71HkQojbScFYJuIGALSsIFTGX5QHWSIR6rVFOf6T','92386219','5JrgfTMEXV@sAEHmgccL9.jll','http://LlF90WVVy6.0M9QV6lg7C.LIy','2022-02-24 14:38:52',1,'2022-02-24 14:38:52','2022-02-24 14:38:52'),(393,'bb60ee7b1edfec3a1d30c90be6bea350',4,'1I4HXKZ3ul7tysN2XYTC',1642.00,'w7vgqwle5vyavTyMnBpO',5,'x0Jl2y5KXRly5JKTzLIn',0,1,'iV5SsxYlMq09epPgvvSt',NULL,NULL,NULL,NULL,NULL,NULL,3,'GllYd2HKDIyfHmqBEKi9n4Ta2jY6HG1LskATQdak','22675503','TZvnooUV07@GagnW6N46v.XgV','http://imoiYTMzF8.QlzTUdOhJN.nyQ','2022-02-24 14:38:52',1,'2022-02-24 14:38:52','2022-02-24 14:38:52'),(394,'22ce3be9473b11c41000c63d798ab241',5,'11Mx0d6rckO1PB9Srx9e',2071.00,'Hijjyd3SPHFG6Y8JJfR3',24,'9gNjZazH9W3jld7ihemP',0,0,'m0FjgLxPRHy6Irc4GyYz',NULL,NULL,NULL,NULL,NULL,NULL,1,'nFwrI60PwNrQbpu8P4TDamOQNKkcFe214aeUgK4S','46339838','1Sw1cTbVC4@OrI51Dpnq1.kpK','http://a1xXjwQB2u.FPBJ1mbKYM.FQ1','2022-02-24 14:38:52',1,'2022-02-24 14:38:52','2022-02-24 14:38:52'),(395,'bdf5520d24e2ff0b0d297567889ebf84',5,'6Ta59VI87Yk7hjcGKS6Y',3409.00,'WlRe9cbW7NhgvrKvfX3f',3,'z7S42Yvh8d1KpV8vpF8Y',1,1,'8LkTTxM6fW2QkRsqfGv7',NULL,NULL,NULL,NULL,NULL,NULL,1,'7ggnwybE5SCoHPYBerJCp4PYkP2jZN6I7lvpAkFh','80636484','gqRr6RBnNj@cHJyy9SFfL.GHt','http://d0M1yRvzT3.0cXOiwqMQG.FIH','2022-02-24 14:38:52',1,'2022-02-24 14:38:52','2022-02-24 14:38:52'),(396,'ab243f29fd0b13f4447c8d867244e1e1',3,'7mcuqUVBGmrkbWGN7gck',1831.00,'2IYkH1mVHOgM10xf5Swq',6,'lFr9jKDSslqx3MlOptEP',1,0,'ZCnhY79RUa4KqzysQ5Z9',NULL,NULL,NULL,NULL,NULL,NULL,1,'jCM7pDKqCvL3TdczTKM8BmfKoV9SQMbdbFoEfotF','54596297','38632th6rM@LYScQkZYN1.fNg','http://qj3JrCR6Xs.cpeCIWVKrM.7KA','2022-02-24 14:38:52',1,'2022-02-24 14:38:52','2022-02-24 14:38:52'),(397,'b60fefd12162e8267fbd06480953f070',6,'zjVTjGUibFvT5q8VjWv5',2598.00,'jmUeCbHFYBkEBm1TD7sl',5,'zRPEX6Z19l7DwqBORf9V',0,0,'cQeAz1Kha5P8Qya1LYCt',NULL,NULL,NULL,NULL,NULL,NULL,2,'uTBU5FcVuOnAljSFnKdzjQV4d8qXMaXk4Sjp9st6','97126722','LD0oc9ndg2@BfLn9fJdzm.QCe','http://e1gunG2M5Z.nfWj6Ryg6w.L2t','2022-02-24 14:38:52',1,'2022-02-24 14:38:52','2022-02-24 14:38:52'),(398,'c098633e499c76d673d47c8ee7b58fa2',7,'PrlALBHSe1Oycs6xLfw7',3049.00,'sXx4rGgwCLI4deydxRzB',4,'DO5Eq9okQXfp4UrPeqvI',0,0,'UNdCaWwpZM4f6fc5wTDm',NULL,NULL,NULL,NULL,NULL,NULL,2,'8lq3vIrGLkIyjGtK1sT50EncHhUEXqOUWon3eGEc','59565332','ve4ttrucqT@NxdzCADDbN.Zin','http://topO75Ds2O.aNmuSy717v.1HU','2022-02-24 14:38:52',1,'2022-02-24 14:38:52','2022-02-24 14:38:52'),(399,'26d84e3aba88745a08684c4c9d5eb849',1,'lk9OLZa9vMWFF3QRvT9Z',2594.00,'Bh5XyCqi3CAHYbP5BjNp',11,'7joiFiysOLGJeKVjpEab',0,1,'NjzMQF4DO3Hf8e6JG26b',NULL,NULL,NULL,NULL,NULL,NULL,3,'mJMMZWLBBpJb69EcsY0iZfczGJIuFCzuwNNv1Yoe','76923412','2wqOQBmKPQ@gO3NE5WmhN.LKt','http://DWgLIsFuwG.ZKk6jFWftl.sDD','2022-02-24 14:38:52',1,'2022-02-24 14:38:52','2022-02-24 14:38:52'),(400,'54f155bd141669ee69037f1110b5032e',9,'7lhiylM11UPp6SEOxS2x',2994.00,'V51SV10kDwLHGlBm3urH',12,'jrU2CaS7502jnebA7bTO',1,0,'LCugObA6ix244wFz4gDb',NULL,NULL,NULL,NULL,NULL,NULL,4,'fDJejcwngOoNjdY5ExXoLYAwVbqJO9MICLtMIpGJ','22109057','bJop0wpOox@PfiF3CfTo5.8mt','http://R2u7YR83uz.os5qWOWUrZ.68j','2022-02-24 14:38:52',1,'2022-02-24 14:38:52','2022-02-24 14:38:52'),(401,'3a0472b156c610dd7d902938f7e1754b',7,'J0QbxYZJyqc9SOQ8qFkw',4805.00,'sHTYmoFswtRR7ypK4dKz',9,'S72BPp7n85kNvEymGFh1',0,0,'exbXvTlO1lL6RbmsZvxX',NULL,NULL,NULL,NULL,NULL,NULL,2,'moGbSIUGZBAqI2oDuu8qKIatFSrSYPajmQkGYEEV','54535731','r363pbOj6T@2Z7AyoqBCk.psJ','http://WwcLY65cZg.RSEO1llaPC.hto','2022-02-24 14:38:52',1,'2022-02-24 14:38:52','2022-02-24 14:38:52'),(402,'117b0f0ab5aa069a49d2f91119a0f3a4',6,'SCD51wwYkjiKQxdKnKrF',4095.00,'fVr0clVPXouah8m0IFUR',14,'7A79I1V0iJc1V5ot0FFC',0,1,'gBqjB2imU75b9ctVWSGM',NULL,NULL,NULL,NULL,NULL,NULL,4,'8wddNkYskSoDIpB4gqN81NYaz4Dl9HMoJKxpbcPi','89441875','5KvP7IdTWp@sTs3MIGYHQ.Nu2','http://t3kekJsG3g.jDuq6KyTEk.AiE','2022-02-24 14:38:52',1,'2022-02-24 14:38:52','2022-02-24 14:38:52'),(403,'551b58770990fe268c05fa33a5ff034e',5,'8VHKnhUk9BdIinR0uRj0',2255.00,'cVOdqTONteeRptzMPPxH',12,'rLa2bxC5tfisuNIYYyrg',1,1,'pGMtiWUNfWqQzQEBEQtf',NULL,NULL,NULL,NULL,NULL,NULL,4,'QdB54dFoP2WG6Syd8QI2VK8DYJ9I5ONTyiF2bnO1','88535332','W7Wls9vzcS@7ZgBrdibKE.ST7','http://VOeextJoLU.wJp4j5TSa0.aEE','2022-02-24 14:38:52',1,'2022-02-24 14:38:52','2022-02-24 14:38:52'),(404,'bc9b8f204c725c7b7fadbae920b994dd',2,'M9v5geE5ad3s6hjEqPd8',1427.00,'ldKqR7aexztP4N8BAR4e',25,'LjWH5PpyXG4OWIoC5K6I',1,1,'dGwr5tNrtjQ2z8pFz1Nj',NULL,NULL,NULL,NULL,NULL,NULL,3,'nhYQ13xDEDWDtJwuEXg2ETJT4vRSeozFTnAfSL2z','15676214','MQBbHZXag7@m7l0xwf7En.7m0','http://vTRq3QreFf.3GHc3U9yRZ.abC','2022-02-24 14:38:52',1,'2022-02-24 14:38:52','2022-02-24 14:38:52'),(405,'d74393d5e2b06414bce1bd5d958d3714',8,'QhIokLjbz2TNZbyJyLmI',2261.00,'o5u3PURlPfW4kUdDgKze',3,'AQgbqQ0qYmhaQhJZ1Gh9',1,0,'9dZMxZ4OLz8DOoqXkUjR',NULL,NULL,NULL,NULL,NULL,NULL,2,'j8rYK6QtmSmhAtAKawRqM4Za6cvqL1dkf4CyzULU','34460342','fOYijLy8G1@CYBJbfzutr.fLy','http://saIwQbX5FU.WF3lzy916j.9Nw','2022-02-24 14:38:52',1,'2022-02-24 14:38:52','2022-02-24 14:38:52'),(406,'b3f6a35bad5f20a2e13eceb6bdea04eb',8,'N9DPQzZd9iGrWEEb2vRg',4757.00,'HSBgNoWp2VGbearGgOJF',1,'lH1qGjLZMLPEQgRrtP9L',0,1,'sginqtzkm27FEjbegsqw',NULL,NULL,NULL,NULL,NULL,NULL,4,'E1WfLlg4C6gv4pbj9qWwHCPpDTmMuUhQPuFXQcaN','74460904','mvXGE27Fjk@rIgVzW0VqP.kez','http://OAJjsI3ve7.l6olWpiLbi.6o8','2022-02-24 14:38:52',1,'2022-02-24 14:38:52','2022-02-24 14:38:52'),(407,'2ad76c42a1506a92abcd9b0d863018e5',5,'IbS2LnsLppWHOiZEVLxf',4057.00,'sSQtdFge9ZsnoPwrC7Ik',21,'I6Bhtx9AdP315Z2Za8R5',0,0,'bd10hv2E59ux07aCIRpF',NULL,NULL,NULL,NULL,NULL,NULL,3,'sTu8WxWA0WlXuKVsp3Y6bSWzKPj9ld8baa9o5tIw','31631692','2xMVz3Ku4f@TqazTUMZy3.REM','http://nDBxg7D4XD.cSUjA3zI2Z.NgF','2022-02-24 14:38:52',1,'2022-02-24 14:38:52','2022-02-24 14:38:52'),(408,'305969d9b2a27efccd0cdc554f6f922c',5,'OpMw3vTTdRZoHFCEIiSs',4306.00,'fRkCMTQIARO0q4R8qDXP',21,'mjEsolCT48Kq4gTKc9ll',1,0,'oyTdiX7ksbKS80ozJesn',NULL,NULL,NULL,NULL,NULL,NULL,4,'ojK9Bgpe3TD7Kz2xL7MZq4M6pkZnVeyvuGKpCrJw','60666361','jTNKIEiLIi@QG9t4X8d79.n8y','http://i6NMAkCnep.IMAgTcOk4b.HIc','2022-02-24 14:38:52',1,'2022-02-24 14:38:52','2022-02-24 14:38:52'),(409,'aefdb9db9207a815133384f781cac3e5',6,'hKIlTOSgD3VqQMIWZ3Jk',4271.00,'SnSKdFq9vWZAttE6YX1F',27,'omsqV81zKt7uWlUtjBJo',1,1,'semM8YlNjj2mp5bwVAOt',NULL,NULL,NULL,NULL,NULL,NULL,3,'2nQDOmTMGebl37Cobb1JKnatUP2U25e7ormliBtf','91416979','LQFtLPPwLl@bj9pWuecoH.0LR','http://VtDiq4WVnG.gUKtSVahts.yy4','2022-02-24 14:38:52',1,'2022-02-24 14:38:52','2022-02-24 14:38:52'),(410,'35ad007d9690e378171d1ec98bba471f',3,'1jGIBj7oJDH71BVwdjQK',2301.00,'a30mHDglZSNIFaS3ZJ9t',14,'B9ppQzyM32qbwGMG3Rj3',0,1,'nEhNWEfuEtnVJPjedtcW',NULL,NULL,NULL,NULL,NULL,NULL,3,'O2UXNFdXQSbn3ZypRmMSAcFWkjbh6eGiJ2FZAjC6','55207769','4vJ6vefwt0@v0xviLnjmn.nwA','http://Ck5xvRaryk.dUS7hwl0so.d4v','2022-02-24 14:38:52',1,'2022-02-24 14:38:52','2022-02-24 14:38:52'),(411,'413c3bec9570d09439e08f7eba4961f6',6,'0v6bGpb0R0p4BkqA61jr',4941.00,'FBUqWuRs9fIB15fr7n61',17,'fUlQsy97LHrkLpv6Nwb5',1,0,'vLgcSXRq3JhyZD31waCg',NULL,NULL,NULL,NULL,NULL,NULL,4,'zHqJGFCfa2JtaQLZgAm11zEhEXSctdgqxDd5jFAN','24534474','9ILaOCBG7J@M2xDh7o7zn.66E','http://JpBpM01smV.m346XLGVs1.PMW','2022-02-24 14:38:52',1,'2022-02-24 14:38:52','2022-02-24 14:38:52'),(412,'0134b73fca669beda07441de22e12676',8,'Mlg3XXHCilebNHdlpY1j',3955.00,'wkw42eiqc5r8tvNYxF2q',4,'L1PsiG6QtNN1LK5fOx3R',1,1,'UsY8grigUL7h93Cp0Qld',NULL,NULL,NULL,NULL,NULL,NULL,3,'MJFbf454TfVA07RbJFrVWZxCg28fyV71VpwTfODK','73138095','U6A1K99U0h@60Rc1tc94K.46A','http://plCtdOR9vA.rage0y4qkA.LNS','2022-02-24 14:38:52',1,'2022-02-24 14:38:52','2022-02-24 14:38:52'),(413,'f01e912987e6fc0723b036ef31ca5dbc',7,'Sq9pAajrkVWg4SvMMGN0',1737.00,'Lx0FieOZmcndvQWGlskI',2,'KwJ30ScfHaIX32vZ0bGL',1,0,'L4JhuX5REKt1LBeudHLT',NULL,NULL,NULL,NULL,NULL,NULL,4,'lJ0HdgLTOC6TkLG70eSAWG9nrcWxrmyEHnBBEFZK','16017260','bhVt1o8oeX@MAFdqyj9DA.b9h','http://D7oJ1TAZNZ.SRDi0aoaZW.hHQ','2022-02-24 14:38:52',1,'2022-02-24 14:38:52','2022-02-24 14:38:52'),(414,'d12222ec41bc23b33b7b8bb8364b39f1',1,'Iz1RlWCPcoyeUScsZZnm',4521.00,'YNboHBRrXtq6D2KLRdUh',5,'G8tLym4xLFRrlOjIIURf',0,1,'pLi0ge3ggSd3F3hAikKw',NULL,NULL,NULL,NULL,NULL,NULL,2,'PZy3cBa1YPY7BloqCzcw4D58aK6JFV6EJ5KmGRsR','86830446','5N10APL7Lt@UFnwtC2a1W.Kbh','http://k0fw1PR9sZ.vFQU7Th8qQ.1ER','2022-02-24 14:38:52',1,'2022-02-24 14:38:52','2022-02-24 14:38:52'),(415,'2413c603d71db45212bdd279b90896ef',2,'0dfxZymnmhIvNIQbiMYO',3241.00,'HKyMxGniQ7CxTFpLHVWz',24,'hXhbGVg6vDVt9kpRvvP9',1,0,'B6ImpP37hJWhA5bj3KOv',NULL,NULL,NULL,NULL,NULL,NULL,3,'7LBsTlcJohs8XA2WhdWDeRSqruq2IVR2qhAtrJTk','56055752','zOZv4q3lOZ@jODrikexJa.sWs','http://aMZ63sapA0.ofGrdpFlp6.ljf','2022-02-24 14:38:52',1,'2022-02-24 14:38:52','2022-02-24 14:38:52'),(416,'642cf841b006703b3e0d765a5fc12e31',8,'hRMkwTA4ZYv2BuWqUo2o',1113.00,'QsHvyCbohShhiv4k9ZTc',7,'5WGf6SnVntfngoWijN2l',0,1,'6hn5570FTas5Pz5BQTEu',NULL,NULL,NULL,NULL,NULL,NULL,1,'qFh9sz62X5pUkFMqIbT6HqhVQaK6IAkeor6BW6r9','14612652','yku4IfR19N@iYdTi4wd60.L9M','http://MhSCIt4paK.IySEfuooUL.xrV','2022-02-24 14:38:52',1,'2022-02-24 14:38:52','2022-02-24 14:38:52'),(417,'c5a133b47c3c560d8a22a37b7582893e',8,'WVeGWxISfG5Nu6GhiGe5',2195.00,'C84g9HG7ZWNTvSwHK5j4',15,'AJglVgKK5aU0YbvRM4Hx',1,1,'8TUYxJmjfCr0mM7za1qa',NULL,NULL,NULL,NULL,NULL,NULL,1,'ANyMy3ZviWTH7bjZtvkHrSBmD6sZ7g5qAbHeDC9U','44441258','NwWSyI45c3@JFIUHKVX8r.TK7','http://55HL9N27a7.8f0lAGhQBK.wwP','2022-02-24 14:38:52',1,'2022-02-24 14:38:52','2022-02-24 14:38:52'),(418,'c433c4ac9dd2cd6f182420e97c5d957d',4,'xsXHAxbVQNTPjEwOvApI',1392.00,'Wore7CtpzOKI1q7RTmlV',23,'c5rRqFqSjbQfh5fvmGw2',1,1,'KWM46l3V7DhjH6hdLHtU',NULL,NULL,NULL,NULL,NULL,NULL,2,'UFpKbMcdV8pLBZuLWhrDhwzRxqCG9k0MoyiHaRCT','36413530','xxp94p0n4n@iBF7hlrpXK.YYv','http://DWo4RYjMmR.UiizQsSjdY.f8h','2022-02-24 14:38:52',1,'2022-02-24 14:38:52','2022-02-24 14:38:52'),(419,'d561f0fb97af1070c56add113910d8a9',5,'PimVhyNqOX9qCJIb70co',3724.00,'9M3VPzlkHqjlBFhFMIKK',11,'9BXThjnB9WUuLrQneHUa',1,0,'b2FoZEBingCx2GnxlZYI',NULL,NULL,NULL,NULL,NULL,NULL,2,'hynSMIrRcFYhttD3h36lpmQYZ8FpWANNFg97oUoB','90252691','3fvlGgg2d0@fSdZMmNv8n.VFj','http://3b8LNMQwLU.p51lMc8GlV.lnp','2022-02-24 14:38:52',1,'2022-02-24 14:38:52','2022-02-24 14:38:52'),(420,'c917117bf9f9f963e66cfb035f7b6571',6,'agkE0nvUqMYm1v8kWQdm',1702.00,'nrC4zfTKzVDnXWQABE3a',27,'grr46Kt62CTs34Kim5wA',0,0,'JkhbgwEnHr9R7cMRH6Q8',NULL,NULL,NULL,NULL,NULL,NULL,2,'C4tNwENa5vnJ8cAhGLPF2wnBRvrt2a1tyWbVAjpq','25006864','lMmPOfWMvM@iqmr8Y7DkD.XFM','http://lxbDuuo6Hn.BFC6kN4XO6.9nD','2022-02-24 14:38:52',1,'2022-02-24 14:38:52','2022-02-24 14:38:52'),(421,'548901b1cf464517da7123f377ab7966',5,'g9zdbgrwM5xTove8r42E',1607.00,'dndd9am2nPPkRt0Li5he',2,'JUPGFqAI0Kc9hIBU3u1d',0,0,'6bOq0gOpnp9i3cztXJ9a',NULL,NULL,NULL,NULL,NULL,NULL,2,'NBwrJAAEf9hofgMraey2ghBvwR8oM0dTE0nSSB83','96571754','4Uz4AwRsSR@JATKoEVrs3.Duz','http://4GUM5zXQao.s0sQUXsHOm.rNx','2022-02-24 14:38:52',1,'2022-02-24 14:38:52','2022-02-24 14:38:52'),(422,'770caf6b503dafb7e80c044772c9abe4',1,'euGVgrbCxA3bAt7NxEDF',2083.00,'0YwOXyGD1ZtfxVzm1bKk',23,'bvXzsYpoIdlEb8nj9X5C',0,0,'Zy95GcTlUaywNuLULzwU',NULL,NULL,NULL,NULL,NULL,NULL,4,'rvaeMdc1jJaGoOgw9fEGjAAtTVsIhg5N7tUEsd1E','35896770','XjjUZAwjG5@EO06sLL4Ka.XDq','http://VCyuDGSbys.9sXJnHbun1.hOt','2022-02-24 14:38:52',1,'2022-02-24 14:38:52','2022-02-24 14:38:52'),(423,'eef3e917e2d35159a59b959766ee0eea',1,'JTUtYUr0EQ0zbibMixUo',3635.00,'51fxlIqCGUGIaxfocL3h',17,'9sy5FmyF6xI80tVHw7ru',1,0,'3DkVaDwwwF3rkH9rW8ix',NULL,NULL,NULL,NULL,NULL,NULL,1,'HLUMmQRrRUFBvZRuQWfiyeo5sBZ8WaNzoJeJh6C5','42336249','BL4fAFPcQb@6xScf7rkEv.O6v','http://5QZUuoE88m.xctXadJkrH.zba','2022-02-24 14:38:52',1,'2022-02-24 14:38:52','2022-02-24 14:38:52'),(424,'777b05e2704a17cd01a82dc413e76de9',7,'7y2in8gnF9FTk57uzjq8',2417.00,'kofBl8yTYy3BaeCl5qji',17,'2MZckD4Wq4tygElHWbNf',1,0,'DaRtIdL1SLMgHgDh9gfi',NULL,NULL,NULL,NULL,NULL,NULL,1,'bsnFUFe2IziO60j9yZhaO7WiNsvhLUL221ROsCYi','78936491','q1aZraNgVo@cGFs0LRzHp.U2C','http://ql7WnZ8Xex.icV1FAEbuQ.a2b','2022-02-24 14:38:52',1,'2022-02-24 14:38:52','2022-02-24 14:38:52'),(425,'8bc43b9be67097e7a211774d37518f79',5,'B130zahxxRuMfzicbEQ2',3599.00,'Bw6Z6IlPFDQqzWZD1E4Y',27,'rcJ2el19XZ5LaXroufWQ',1,1,'5MjI7CLiorRtCJwmqowQ',NULL,NULL,NULL,NULL,NULL,NULL,4,'7EriI3cdPfopybRhAaZOrXKTC7cAJF0soTlFhOk0','74544824','2AAzfX1jZ4@3aM1HrY4fS.pVN','http://JWMw6ITRJM.Z4y4wqHkxI.fH7','2022-02-24 14:38:52',1,'2022-02-24 14:38:52','2022-02-24 14:38:52'),(426,'6cd8973f3503182cb59bc9f916fd5ceb',5,'JvljmfCe9OozyGf6XQys',2908.00,'6KpgUsOjxTIBAiyGwF0i',20,'WrifJUMvIBamyOyvEygd',0,1,'uC6ptTWA7Xxt7Eg3dwvp',NULL,NULL,NULL,NULL,NULL,NULL,2,'XHf6JGTq37H4S0ATrbudI1RubdIBZIaTvPBJaLMO','44167661','wVuesXnocs@OtXLkuPXvF.qrE','http://tCbCSGFipn.rZrZn0INO4.jUg','2022-02-24 14:38:52',1,'2022-02-24 14:38:52','2022-02-24 14:38:52'),(427,'5cdf74011274388592032789135d968d',2,'Atn8v6vUYCNSvJscEVtp',3164.00,'jllxX62GmOrT14fpDAYS',21,'3mJfBaCNAH4bOqjl8q5r',1,1,'oSeiCieGx0LFKnpJ805t',NULL,NULL,NULL,NULL,NULL,NULL,3,'M0tAeVDsDzjAMQL3udO5nZ5akhGC3FBQDgOpK76Q','75705660','hNzruhH4rC@eDJHs9Dbjw.72E','http://e9mtRGcUh1.H2NIhsnuBQ.Kvj','2022-02-24 14:38:52',1,'2022-02-24 14:38:52','2022-02-24 14:38:52'),(428,'82e94a82e21bc7f92eef721b4e97764b',2,'ijL7rjg5DqGi0Yaj9lpT',2877.00,'Ck6OFMCbmXacgPnbHCwS',3,'h5hnRQtUcBHAnZAhKJxK',1,1,'oZuxQautaTAXjvuz9zjy',NULL,NULL,NULL,NULL,NULL,NULL,3,'KeRs2bqmCpJXQ16QhbPSRTOV0ACJcp71TCue7bET','62967884','XuytD5LKk2@0k0eD6iRSk.D4m','http://W1XSN0oyJn.MpHPdGnHS9.t6J','2022-02-24 14:38:52',1,'2022-02-24 14:38:52','2022-02-24 14:38:52'),(429,'90fc2ec86f3d6625b2288b18c405c1b6',5,'rgTxrDRk01BieQ0KErxG',2252.00,'lI0Zp0gHccBrSaAU35XC',1,'7B2sZXJQeqcKW259SRXm',0,0,'MnfuyFoCLuuc1w9p2hHQ',NULL,NULL,NULL,NULL,NULL,NULL,1,'UbMy5D39nzoUBBtTX5akSs61Cj5tZsClm4hpBPBt','91020896','lJdyxWtHPj@nsmH3OQO9W.cX6','http://hUwvozArDa.WvyY5kzEtx.86s','2022-02-24 14:38:52',1,'2022-02-24 14:38:52','2022-02-24 14:38:52'),(430,'d129c004f1f3f6aca2e1492aaa25921f',6,'HPxqwGPuNcbV5yBEV7nE',4307.00,'LXuKMMBE239Yd55aBBoy',15,'F2Epc8K22OZXQXslqMeD',1,1,'joRFBcHPZIdwSJpTXAS7',NULL,NULL,NULL,NULL,NULL,NULL,1,'SJK1heCaL8295B7QAnOMj6kO0GaprODbud190Win','95424827','1Qy0iR2WsO@72ivTEqko7.Sf8','http://Nedu0LoUz7.CcWEe6baHt.yvo','2022-02-24 14:38:52',1,'2022-02-24 14:38:52','2022-02-24 14:38:52'),(431,'53de344f5a1e789291bedd8bd0088dcb',2,'cy4zAUYZCsqYxxVNqGUM',4034.00,'bf0zi66jKD90L4yYq1UK',9,'Eu2sNJP7SDZHcznyj6mq',0,0,'fWyDbVKKyJKMIPIO7xIl',NULL,NULL,NULL,NULL,NULL,NULL,1,'wRSUm3wtgIDhB6G4Wy5y1nygW4PPmO19AhVoqRzW','21124368','wV7AbhSNCO@xnxwcipL1r.0I6','http://ekKQTi8p6g.CtcoN6mKVD.NAd','2022-02-24 14:38:52',1,'2022-02-24 14:38:52','2022-02-24 14:38:52'),(432,'550b94529f98c8c000d0e0a271d957e2',8,'YMf3OzhehuP96UnbH3Bu',1274.00,'sIhBRcqxTDewiNkytLBr',10,'GS4MHLEsTPmLK2EuBT2L',1,0,'r3m7saircMUzPfBpExyq',NULL,NULL,NULL,NULL,NULL,NULL,4,'tlpMqQAMle1Aj33VmL1vF8Eh1tILjj7kkUtpHkWK','71286975','O4Qy9buiUt@OJromVUxE7.Zg4','http://B5ALgpqM9T.A0ckn6LPwQ.hbJ','2022-02-24 14:38:52',1,'2022-02-24 14:38:52','2022-02-24 14:38:52'),(433,'1fa421dd8e270c50c4f87c77a66879a1',1,'caFLhq4FgOZk2bKKn4sS',4925.00,'dfAgtosjNL359OE4Yfa5',23,'dCEKMvW2ddujwWtrJpIs',0,0,'D1u90RmMyOb4UM9Az8st',NULL,NULL,NULL,NULL,NULL,NULL,4,'0Qmdx7Y7CXCET88oGRothKWVXsSB2fbUwZXykNo3','48994789','ze0991l44t@yQqPoSCWbM.L5X','http://TBU3f5DkWq.jKI0PEv4CM.6LZ','2022-02-24 14:38:52',1,'2022-02-24 14:38:52','2022-02-24 14:38:52'),(434,'9bc33edeb87bad9b0ac1d06f826204cd',3,'39XuvQOjAteXhtSuPB8i',2628.00,'2GHKRePb0Bu2pfDMXhCV',3,'S3QqNyCTeDlmnIsXDXy6',0,0,'8dF8iJeCm1Ty5oi3kVFb',NULL,NULL,NULL,NULL,NULL,NULL,3,'oIL1ciwaReSL2Mwkck85SWIF9HbhmAC7ZTcbn0n4','51911176','Cuc8e8J9Ij@kPxc5clV7J.sMG','http://z3jwwNTsZW.tvZ2xJri4C.2Sj','2022-02-24 14:38:52',1,'2022-02-24 14:38:52','2022-02-24 14:38:52'),(435,'15d1da2a4e96ea20859f59096bc6d1a9',2,'KRla7GRIXOx2OJ5Uw1hj',1679.00,'dcjEsAR9TTY9aKOG8u2Z',3,'CUh6d3N7SQ7Gj9HcWyQO',0,1,'WR63oSG9Zj5gjSQCbSsI',NULL,NULL,NULL,NULL,NULL,NULL,4,'iOOP6KLiYYJxft1qVkTXKLks37CrlQt5XJvdtU6J','62920407','954gL5pR0R@uSAmHuRjeZ.XgW','http://FYJYRKYWlm.lucbsfUrCs.4X3','2022-02-24 14:38:52',1,'2022-02-24 14:38:52','2022-02-24 14:38:52'),(436,'0573dabb835566808e8c846b10ee10a7',1,'1XIlMPwm4snJgD6GcWgE',4316.00,'GQ4pXuBQx7sbLuzLL319',26,'Y7SF31IVvlLKvmQsSUfo',0,0,'8x8r6j0963zkDWhEwaYX',NULL,NULL,NULL,NULL,NULL,NULL,4,'svAv1qaAsOo8R2S95y35XT1mdLPhP1klMiaeLkJQ','13347851','KDcq6NpWgO@EHpmC97pYi.F0j','http://1e35G1fY4v.5EnftWwSSZ.LNL','2022-02-24 14:38:52',1,'2022-02-24 14:38:52','2022-02-24 14:38:52'),(437,'a016b4a55ea4e4b38140e0941047857d',8,'E0llbGWihxwRZCPU3t2b',4946.00,'e0IrqEYJVzwcWKZtPqcG',24,'SfOW8drTXVvnZ7KUyrXv',1,1,'3KKTD04x5gLpjmMEr5Um',NULL,NULL,NULL,NULL,NULL,NULL,4,'2dB92MzpXmbmENVajdAD6YfJO8VhPVMz5BP7twX1','68147912','O0SCQUHoqg@zYB71Fq65I.xcI','http://RaMoasH6be.YorqXF4Bq8.CGH','2022-02-24 14:38:52',1,'2022-02-24 14:38:52','2022-02-24 14:38:52'),(438,'70686693e915250a4aa4c4a25ee63b3b',6,'ozcPuIdkUBF6Ah7Nouu6',2729.00,'JAxVKT88OapoZAOGEtNe',4,'0jT27vvsw2kAzWKjYpeO',1,1,'pTOeIMgLzKwyY7TtUXSy',NULL,NULL,NULL,NULL,NULL,NULL,4,'dfMmv06dpjyuBZzyP54sN5P74gHpBQrSNw9qPvtB','61162625','Ge8NyQQKTc@11blqfrDVT.etC','http://RLzoeQM7BU.wQo7vgGBA4.aHO','2022-02-24 14:38:52',1,'2022-02-24 14:38:52','2022-02-24 14:38:52'),(439,'228997c2e08f711538484ef41a258cf2',1,'u1RwUz59XzYiunzaptpO',1577.00,'vXUYfGOmqKS8qANXjTK9',19,'zn7HpXFpTmFo8mKQFGqy',1,1,'SkmDIPFjIwMEiSsccagq',NULL,NULL,NULL,NULL,NULL,NULL,1,'bYxwdxPXVfr6TjfTRhZM9aSos38LAPN68lmr8zJm','11822310','BTJjyMQo5Y@v6pZNy09wZ.AAS','http://bZIH71vMfD.jG3tsAGcpj.JLY','2022-02-24 14:38:52',1,'2022-02-24 14:38:52','2022-02-24 14:38:52'),(440,'f9ad935548acbf47b9e9e3fea419f2c7',8,'Gz85mwktaMSOsen0FIsq',4037.00,'SMbAHx64rGoOIMTbwSf7',10,'R2J9Tn1QuQ3XpcWIOWb7',1,1,'MkLcfa6tiXBtAQSam9jJ',NULL,NULL,NULL,NULL,NULL,NULL,4,'lJIjJHFndRDaKy978KvUp691eUlqPPckxNXYnpJN','47886065','6Z7U8rlrdO@Ad6OMmdBmJ.hIJ','http://dbrr2rZa6m.3rq65KKVGt.6Rs','2022-02-24 14:38:52',1,'2022-02-24 14:38:52','2022-02-24 14:38:52'),(441,'093d7ab12ca3f55f7e1f781d3e6be34e',6,'Wmfi7hcXYqxv35yIqPmt',4602.00,'ZPMrraaFlG48xQuYEKJM',3,'cdpQ8unJuSCP9h5NFeP7',0,0,'C4eSxQoqLYyGQFFRNSMR',NULL,NULL,NULL,NULL,NULL,NULL,4,'kUxaTX94C4I6oXR3C7iJdbDIkuKHyL5gEJwcFmaJ','64211816','p1KZPXjJdo@pFYFcg8fN6.0jO','http://oNNJSYOLCm.lKO0E2hKyC.y9c','2022-02-24 14:38:52',1,'2022-02-24 14:38:52','2022-02-24 14:38:52'),(442,'c8b376dd41cf9f7cc70ce951deeb279c',1,'IU7u26mLeWati1kcxUCK',2858.00,'RHTWZxtsXrhSJDAgLbTg',26,'p6PWMLuEUKjfdDSBusGg',1,1,'XFZrlh7RVbCI4JB0BYLb',NULL,NULL,NULL,NULL,NULL,NULL,1,'9xtd1WTmyYWCjrZLh4Oa4f20uuISBTNpy3lGIShV','77732194','dVfPYoGx89@p1myasSIf5.qQ6','http://jD0X93TmIi.ZjTIoBjKUN.BUG','2022-02-24 14:38:52',1,'2022-02-24 14:38:52','2022-02-24 14:38:52'),(443,'a0f8194291e154e2e126faa28306f6a2',9,'jvTG5J45Y8VbTvdMzRf3',3051.00,'d6If5yNsHofU31WFvYAj',10,'3E54Xi6EsmQIgnN7yST2',0,1,'lwbq2s2W5qk7qziWATMT',NULL,NULL,NULL,NULL,NULL,NULL,2,'gQp4bYL5DucjDzEi5TAq57EmAt1TVtVglSjMeY31','25901606','7uZQ4jiyZ6@vANO400wbC.yce','http://A0PGRFkU5v.NSxeiQEvxt.Cjj','2022-02-24 14:38:52',1,'2022-02-24 14:38:52','2022-02-24 14:38:52'),(444,'e8292699626f51db5cc79e11d2ba4898',4,'ysmv8iE5BGTKnBPYOJkQ',1542.00,'1B2WqmDsPQt7EX0z3NdL',4,'HVNubzN3dPY0xMv0AJ9t',0,0,'x2FOnVGbkXqBOIWmyrxJ',NULL,NULL,NULL,NULL,NULL,NULL,1,'z6LTspNKX3Q8xDg6jsikAOIDTFoGzFo5PcrCPphu','83045697','NWvvF8Dd4d@RFYpYvkiD6.RCw','http://qwYEbmEgDX.Bgy5cOBNBy.qdH','2022-02-24 14:38:52',1,'2022-02-24 14:38:52','2022-02-24 14:38:52'),(445,'33aa382a8d4d996173186cc3c8c56e78',3,'srPyhhjHHarPT1LPQUsu',3797.00,'UnEvAZxWnqz6tOmBspUh',4,'dA1kPKWmU687MEwLCMXR',0,1,'HDe0e0JYNgQ2w1AmdR3N',NULL,NULL,NULL,NULL,NULL,NULL,1,'1XODOtlU4g9Ynkj9KdEDzcTnh8EUTm4bEOGuTgvt','54229956','1RXIeCdgE0@aHUK8G30by.Tqs','http://UVT9ybJQln.niaoOW5gVP.Jp5','2022-02-24 14:38:52',1,'2022-02-24 14:38:52','2022-02-24 14:38:52'),(446,'37a0c70077822dc9aa1a2eaf598f7aec',5,'NV4OKDMrn1SJU6GZfZeA',2815.00,'35HNuJTJiCbFiN8PnzRn',20,'9NT9xU9pGUQc9jUnkPMb',0,0,'wqqCYuIqZkxVvCLNfIYZ',NULL,NULL,NULL,NULL,NULL,NULL,2,'UIg6eGDSy7JUEMGgcG4RPvxyngezI2KeYWvhoWio','60770760','exDcVu9JEB@rNbCa12OlG.Xct','http://LZdotnVk3N.E1lS3wZn9S.bhi','2022-02-24 14:38:52',1,'2022-02-24 14:38:52','2022-02-24 14:38:52'),(447,'89aba5f53953c7c1cdba5361d7c73532',8,'cSkfeVJA8DgkuKeMNuLz',2868.00,'149VyWG3hEoSBMpSIrtN',7,'0FZ2dt2N3I7SJGC5mBED',1,1,'KWWu6JSBqzaYuUzUWta2',NULL,NULL,NULL,NULL,NULL,NULL,1,'z0V0SFVk9WMbozWp37LkN6FQm62iorSTFDb4w9Hd','21531071','Ir1MIX2bwx@toiuLQH18L.mr9','http://pjy0be4Z6s.uV2RD8noTm.fr3','2022-02-24 14:38:52',1,'2022-02-24 14:38:52','2022-02-24 14:38:52'),(448,'b59b98fc982e0a334cfdbe367f79c859',5,'irqfxHaHFJ6xiPzZttsl',3982.00,'qxIMALKPIRExuGKcAc8m',27,'l5sjLIz93q0ycpK1kXIG',0,1,'w02mmaMldN87FCFVS6Pu',NULL,NULL,NULL,NULL,NULL,NULL,3,'k4awSL25MYWDlstTZg9E3Bme4orntT9wZHg0rU0f','16599342','mdKX1ZZfU3@Nt6RQCGVzK.g7Z','http://om9r5FJZCd.iwllibBR4v.htB','2022-02-24 14:38:52',1,'2022-02-24 14:38:52','2022-02-24 14:38:52'),(449,'767b7b19108ef2621219f4d9a110cb37',3,'BJD5AEW04Sji2oXwW5zl',2946.00,'OKHvOlZpBYEdwkbL8jLW',14,'RnBYxtEtSuIx6717hYxG',1,0,'IFniAhpbHr1rINfJUjTJ',NULL,NULL,NULL,NULL,NULL,NULL,4,'b9yhiogPXT4FzntA4dE9aubOD9dS2tVhrTirzG62','83127373','kiDciJmPr4@nAfLJQXLoE.L5l','http://grYzpHL4GV.bJezESSE65.WQl','2022-02-24 14:38:52',1,'2022-02-24 14:38:52','2022-02-24 14:38:52'),(450,'2f778350fe501c7800b038a5b79addc5',3,'1tn1mFDOsqIL9mBNcw0B',1091.00,'XIYQ6Yrpz2SkGJy2ztC4',23,'KjsBD6Tj90K67AmrYCn3',1,0,'0V50bjgTR4bHx7rtupIA',NULL,NULL,NULL,NULL,NULL,NULL,1,'CylFrXbGA1WRQOlQl1ajcfI6p1EIKpW48bGvriEi','93032848','3TwER1JcKN@1oB3ASvknI.TeG','http://OLzw63ZTDp.lS8cBh92xj.1cF','2022-02-24 14:38:52',1,'2022-02-24 14:38:52','2022-02-24 14:38:52'),(451,'502893448b0f385fe1ce936c3a9912fc',1,'XBDu84lmkRyb30snTb7Q',3629.00,'6e2MCnKnFemW5NpwdKEN',22,'US1czXEWf8tNb87gs658',0,0,'BjYZk1YHohevqTC0bAll',NULL,NULL,NULL,NULL,NULL,NULL,3,'fGBHHclvER8CW1J7Xr4IDfMiUmLplaDxcXrsD716','11466325','PWtrOKvH7Z@VO1VEAOqVC.fun','http://wwrDiH4ytw.Pol2WUWYTA.Jix','2022-02-24 14:38:52',1,'2022-02-24 14:38:52','2022-02-24 14:38:52'),(452,'21c8665f6e508e8b3523c393aff87c2b',8,'a69jbWyTveMyNjBgGtS7',2388.00,'8f002yFZdrDqLrdsJpN4',4,'7F3KL0z9gZglBd6nCebd',1,0,'L7xFkFd5uBszy95AQz72',NULL,NULL,NULL,NULL,NULL,NULL,1,'CZNMhOHKrdQUVACpbssazgcqex12LIn4qjnVp5LN','92503659','HBhBruIPUV@ZCIegk5yxN.te0','http://vlFyDGIPjx.Hyzik3Ua9Z.P8o','2022-02-24 14:38:52',1,'2022-02-24 14:38:52','2022-02-24 14:38:52'),(453,'037d7dfc614be5d3a824558cc56c0414',4,'sBTqpOV13sk426HUEGkY',2690.00,'UOwoFjvenDqIvonT57Uu',15,'tQxs4DsKz4RMMvl5UAMP',1,1,'NifHnxAcTSQJjtFwHGj5',NULL,NULL,NULL,NULL,NULL,NULL,2,'2nIGjnRoBZVRbCeaLbpOeIdM7tpgVMA3CY3homgz','54460213','2NznoxonT7@v3XrZymZRJ.hOP','http://Sv9N7T3zTQ.bFHAtf3vLt.O7h','2022-02-24 14:38:52',1,'2022-02-24 14:38:52','2022-02-24 14:38:52'),(454,'bc912a51383adcf6a8bed3d42448a997',5,'zNB4sesAKQyWZIW6Hmh8',1235.00,'CcQCXB0qitHsHRH1Hi8h',4,'WfTTySaK74zD9i85gJOI',1,0,'VqrehJrvY0v9JYeERCst',NULL,NULL,NULL,NULL,NULL,NULL,2,'phtc0MaOBxNSCoBoE8aVa1DIVn74maKdNf3m54Oh','80380969','Zk9lX3Oame@GxfqUheZ4n.8MG','http://Tuyq5WdTNd.QPXUeZTFPi.3ga','2022-02-24 14:38:52',1,'2022-02-24 14:38:52','2022-02-24 14:38:52'),(455,'327536002d17b0aa51ff6e65a6add17b',1,'ivZxnHp1kGJWaQcqj4UA',4470.00,'Wob2ILckT4OQ2ojwtpOR',1,'DesNOzUUBk42dlNMoYgk',1,1,'PXNFBZyHVYTloVfMHTjC',NULL,NULL,NULL,NULL,NULL,NULL,4,'UQ20wC0UdNbFTTfbcaHxBlMtlRuzai9cr7TP2bXb','43362901','fpgwNKKZph@yZ0Sf2FvlM.m7L','http://6zU5VCpDCy.A4gUTnn2wY.Gre','2022-02-24 14:38:52',1,'2022-02-24 14:38:52','2022-02-24 14:38:52'),(456,'921961f596220c0dab056fe72e05fe4e',2,'74dUOPvQwXHtWm43gHRR',1405.00,'ubpcgEiTwjjNJrY0R4nB',23,'Vh389CfaPsawf8apAGiX',1,0,'1IrODLawld3AJxMzGKfm',NULL,NULL,NULL,NULL,NULL,NULL,3,'pLv7YC57PYLUjoLUhUpkXSyu47uHKOyQlk5sCR7t','25920078','OqKPXSW9DT@Hg9ziXnQZa.nAX','http://8cfI3SaXVW.yxBcfNAL56.NKc','2022-02-24 14:38:52',1,'2022-02-24 14:38:52','2022-02-24 14:38:52'),(457,'518560500450b860cbed08dffb8d2695',2,'dbOIrQ5n2iLtrxELT9kD',3930.00,'iFNkIWg6yAq8eqdg93P0',4,'GFtdRssxcC7QgRHdCI8p',1,0,'Ctibi8i3LpRIZIsHMgN6',NULL,NULL,NULL,NULL,NULL,NULL,1,'RcQOrOmwl6AdDpPqxoSV6kOyhnfibQv1YEQK8nwA','28175239','hNvcLQPYoy@judkrVKkMX.drg','http://Yhqg7MRRhS.g1kFmPnmyE.Ty8','2022-02-24 14:38:52',1,'2022-02-24 14:38:52','2022-02-24 14:38:52'),(458,'3815c2dbef9378225baae8fea2bd1469',7,'eENpgRHG2vmCx1g3x5nC',4693.00,'1UthfqbUOCaUDxFjuibt',15,'s7qXUqbvcM1JVhNsZSls',0,0,'oLwwnEgxtHULgHdUk1yx',NULL,NULL,NULL,NULL,NULL,NULL,1,'4TPktU6y4cmvlgoQsVnu080lnUBXSGlhXTKVlBhL','58313454','9Hw0YE4wjA@87jj6pYtBF.FWQ','http://Un7dpGyDml.f4BXg7A4uQ.gOe','2022-02-24 14:38:52',1,'2022-02-24 14:38:52','2022-02-24 14:38:52'),(459,'1e77846c7fa70b022446c3438a04a90b',7,'b44pzwxmeilepdLx1GMi',4803.00,'QHiT6FNUWFvOoqrZfzM4',5,'FuMQKFuR9bhFDI8wxN2B',1,1,'AOZ1kp8HoB22Wq8pNxNE',NULL,NULL,NULL,NULL,NULL,NULL,1,'7VLazhPPvHDJ16yyJBx2pCALHSUIDkofZS5QhibN','18365801','yx3vvR2UnP@eY4lkJL0UH.XnV','http://R59WSTFaVp.YiHE5XKov2.S2W','2022-02-24 14:38:52',1,'2022-02-24 14:38:52','2022-02-24 14:38:52'),(460,'88e173868f00e2dccfa9d6250195cee5',4,'kyb9cKD5MB56nW3rcexf',2027.00,'Fs7Iz6e1CJPYFHVxuo5l',8,'1rPLgHNhrVXLQ973hFDf',0,0,'quz44Q0YE6AXNPLvrmh4',NULL,NULL,NULL,NULL,NULL,NULL,4,'wvr5c5QXxvXo0Tp7lbA5JybwTbY3HqR5J0HWQiEB','13991049','hDArk7UWkO@f3bcyiol7S.geI','http://h8dNxK49eG.ApZPcuM7b7.6Yz','2022-02-24 14:38:52',1,'2022-02-24 14:38:52','2022-02-24 14:38:52'),(461,'794d52b02093aa1060765ea5f7fce4aa',3,'VmNNWhoBg9hs3dhtj4gU',2884.00,'UNgbeMJE4JpHP2xGE9L8',14,'tfs84qR0ZjW42YcSUhJx',0,0,'cfMOIGpgA5kwji8Mksvx',NULL,NULL,NULL,NULL,NULL,NULL,4,'WdrPOXCrlfjvCprDpCQUryzHIsyAFPZtSKBXiDhV','39372573','PM4UzHFVlZ@SmGIUZiGAZ.y4w','http://zh22dWb063.5fXtQFM6aw.crO','2022-02-24 14:38:52',1,'2022-02-24 14:38:52','2022-02-24 14:38:52'),(462,'cda8e2e8f0b7bbdca2bf8214a5e0a46f',3,'frxk7e4EPhEcAS3y4iRd',3048.00,'oWclKlJhuujkRR5CXJ6N',27,'D0d1vm1DERmfLOW0QOGS',1,1,'G4ia8zts31XqjwGxpJJn',NULL,NULL,NULL,NULL,NULL,NULL,2,'YOgtdwvvJqRxQ1mhRZCpJbq9QI3WuXDp15Jd1jA2','50126311','efnVWttNAc@QTYWSxaLGl.ToE','http://PJNzSbe1hZ.E7PL4ksKwq.1A3','2022-02-24 14:38:52',1,'2022-02-24 14:38:52','2022-02-24 14:38:52'),(463,'1cd98f368791125c554445152b859816',3,'XZC4rIf0QwJVL3xqQv55',3214.00,'QzgugpaAlwYue5jOgDVa',20,'7jWJ8mJeoS0LiHqvT7zC',0,0,'Xknb18XCk1upeIOrPmQF',NULL,NULL,NULL,NULL,NULL,NULL,2,'puWEKue5pErBTk7p7ctcafHiXd8w7iN4BCt8ZRkj','73460241','SbOX3ddeOM@bQ9uUMyU0P.fwL','http://AEk7tThnVt.L0qGLbBKyD.pTr','2022-02-24 14:38:52',1,'2022-02-24 14:38:52','2022-02-24 14:38:52'),(464,'66df66ee369b493c8cf409e8dbb9261d',7,'A65iEUuUMQTzMwXD20Wn',3203.00,'gtuBjWodLxofS7RQLrde',5,'0VSXhnZyWyzxNY5xvKWI',1,1,'HQkU0YFviMwJy2SSi3YN',NULL,NULL,NULL,NULL,NULL,NULL,2,'YXpHkK2zPr9A64RLLBWi2LsAH1SfRkxHGJ3zvYRb','16382009','HC1GITAvuX@UhilujkY5x.Zgk','http://OzqvIT2ewl.GgsEtzNNfL.jV2','2022-02-24 14:38:52',1,'2022-02-24 14:38:52','2022-02-24 14:38:52'),(465,'3418da1fad5b56cc41c32ede3286529f',6,'mWbqTUH2OXpGIsoRZMBP',4953.00,'1LFS2LyeCOPxCT58HNnL',8,'6pAoX6I2oOdu1FXcCdcM',0,0,'yk4yFeEWVwXtIsaEBt4B',NULL,NULL,NULL,NULL,NULL,NULL,3,'RJ0tNO3h5GJ7KIBwugV2Kq6YrXzxNLCPcJgqY0WU','64626041','NcbcwE6abC@v0CzDZfj16.kO9','http://tsGb1XDDjn.HI8mxMZafE.DGw','2022-02-24 14:38:52',1,'2022-02-24 14:38:52','2022-02-24 14:38:52'),(466,'971a5ff5bde4e035fb1a07858887cb13',1,'xxpWZefPQM9HdtYa2K1K',1079.00,'Jg6FPlzXla2ZVOM31IXU',11,'U3bZH3YeM2fY0MXKgNaE',0,1,'CAXSmteZI4J6pWB9Hq4C',NULL,NULL,NULL,NULL,NULL,NULL,4,'BHqfafUDuJKijruzfvTP8IMg2jzFCcOMsEvoT4GN','92908809','sWV5bqzlkl@u3haoxrZA4.buc','http://9XhRlYLPiB.uQVNcrNcxK.qL6','2022-02-24 14:38:52',1,'2022-02-24 14:38:52','2022-02-24 14:38:52'),(467,'7ca16bcdd5d638e14565438284ef3e50',3,'PvK6V8U8qP3ftaJF4bdK',4428.00,'rIf5Dy1Pw2biLCLCUUTm',17,'iABdKgI632YJOPUPqs3q',0,0,'P6xgWf62Wfa7iGJTHiEv',NULL,NULL,NULL,NULL,NULL,NULL,4,'UnjkHwPDVeKQcsZuXhRWlfKFRq1kdJJfKd1ph5Vh','15928159','pDv91SBztN@iBHnL3a0p2.XtX','http://XozxpXs4qM.EMNHQwpYsJ.wn0','2022-02-24 14:38:52',1,'2022-02-24 14:38:52','2022-02-24 14:38:52'),(468,'59571e384916ff879f69774cad33066f',2,'g8e3EsLf4cRCY5CvX1rn',2499.00,'KLWFzjo6GlIeffUatXBx',25,'nYwwP5fJHJPnRpgNlxPM',1,0,'GzC22JymhuApYKTUVesx',NULL,NULL,NULL,NULL,NULL,NULL,4,'dwxkllxEXrzs6dFRdAtSzLLUsM9XJObci2XfeLJ5','96464584','SDgQHs3MEp@ROCTKrO9Sl.IZI','http://ZuZOZ7jKh6.543SrXYtA0.unC','2022-02-24 14:38:52',1,'2022-02-24 14:38:52','2022-02-24 14:38:52'),(469,'1af006dcbb06f005f3cc79c88ed4c1fa',8,'btUAZFDtKzfpS1rE2vjl',2542.00,'VjqjdgqiaqBpolsGGFcO',26,'iQmcuydgHsRA0cld7bWI',1,1,'kH1mYVPJf3wQVEY84jkW',NULL,NULL,NULL,NULL,NULL,NULL,4,'RjEuGikFIQWzz3fYUNULlzkBNTiatw5wK11BazZy','51596908','KTSh6q2ZGS@izrJqNYaVw.bAe','http://34CVwRC7eW.ma7tu7vaUS.TY3','2022-02-24 14:38:52',1,'2022-02-24 14:38:52','2022-02-24 14:38:52'),(470,'ac01ce47cf8a890cf528cb1731fb9254',5,'FJijwNPzHtQcQJx9HDyO',3612.00,'W5puw6SSwEAv40kCsQzr',26,'yIF3OUs9ROvGQWdkYk4N',0,0,'6wFoBjPBSKmkmAjGP4Kw',NULL,NULL,NULL,NULL,NULL,NULL,2,'9ET9b750nSSfkOpJQqrKMuIwK2oUyyO3rGhDFNuq','90031836','eCFsHi7IUh@MjwyIZ4xAx.84I','http://HVaLnfLDaa.k8RevXJIqv.vau','2022-02-24 14:38:52',1,'2022-02-24 14:38:52','2022-02-24 14:38:52'),(471,'cf7d0a6a012241300470e90fdf9ed352',8,'yDwwDnA7bi5K73AC9EBx',2990.00,'qiq2uRIH4P54llYD8Abx',14,'bjpgtoyQ5fqVmFPd6GbL',0,1,'qaGbXvjZvUAXd2Fhqr5b',NULL,NULL,NULL,NULL,NULL,NULL,3,'Hdlr1oJP8lOHMBr2pxfyszjPVb0bdPMuQ9TpNceT','69405294','3SgJu4soBf@BNhJvgM690.eyS','http://CqeKVTuIcs.YPByowlzri.1jF','2022-02-24 14:38:52',1,'2022-02-24 14:38:52','2022-02-24 14:38:52'),(472,'e325172950b462ee3fce0554a9bde555',4,'MeTArkobz1RPzOyAt5NI',1402.00,'JlbxmsuSUTGJKmVc7QwT',2,'l335L3QMciRKeORkUe1E',1,1,'Q37D1qQmY1TIf6m0CHEh',NULL,NULL,NULL,NULL,NULL,NULL,3,'iVf668cNE8YVWJKNg76vsLnfgUWcBKd38il0fPTH','42604172','WC5Hp2iTy4@ErUnpWfUro.64s','http://Y89GcKbVGs.ztyhxsggPA.81W','2022-02-24 14:38:52',1,'2022-02-24 14:38:52','2022-02-24 14:38:52'),(473,'d579ee94830e2a626f0e16e4c411a99e',6,'ZhD17OMYNntptYlOQwtl',2115.00,'fQEafGrYmotlnFH0GTw5',23,'thxiW0px1rl9x84F4CPL',0,0,'dEkEiLONavbOqatoxnaP',NULL,NULL,NULL,NULL,NULL,NULL,2,'bZtSzca3wrxUY7EOpwi9ruAPaR3TAmPunMig4tyj','12337035','tCVTg925n4@iWkzPEF4Se.YVI','http://K9c4qysWyk.SMYyLdaTSb.cck','2022-02-24 14:38:52',1,'2022-02-24 14:38:52','2022-02-24 14:38:52'),(474,'2d034e70df5338fe1e8871882b6f79d4',5,'NSwZkM7rSc75Vr0zGYmX',3864.00,'yCtVKl6f91lWVyklVrvM',25,'041EviCZS59WcIeKnS6g',0,1,'CmPuv5XlKaYu37wtaaMg',NULL,NULL,NULL,NULL,NULL,NULL,3,'WMqD3PNiTyafhLnvNGKLjwprbArqPWVZeJosAC7w','96189054','AoFN952KWy@RmqViPZNXl.n9I','http://hIcbIUlD6C.zu1XE8OdNQ.AKp','2022-02-24 14:38:52',1,'2022-02-24 14:38:52','2022-02-24 14:38:52'),(475,'c3dbc63a6c388b24d65b76df456c252f',2,'hbpayiruBxzm1jYtSAFY',1539.00,'K3w0ALhApatq11fw6zo3',17,'OkEDv7r39iGpfvWLzuyo',0,0,'qscjrE5S4A4rlmEJ0sAx',NULL,NULL,NULL,NULL,NULL,NULL,4,'l1x6d8nkufLDiWJm34dkYlc5GX88YOlyFxjE7AAw','43207871','h4LwY70frb@5aNSfxOBlE.vWF','http://87EqNKcFSP.5pxgLfb1uN.1KB','2022-02-24 14:38:52',1,'2022-02-24 14:38:52','2022-02-24 14:38:52'),(476,'3b8f8270ecade521acbada5846ee79cc',7,'VtvfIFWoXwFX1mVTrOr8',4315.00,'ErKG7YV0XDejfIqcqjrU',15,'MyiNVhrUDT482DifLyIm',1,1,'O0l4YZp0DCJ5bu0VSTBS',NULL,NULL,NULL,NULL,NULL,NULL,1,'XcQcunI0Kbw1UXC2ylOwAeKdGyjTSVtCv4FC58Tr','24891234','ROnCArTp8I@aYOeH0ycxJ.EXu','http://DZdirMEvvs.N8tjVYEgdr.9oV','2022-02-24 14:38:52',1,'2022-02-24 14:38:52','2022-02-24 14:38:52'),(477,'5c97b8ad46242d3dec9bfd2fd1d601ee',7,'DuuOK6KHahiCSplXQ0wI',2347.00,'9H6KUdzujKVsSnZAY6au',3,'SV6mqUzQXxa4JeKS5zqq',1,0,'JNkoQtIYlW4DX3YPyIHK',NULL,NULL,NULL,NULL,NULL,NULL,4,'bAgPoXKDiWFfjlaic41FtSeRLYePDaCj2FawrP5h','79248561','FusXbtvqvO@6JiWblhJdf.dL2','http://9sCJoU3Cjw.MYQuzXhocZ.zjA','2022-02-24 14:38:52',1,'2022-02-24 14:38:52','2022-02-24 14:38:52'),(478,'adc7af2fed256e3e21cc6feafdf93db7',1,'Pe2Ks2PGEKfb505vrtQA',4362.00,'f0OEs2Z8V2PJkFd6m8ml',15,'96KNhiGn7XjCTd3JyZ8g',1,1,'QL17dQ9R12vpTektwao3',NULL,NULL,NULL,NULL,NULL,NULL,2,'JnWRtQonrUeJO8pUA5UCFHtGBNvq76rV8DKdVdTa','19483667','Ch5w1nYDJs@70clun6M6R.Fxc','http://k28Fpy8Px6.nWbSa6zygA.ANx','2022-02-24 14:38:52',1,'2022-02-24 14:38:52','2022-02-24 14:38:52'),(479,'7355e8be56fc5ed3be1d310c906d2474',1,'aFSaDfC6tqe6yX98fbSF',4142.00,'kPfqR1daVg56AHR0IMAA',2,'V7jpcTZESYaFFpbu8YNu',0,0,'tsnS1ktCIfELP97W6evm',NULL,NULL,NULL,NULL,NULL,NULL,1,'UWBYzhA9rr7YgLAZLAcMOiNx6nI5zCN7Gax2fMKe','82758420','4lLRk0j8r1@tTDWd4efAm.aIQ','http://aJEIBZaQnx.ciyeYxRXfG.8FJ','2022-02-24 14:38:52',1,'2022-02-24 14:38:52','2022-02-24 14:38:52'),(480,'8a3943a9d42ab665e777f87d808c639b',7,'W9qbNawu39SHgn9e2c4C',2285.00,'l0O7GgTQcG4igxH7xeQJ',9,'2vZztlIzaTQDDu0Nk9H0',1,1,'NMCKlTXmdGMowk4sz6zM',NULL,NULL,NULL,NULL,NULL,NULL,1,'e2wgBPx9Qzya3XaKrjMchWGON6qnK6oswXMFePxX','94877825','CdTDFd1pef@vKbR11vW4Y.lag','http://X46yaOvzXh.ROsOUry5tQ.osX','2022-02-24 14:38:52',1,'2022-02-24 14:38:52','2022-02-24 14:38:52'),(481,'af46e77d4403418005aa5c17730d923a',7,'EZnusFsf5bTN7jAIEvms',3473.00,'vlgm7trc0J8iTluHcFwL',15,'GMHF52SDfs9gvjZPKIgL',0,0,'psUvQO4cNpnxstgyVBA2',NULL,NULL,NULL,NULL,NULL,NULL,3,'TAdHnAEWQLAP4rpZA2TLjXvqpaVf0ixCUKJJ9GKf','76233433','TeZSItOYW0@Td3zt4spDq.mHS','http://TiU0Qadxz5.3AGRhVrTXx.6K5','2022-02-24 14:38:52',1,'2022-02-24 14:38:52','2022-02-24 14:38:52'),(482,'0207817d835751ebdd36e748b9adbf84',8,'lsiHwmh9nuziMw3ePwdd',2505.00,'2ur5R9Sd2FRfIkZymZCs',15,'B6QBeg4iHu5Hd9anuI2w',0,0,'3ToVyCzslMsnH6euNAxT',NULL,NULL,NULL,NULL,NULL,NULL,3,'RcKoo91urvSwHhCAFJVmf8QWy3jfuSvhHr4358qK','27394807','UVnlrOCrnC@IdXIFRwI7L.Fu0','http://RVJlyUqx8K.WdsDzwYJGc.ovt','2022-02-24 14:38:52',1,'2022-02-24 14:38:52','2022-02-24 14:38:52'),(483,'bb647fccb0a4584f35f76edbf707d5c9',8,'O9veDoi9cixumrGDQdWs',2557.00,'DclYoDxJ2eACltoca7XW',27,'MnN7Z8zzC8DPhxdh9ITo',1,0,'OXHVM2CuYcKYvcHLLQL0',NULL,NULL,NULL,NULL,NULL,NULL,4,'pM7vD3F8Xw7h4UixQIHwsyEWw5GBiechMJ09ch5m','37884009','SVIIzQr5Yr@pFdSObpF9y.W5X','http://rWI26OYhM8.sx8RQRv3h7.tIb','2022-02-24 14:38:52',1,'2022-02-24 14:38:52','2022-02-24 14:38:52'),(484,'0156630b687be776fbdeb02375a161a5',9,'asToakaxRdy6UElmxEN1',1326.00,'qjGEWsCHJJNQh4RamEMb',24,'mrxOVCtFnQRkD1s7aeeb',0,0,'O54yhZ0wz7klMJ5RnoL5',NULL,NULL,NULL,NULL,NULL,NULL,1,'cH2U6sKO6UgLDgDlMLFkCg3wUlrG6cpj27vD0gsi','46223502','eGkV8XMo4J@C5qMEd3O9Y.22q','http://CgeQxgjsIj.3sLPrcUShe.BTY','2022-02-24 14:38:52',1,'2022-02-24 14:38:52','2022-02-24 14:38:52'),(485,'58ed46a84c3f6f505d791f76edec1793',6,'bzEssTx4ss10nifY6wAX',4522.00,'97AqDxM0khwiZ64Gy41S',19,'lwlBcxuP9aUHDyTkfnJQ',0,1,'6lQ4RUnJXenr29W6OOQk',NULL,NULL,NULL,NULL,NULL,NULL,4,'TsM9rs73CCu3OPPzmdSEHW1e4cw8bwbnJzRdl7k8','14384692','69HTCKXAeB@zrkPyBGAeM.AY2','http://1jysIVdgQN.R8n1EcMGCP.4JN','2022-02-24 14:38:52',1,'2022-02-24 14:38:52','2022-02-24 14:38:52'),(486,'1e83e7fd16e46c976759402d85e8921c',3,'gbTnYvPErwjlzuEFGD3c',1559.00,'r8XWrZtzFNTgldFjMmWo',3,'7c3blolTeKxFixmcGMPo',1,1,'dcWIPYf2oR2Rb8AXboBb',NULL,NULL,NULL,NULL,NULL,NULL,3,'39MyhRfzbRS5E7lUhrPiKCpcOqA4CIAof5KdUrai','51782092','ThjTVTDAMk@ujGzgCIgnY.ejq','http://geOW6XZ1A8.PNtEplRii5.4fv','2022-02-24 14:38:52',1,'2022-02-24 14:38:52','2022-02-24 14:38:52'),(487,'be13c8f95865dec4206aa1217a261f78',8,'SeUNhu7qh1V0zn6f17L6',3726.00,'DLkB50fX1tb28gDLsi7j',9,'T13q0UtRNYTxh0b3tdhX',1,1,'h8wGOQDCd9U5P8jenb3k',NULL,NULL,NULL,NULL,NULL,NULL,4,'sAQpHnKcsLCSfEk2KPZ6pyyDP4nupZYDXJpFwteY','55614161','nl7hipcLf6@gvY3nZM9WI.mfW','http://JMW6kXfgyy.cbNTDu6HQj.bFj','2022-02-24 14:38:52',1,'2022-02-24 14:38:52','2022-02-24 14:38:52'),(488,'1312ffee2fc9dca784388fe9ccd09ddb',4,'vZfWeMq9DSoVERX7g0BL',3007.00,'RCCHSbXF4LbMvTXSVeYH',11,'CAX52RQi39iBtE4dVWAf',0,1,'lRR8EdYvRjMC1N7CHA3t',NULL,NULL,NULL,NULL,NULL,NULL,4,'BQnTjtPPSnFSRSNmnqoITcHuKeUhStJ6YS1gXhvg','22807411','ASZFWlzBEt@5lEunFspu3.YKF','http://PDRLgHjq9e.WFo69PgwI3.nU9','2022-02-24 14:38:52',1,'2022-02-24 14:38:52','2022-02-24 14:38:52'),(489,'f00afb3c8ac40d639e5cf98fdeffdd75',3,'RulgtbZuN099mFZSlGJU',3201.00,'YsWPyYynZWCb1BbjLuIw',20,'uEsF54mZw1oaZwpaASW5',1,0,'iTjQulSbARtOrSDIFeBd',NULL,NULL,NULL,NULL,NULL,NULL,1,'yvunaNspMmlE8jRX30pfoUoifUjw2FyREJUDrDJv','47208129','bii7fAhNaH@JZMJ9UepNr.Lhn','http://dm3m37LELK.Z2dIHhM9n0.Eix','2022-02-24 14:38:52',1,'2022-02-24 14:38:52','2022-02-24 14:38:52'),(490,'cd00a0b59bf3cc254efa2b1011bcadc2',2,'94nGsLdqnBDnQBaK7i66',4055.00,'vUny1Mpkk5AS3Egjgurm',16,'AVinZY2Z2LniwZLSsAXF',0,0,'RT3GrWrhTQ2N5H6yMv2U',NULL,NULL,NULL,NULL,NULL,NULL,4,'lKK8tZ8TkN3Enq4ghkYvFLb9qxyBa0bKlS9fBgFb','20111670','W1VsbD8QuW@WndM6sVAgT.I7n','http://tBFgLwUhvs.clUbbs4P75.Czl','2022-02-24 14:38:52',1,'2022-02-24 14:38:52','2022-02-24 14:38:52'),(491,'393ca3b83981436dcf9aeb2d93fe41ac',6,'Dy3lfQhbjoWgFoJEBe1h',1573.00,'6b1fbr3qxCOEF26mpHmL',17,'U4lPgnXUFRYArJiU8dzz',0,0,'K2jazIE1fyvyr2u2WUzv',NULL,NULL,NULL,NULL,NULL,NULL,1,'I70CKJr7dw5W0nGmDTCkVZO3rKModKS5CcljMoqo','55696476','BLEQXxmT3L@ytNQOwKQwX.C00','http://AKDIG1zi61.2UlhFQ0hrO.Foe','2022-02-24 14:38:52',1,'2022-02-24 14:38:52','2022-02-24 14:38:52'),(492,'70383c5c122bb39c642d9ab9791671cc',3,'I9YOhhSo3KbFduo8rSYl',4607.00,'UmT3ib8u0tc2GOv9be79',20,'iyVItQbF28rtmXWLEybW',1,0,'RMWZKLVfq0W9DscJbpun',NULL,NULL,NULL,NULL,NULL,NULL,1,'a4JtaubIpDUkOwJZHxdAH0ZFsPg2vWDhZoiP17dT','43419810','Iz4riygTOj@e6r1QkBRIy.vPJ','http://oagMn0uydC.KfJgY0qbSA.xcZ','2022-02-24 14:38:52',1,'2022-02-24 14:38:52','2022-02-24 14:38:52'),(493,'4a79c66739240bc14770864ae344e223',4,'WE1pPrqRyAH8FvYGw8uS',4936.00,'WsnLsTGN6SGbGQd4WsNG',22,'f1tExpaqv6sjUsw64ZiU',0,1,'jXMynOVqByvQpPDl8RtT',NULL,NULL,NULL,NULL,NULL,NULL,3,'mXlI7aAnvUxbviWH5VgwYKQUcaFLttGe425fMhRJ','21786744','aLYjVKHIte@oi2LxNMehc.DJe','http://pWCCLQs6OF.eEQAnb8roj.Z1q','2022-02-24 14:38:52',1,'2022-02-24 14:38:52','2022-02-24 14:38:52'),(494,'fe3990bdb9d58118cb6c90fcc704afcc',1,'3pKQRMjYhueTWSQRDfAe',1703.00,'HAMUrYKyT8QeeylPv5MP',25,'lSJUiQMADKA9SlQF5GFx',0,1,'NKy3PJlszQUZA10GnUh7',NULL,NULL,NULL,NULL,NULL,NULL,3,'9Hq0fl0yHg9mU26g25LCkFSETjylrKlA7YQttqpc','27714931','NglIgI8MvD@4a20ZxuHIM.hLS','http://jG6Jlj3pEE.H54GxtTNOy.1zj','2022-02-24 14:38:52',1,'2022-02-24 14:38:52','2022-02-24 14:38:52'),(495,'fd1ad29e009fa083fc79c87490581021',6,'L9cT0ouKK7sEa86KPFJP',2348.00,'TeqXOBiGYG5PPhDVKB2b',20,'SLSb7gX91R7c4d6fXdRj',0,0,'4Jf2jOJ9KbTLnkQ5fd7y',NULL,NULL,NULL,NULL,NULL,NULL,3,'AhSujyZvSkh6srHGlgaMhqgsdPrfZmOSt4XPR2de','15515056','DAPHqerrjx@SnzNfZcyVG.CKI','http://59Kt9iNa57.cPdt2Vo9pD.9MG','2022-02-24 14:38:52',1,'2022-02-24 14:38:52','2022-02-24 14:38:52'),(496,'a9d423ff277691a26d162e15cc1940ce',2,'BYKBx2wXuTQDIm5iFgfB',1968.00,'J4aNO7nO0sbr0OZoaQaC',14,'8gseAFCj1p1KJYPqDqYH',1,1,'aMxtfMXWbXcPS14RLmBi',NULL,NULL,NULL,NULL,NULL,NULL,4,'fSo2HKJtAQYnUsPMPqjOiDcS1bMxOTBCwFrkcxv1','57941461','mz2fHFK2NH@NfhTs8psWF.s1g','http://vXOmBiZl9g.o519Z9uM48.toA','2022-02-24 14:38:52',1,'2022-02-24 14:38:52','2022-02-24 14:38:52'),(497,'87c4885cb195db609b65bd47fb6050e3',1,'LE0GwtOdzBKAgKyeD6LB',2662.00,'ZckKUlXOq2LwEBaeNqpt',1,'jyfKXMiwihys1QyXGJcz',1,1,'PNmkXNLwsPuvk3fLA3Cu',NULL,NULL,NULL,NULL,NULL,NULL,2,'nl7RCL0H0caAvIWLzWaJHJ8uNgmc0vm1RR09hW9r','67350998','MtDekReDOA@8BkU517pkY.2uF','http://lFYd76Ucz6.SJM8aqVP8Q.Hgk','2022-02-24 14:38:52',1,'2022-02-24 14:38:52','2022-02-24 14:38:52'),(498,'93e92a2f3aa586e9d3f86f9cd69ef84f',6,'OeB8g7rUe1kCVIKobRXd',3994.00,'sNXsTdW2peV18Zyxw8pE',18,'wfaxu5iZyxQnW4NlQ588',1,1,'hAylxL8UbNJprdTSnkf8',NULL,NULL,NULL,NULL,NULL,NULL,1,'cBYclRu8hGlPHMZBbNuEe33mCicaltTlKRHmVDOS','26919398','00sfqvNoRJ@J5YgziEXRl.DDD','http://clupPXNglP.53YlpehUry.uJq','2022-02-24 14:38:52',1,'2022-02-24 14:38:52','2022-02-24 14:38:52'),(499,'0b4967cd107dfb1d5b45acc7e2895c4b',8,'OqCAkuueGZc80tHmNlX1',4419.00,'Ccw1JISNsGw9wat9vD35',6,'rDYTL9C5YYZJoOLVBSx4',1,1,'4w3ZYPOHH0PNxf78JRu3',NULL,NULL,NULL,NULL,NULL,NULL,4,'GYe5KLgZLsFQVR2hlJX0P0XpgQg9CSjdXw6yXbw5','51504020','Iwx0SmShGR@2EB37PyyGi.KMP','http://S8JzahShPq.jCbnyWqwCY.9Bn','2022-02-24 14:38:52',1,'2022-02-24 14:38:52','2022-02-24 14:38:52'),(500,'4b436a18e57fd97ec781adebf6543c72',6,'CQNtRAmMsJ0OxJhDrIg6',1322.00,'NXjmZZmnUwu4pilAudhM',23,'Wh2DSx8iXhd79Glfe6Wb',1,0,'FZx0AHgjwhw4lTWbNUxH',NULL,NULL,NULL,NULL,NULL,NULL,3,'LeHwoCWbR5dp1HKV4H7ITte4lkuTIyoHwVKFy8Bm','74792561','G1PQh32BhZ@rgc23P8WbT.u4u','http://U5Z2vZkiKp.sNOu3TFiAM.cF5','2022-02-24 14:38:52',1,'2022-02-24 14:38:52','2022-02-24 14:38:52');
/*!40000 ALTER TABLE `candidate` ENABLE KEYS */;
UNLOCK TABLES;

--
-- Table structure for table `candidate_english_level`
--

DROP TABLE IF EXISTS `candidate_english_level`;
/*!40101 SET @saved_cs_client     = @@character_set_client */;
/*!40101 SET character_set_client = utf8 */;
CREATE TABLE `candidate_english_level` (
  `id` bigint(20) unsigned NOT NULL AUTO_INCREMENT,
  `level` varchar(255) COLLATE utf8mb4_unicode_ci NOT NULL,
  `created_at` timestamp NULL DEFAULT NULL,
  `updated_at` timestamp NULL DEFAULT NULL,
  PRIMARY KEY (`id`)
) ENGINE=InnoDB AUTO_INCREMENT=6 DEFAULT CHARSET=utf8mb4 COLLATE=utf8mb4_unicode_ci;
/*!40101 SET character_set_client = @saved_cs_client */;

--
-- Dumping data for table `candidate_english_level`
--

LOCK TABLES `candidate_english_level` WRITE;
/*!40000 ALTER TABLE `candidate_english_level` DISABLE KEYS */;
INSERT INTO `candidate_english_level` VALUES (1,'tcnico','2022-02-24 14:38:50','2022-02-24 14:38:50'),(2,'bsico','2022-02-24 14:38:50','2022-02-24 14:38:50'),(3,'intermedirio','2022-02-24 14:38:50','2022-02-24 14:38:50'),(4,'avanado','2022-02-24 14:38:50','2022-02-24 14:38:50'),(5,'fluente','2022-02-24 14:38:50','2022-02-24 14:38:50');
/*!40000 ALTER TABLE `candidate_english_level` ENABLE KEYS */;
UNLOCK TABLES;

--
-- Table structure for table `candidate_role`
--

DROP TABLE IF EXISTS `candidate_role`;
/*!40101 SET @saved_cs_client     = @@character_set_client */;
/*!40101 SET character_set_client = utf8 */;
CREATE TABLE `candidate_role` (
  `id` bigint(20) unsigned NOT NULL AUTO_INCREMENT,
  `role` varchar(255) COLLATE utf8mb4_unicode_ci NOT NULL,
  `created_at` timestamp NULL DEFAULT NULL,
  `updated_at` timestamp NULL DEFAULT NULL,
  PRIMARY KEY (`id`)
) ENGINE=InnoDB AUTO_INCREMENT=10 DEFAULT CHARSET=utf8mb4 COLLATE=utf8mb4_unicode_ci;
/*!40101 SET character_set_client = @saved_cs_client */;

--
-- Dumping data for table `candidate_role`
--

LOCK TABLES `candidate_role` WRITE;
/*!40000 ALTER TABLE `candidate_role` DISABLE KEYS */;
INSERT INTO `candidate_role` VALUES (1,'Gestor de projetosArquiteto de TI','2022-02-24 14:38:50','2022-02-24 14:38:50'),(2,'Programador','2022-02-24 14:38:51','2022-02-24 14:38:51'),(3,'Administrador de banco de dados','2022-02-24 14:38:51','2022-02-24 14:38:51'),(4,'Desenvolvedor web','2022-02-24 14:38:51','2022-02-24 14:38:51'),(5,'Sistemas de Informao','2022-02-24 14:38:51','2022-02-24 14:38:51'),(6,'Redes de Computadores','2022-02-24 14:38:51','2022-02-24 14:38:51'),(7,'Engenharia de Computao','2022-02-24 14:38:51','2022-02-24 14:38:51'),(8,'Analista de IA','2022-02-24 14:38:51','2022-02-24 14:38:51'),(9,'Analista Cloud','2022-02-24 14:38:51','2022-02-24 14:38:51');
/*!40000 ALTER TABLE `candidate_role` ENABLE KEYS */;
UNLOCK TABLES;

--
-- Table structure for table `candidate_status`
--

DROP TABLE IF EXISTS `candidate_status`;
/*!40101 SET @saved_cs_client     = @@character_set_client */;
/*!40101 SET character_set_client = utf8 */;
CREATE TABLE `candidate_status` (
  `id` bigint(20) unsigned NOT NULL AUTO_INCREMENT,
  `status` varchar(255) COLLATE utf8mb4_unicode_ci NOT NULL,
  `created_at` timestamp NULL DEFAULT NULL,
  `updated_at` timestamp NULL DEFAULT NULL,
  PRIMARY KEY (`id`)
) ENGINE=InnoDB AUTO_INCREMENT=4 DEFAULT CHARSET=utf8mb4 COLLATE=utf8mb4_unicode_ci;
/*!40101 SET character_set_client = @saved_cs_client */;

--
-- Dumping data for table `candidate_status`
--

LOCK TABLES `candidate_status` WRITE;
/*!40000 ALTER TABLE `candidate_status` DISABLE KEYS */;
INSERT INTO `candidate_status` VALUES (1,'Ativo','2022-02-24 14:38:50','2022-02-24 14:38:50'),(2,'Inativo','2022-02-24 14:38:50','2022-02-24 14:38:50'),(3,'Em espera','2022-02-24 14:38:50','2022-02-24 14:38:50');
/*!40000 ALTER TABLE `candidate_status` ENABLE KEYS */;
UNLOCK TABLES;

--
-- Table structure for table `failed_jobs`
--

DROP TABLE IF EXISTS `failed_jobs`;
/*!40101 SET @saved_cs_client     = @@character_set_client */;
/*!40101 SET character_set_client = utf8 */;
CREATE TABLE `failed_jobs` (
  `id` bigint(20) unsigned NOT NULL AUTO_INCREMENT,
  `uuid` varchar(255) COLLATE utf8mb4_unicode_ci NOT NULL,
  `connection` text COLLATE utf8mb4_unicode_ci NOT NULL,
  `queue` text COLLATE utf8mb4_unicode_ci NOT NULL,
  `payload` longtext COLLATE utf8mb4_unicode_ci NOT NULL,
  `exception` longtext COLLATE utf8mb4_unicode_ci NOT NULL,
  `failed_at` timestamp NOT NULL DEFAULT current_timestamp(),
  PRIMARY KEY (`id`),
  UNIQUE KEY `failed_jobs_uuid_unique` (`uuid`)
) ENGINE=InnoDB DEFAULT CHARSET=utf8mb4 COLLATE=utf8mb4_unicode_ci;
/*!40101 SET character_set_client = @saved_cs_client */;

--
-- Dumping data for table `failed_jobs`
--

LOCK TABLES `failed_jobs` WRITE;
/*!40000 ALTER TABLE `failed_jobs` DISABLE KEYS */;
/*!40000 ALTER TABLE `failed_jobs` ENABLE KEYS */;
UNLOCK TABLES;

--
-- Table structure for table `migrations`
--

DROP TABLE IF EXISTS `migrations`;
/*!40101 SET @saved_cs_client     = @@character_set_client */;
/*!40101 SET character_set_client = utf8 */;
CREATE TABLE `migrations` (
  `id` int(10) unsigned NOT NULL AUTO_INCREMENT,
  `migration` varchar(255) COLLATE utf8mb4_unicode_ci NOT NULL,
  `batch` int(11) NOT NULL,
  PRIMARY KEY (`id`)
) ENGINE=InnoDB AUTO_INCREMENT=39 DEFAULT CHARSET=utf8mb4 COLLATE=utf8mb4_unicode_ci;
/*!40101 SET character_set_client = @saved_cs_client */;

--
-- Dumping data for table `migrations`
--

LOCK TABLES `migrations` WRITE;
/*!40000 ALTER TABLE `migrations` DISABLE KEYS */;
INSERT INTO `migrations` VALUES (28,'2014_10_12_000000_create_users_table',1),(29,'2014_10_12_100000_create_password_resets_table',1),(30,'2019_08_19_000000_create_failed_jobs_table',1),(31,'2019_12_14_000001_create_personal_access_tokens_table',1),(32,'2022_01_28_0003156_create_candidate_role',1),(33,'2022_01_28_004343_create_candidate_english_level',1),(34,'2022_01_28_004917_create_candidate_status',1),(35,'2022_01_28_005319_create_state',1),(36,'2022_01_28_012723_create_candidate',1),(37,'2014_10_12_200000_add_two_factor_columns_to_users_table',2),(38,'2022_02_24_104539_create_sessions_table',2);
/*!40000 ALTER TABLE `migrations` ENABLE KEYS */;
UNLOCK TABLES;

--
-- Table structure for table `password_resets`
--

DROP TABLE IF EXISTS `password_resets`;
/*!40101 SET @saved_cs_client     = @@character_set_client */;
/*!40101 SET character_set_client = utf8 */;
CREATE TABLE `password_resets` (
  `email` varchar(255) COLLATE utf8mb4_unicode_ci NOT NULL,
  `token` varchar(255) COLLATE utf8mb4_unicode_ci NOT NULL,
  `created_at` timestamp NULL DEFAULT NULL,
  KEY `password_resets_email_index` (`email`)
) ENGINE=InnoDB DEFAULT CHARSET=utf8mb4 COLLATE=utf8mb4_unicode_ci;
/*!40101 SET character_set_client = @saved_cs_client */;

--
-- Dumping data for table `password_resets`
--

LOCK TABLES `password_resets` WRITE;
/*!40000 ALTER TABLE `password_resets` DISABLE KEYS */;
/*!40000 ALTER TABLE `password_resets` ENABLE KEYS */;
UNLOCK TABLES;

--
-- Table structure for table `personal_access_tokens`
--

DROP TABLE IF EXISTS `personal_access_tokens`;
/*!40101 SET @saved_cs_client     = @@character_set_client */;
/*!40101 SET character_set_client = utf8 */;
CREATE TABLE `personal_access_tokens` (
  `id` bigint(20) unsigned NOT NULL AUTO_INCREMENT,
  `tokenable_type` varchar(255) COLLATE utf8mb4_unicode_ci NOT NULL,
  `tokenable_id` bigint(20) unsigned NOT NULL,
  `name` varchar(255) COLLATE utf8mb4_unicode_ci NOT NULL,
  `token` varchar(64) COLLATE utf8mb4_unicode_ci NOT NULL,
  `abilities` text COLLATE utf8mb4_unicode_ci DEFAULT NULL,
  `last_used_at` timestamp NULL DEFAULT NULL,
  `created_at` timestamp NULL DEFAULT NULL,
  `updated_at` timestamp NULL DEFAULT NULL,
  PRIMARY KEY (`id`),
  UNIQUE KEY `personal_access_tokens_token_unique` (`token`),
  KEY `personal_access_tokens_tokenable_type_tokenable_id_index` (`tokenable_type`,`tokenable_id`)
) ENGINE=InnoDB DEFAULT CHARSET=utf8mb4 COLLATE=utf8mb4_unicode_ci;
/*!40101 SET character_set_client = @saved_cs_client */;

--
-- Dumping data for table `personal_access_tokens`
--

LOCK TABLES `personal_access_tokens` WRITE;
/*!40000 ALTER TABLE `personal_access_tokens` DISABLE KEYS */;
/*!40000 ALTER TABLE `personal_access_tokens` ENABLE KEYS */;
UNLOCK TABLES;

--
-- Table structure for table `sessions`
--

DROP TABLE IF EXISTS `sessions`;
/*!40101 SET @saved_cs_client     = @@character_set_client */;
/*!40101 SET character_set_client = utf8 */;
CREATE TABLE `sessions` (
  `id` varchar(255) COLLATE utf8mb4_unicode_ci NOT NULL,
  `user_id` bigint(20) unsigned DEFAULT NULL,
  `ip_address` varchar(45) COLLATE utf8mb4_unicode_ci DEFAULT NULL,
  `user_agent` text COLLATE utf8mb4_unicode_ci DEFAULT NULL,
  `payload` text COLLATE utf8mb4_unicode_ci NOT NULL,
  `last_activity` int(11) NOT NULL,
  PRIMARY KEY (`id`),
  KEY `sessions_user_id_index` (`user_id`),
  KEY `sessions_last_activity_index` (`last_activity`)
) ENGINE=InnoDB DEFAULT CHARSET=utf8mb4 COLLATE=utf8mb4_unicode_ci;
/*!40101 SET character_set_client = @saved_cs_client */;

--
-- Dumping data for table `sessions`
--

LOCK TABLES `sessions` WRITE;
/*!40000 ALTER TABLE `sessions` DISABLE KEYS */;
INSERT INTO `sessions` VALUES ('5pEM3bJaP0eeSxEKn1S4QSB6HxttMlinm6k5yIVw',NULL,'127.0.0.1','Mozilla/5.0 (X11; Linux x86_64) AppleWebKit/537.36 (KHTML, like Gecko) Chrome/91.0.4472.114 Safari/537.36','YTo0OntzOjY6Il90b2tlbiI7czo0MDoiVjZEcUszdmkzTGd3THo4c2JVcURYY2YwdFRSN3FadHBlU1pWQWRDZyI7czo5OiJfcHJldmlvdXMiO2E6MTp7czozOiJ1cmwiO3M6Mjc6Imh0dHA6Ly8xMjcuMC4wLjE6ODAwMC9sb2dpbiI7fXM6NjoiX2ZsYXNoIjthOjI6e3M6Mzoib2xkIjthOjA6e31zOjM6Im5ldyI7YTowOnt9fXM6MzoidXJsIjthOjE6e3M6ODoiaW50ZW5kZWQiO3M6MzE6Imh0dHA6Ly8xMjcuMC4wLjE6ODAwMC9kYXNoYm9hcmQiO319',1645700087);
/*!40000 ALTER TABLE `sessions` ENABLE KEYS */;
UNLOCK TABLES;

--
-- Table structure for table `state`
--

DROP TABLE IF EXISTS `state`;
/*!40101 SET @saved_cs_client     = @@character_set_client */;
/*!40101 SET character_set_client = utf8 */;
CREATE TABLE `state` (
  `id` bigint(20) unsigned NOT NULL AUTO_INCREMENT,
  `name` varchar(255) COLLATE utf8mb4_unicode_ci NOT NULL,
  `UF` varchar(255) COLLATE utf8mb4_unicode_ci NOT NULL,
  `created_at` timestamp NULL DEFAULT NULL,
  `updated_at` timestamp NULL DEFAULT NULL,
  PRIMARY KEY (`id`)
) ENGINE=InnoDB AUTO_INCREMENT=28 DEFAULT CHARSET=utf8mb4 COLLATE=utf8mb4_unicode_ci;
/*!40101 SET character_set_client = @saved_cs_client */;

--
-- Dumping data for table `state`
--

LOCK TABLES `state` WRITE;
/*!40000 ALTER TABLE `state` DISABLE KEYS */;
INSERT INTO `state` VALUES (1,'Acre','AC','2022-02-24 14:38:50','2022-02-24 14:38:50'),(2,'Alagoas','AL','2022-02-24 14:38:50','2022-02-24 14:38:50'),(3,'Amap','AP','2022-02-24 14:38:50','2022-02-24 14:38:50'),(4,'Amazonas','AM','2022-02-24 14:38:50','2022-02-24 14:38:50'),(5,'Bahia','BA','2022-02-24 14:38:50','2022-02-24 14:38:50'),(6,'Cear','CE','2022-02-24 14:38:50','2022-02-24 14:38:50'),(7,'Distrito Federal','DF','2022-02-24 14:38:50','2022-02-24 14:38:50'),(8,'Esprito Santo','ES','2022-02-24 14:38:50','2022-02-24 14:38:50'),(9,'Gois','GO','2022-02-24 14:38:50','2022-02-24 14:38:50'),(10,'Maranho','MA','2022-02-24 14:38:50','2022-02-24 14:38:50'),(11,'Mato Grosso','MT','2022-02-24 14:38:50','2022-02-24 14:38:50'),(12,'Mato Grosso do Sul','MS','2022-02-24 14:38:50','2022-02-24 14:38:50'),(13,'Minas Gerais','MG','2022-02-24 14:38:50','2022-02-24 14:38:50'),(14,'Par','PA','2022-02-24 14:38:50','2022-02-24 14:38:50'),(15,'Paraba','PB','2022-02-24 14:38:50','2022-02-24 14:38:50'),(16,'Paran','PR','2022-02-24 14:38:50','2022-02-24 14:38:50'),(17,'Pernambuco','PE','2022-02-24 14:38:50','2022-02-24 14:38:50'),(18,'Piau','PI','2022-02-24 14:38:50','2022-02-24 14:38:50'),(19,'Rio de Janeiro','RJ','2022-02-24 14:38:50','2022-02-24 14:38:50'),(20,'Rio Grande do Norte','RN','2022-02-24 14:38:50','2022-02-24 14:38:50'),(21,'Rio Grande do Sul','RS','2022-02-24 14:38:50','2022-02-24 14:38:50'),(22,'Rondnia','RO','2022-02-24 14:38:50','2022-02-24 14:38:50'),(23,'Roraima','RR','2022-02-24 14:38:50','2022-02-24 14:38:50'),(24,'Santa Catarina','SC','2022-02-24 14:38:50','2022-02-24 14:38:50'),(25,'So Paulo','SP','2022-02-24 14:38:50','2022-02-24 14:38:50'),(26,'Sergipe','SE','2022-02-24 14:38:50','2022-02-24 14:38:50'),(27,'Tocantins','TO','2022-02-24 14:38:50','2022-02-24 14:38:50');
/*!40000 ALTER TABLE `state` ENABLE KEYS */;
UNLOCK TABLES;

--
-- Table structure for table `users`
--

DROP TABLE IF EXISTS `users`;
/*!40101 SET @saved_cs_client     = @@character_set_client */;
/*!40101 SET character_set_client = utf8 */;
CREATE TABLE `users` (
  `id` bigint(20) unsigned NOT NULL AUTO_INCREMENT,
  `name` varchar(255) COLLATE utf8mb4_unicode_ci NOT NULL,
  `email` varchar(255) COLLATE utf8mb4_unicode_ci NOT NULL,
  `api_token` varchar(255) COLLATE utf8mb4_unicode_ci NOT NULL,
  `email_verified_at` timestamp NULL DEFAULT NULL,
  `password` varchar(255) COLLATE utf8mb4_unicode_ci NOT NULL,
  `two_factor_secret` text COLLATE utf8mb4_unicode_ci DEFAULT NULL,
  `two_factor_recovery_codes` text COLLATE utf8mb4_unicode_ci DEFAULT NULL,
  `remember_token` varchar(100) COLLATE utf8mb4_unicode_ci DEFAULT NULL,
  `created_at` timestamp NULL DEFAULT NULL,
  `updated_at` timestamp NULL DEFAULT NULL,
  PRIMARY KEY (`id`),
  UNIQUE KEY `users_email_unique` (`email`),
  UNIQUE KEY `users_api_token_unique` (`api_token`)
) ENGINE=InnoDB AUTO_INCREMENT=2 DEFAULT CHARSET=utf8mb4 COLLATE=utf8mb4_unicode_ci;
/*!40101 SET character_set_client = @saved_cs_client */;

--
-- Dumping data for table `users`
--

LOCK TABLES `users` WRITE;
/*!40000 ALTER TABLE `users` DISABLE KEYS */;
INSERT INTO `users` VALUES (1,'QLDv1B0WF0hsCMNLuRc8','n6afbzm42rru3sWaVoJB','1                                                       ',NULL,'3oyrJrbxYHPZwtUS3GAs',NULL,NULL,NULL,'2022-02-24 14:38:52','2022-02-24 14:38:52');
/*!40000 ALTER TABLE `users` ENABLE KEYS */;
UNLOCK TABLES;
/*!40103 SET TIME_ZONE=@OLD_TIME_ZONE */;

/*!40101 SET SQL_MODE=@OLD_SQL_MODE */;
/*!40014 SET FOREIGN_KEY_CHECKS=@OLD_FOREIGN_KEY_CHECKS */;
/*!40014 SET UNIQUE_CHECKS=@OLD_UNIQUE_CHECKS */;
/*!40101 SET CHARACTER_SET_CLIENT=@OLD_CHARACTER_SET_CLIENT */;
/*!40101 SET CHARACTER_SET_RESULTS=@OLD_CHARACTER_SET_RESULTS */;
/*!40101 SET COLLATION_CONNECTION=@OLD_COLLATION_CONNECTION */;
/*!40111 SET SQL_NOTES=@OLD_SQL_NOTES */;

-- Dump completed on 2023-01-03 11:11:46
